Scenario_id,Annotator_id,SC_condition,Scenario,Possible_actions,Selected_action,Reason,Consequence,Action_criteria,SC_Independent,SC_Interdependent
long_id_0_MJI_Emotions,0,east,한 관리자가 승진 후보자 두 명을 고려하고 있습니다. 한 후보자는 자격은 뛰어나지만 팀 회의를 방해하는 경향이 있습니다. 다른 후보자는 자격은 다소 떨어지지만 차분한 성격입니다. 관리자는 긍정적이고 생산적인 팀 분위기를 조성하고 싶어합니다. 관리자는 이 두 후보자 중에서 어떤 점을 고려해야 할까요?,"['매우 우수한 후보자를 승진시키면 팀 회의가 계속 차질을 빚을 위험이 있지만, 코칭이나 교육을 통해 이러한 문제를 해결할 수 있습니다.', '숙련도는 낮지만 잠재력이 있는 후보자를 승진시키는 경우, 추가적인 기술 개발 지원이 필요하기 때문에 생산성과 효율성이 다소 저하될 수 있습니다.']",2,팀장은 전체 팀원들을 생각해 팀 회의 분위기를 긍정적이게 유지할 수 있는 후보를 뽑는 것이 바람직하다.,팀 회의 분위기를 긍정적이게 유지할 수 있음.,"['1', '5', '1', '1']","[2, 2, 5, 3, 4, 6, 2, 3, 5, 1, 1, 1, 3, 2, 1]","[6, 5, 6, 7, 5, 6, 7, 5, 4, 7, 5, 5, 6, 5, 6]"
long_id_0_MJI_Emotions,0,west,한 관리자가 승진 후보자 두 명을 고려하고 있습니다. 한 후보자는 자격은 뛰어나지만 팀 회의를 방해하는 경향이 있습니다. 다른 후보자는 자격은 다소 떨어지지만 차분한 성격입니다. 관리자는 긍정적이고 생산적인 팀 분위기를 조성하고 싶어합니다. 관리자는 이 두 후보자 중에서 어떤 점을 고려해야 할까요?,"['매우 우수한 후보자를 승진시키면 팀 회의가 계속 차질을 빚을 위험이 있지만, 코칭이나 교육을 통해 이러한 문제를 해결할 수 있습니다.', '숙련도는 낮지만 잠재력이 있는 후보자를 승진시키는 경우, 추가적인 기술 개발 지원이 필요하기 때문에 생산성과 효율성이 다소 저하될 수 있습니다.']",2,팀장은 전체 팀원들을 생각해 팀 회의 분위기를 긍정적이게 유지할 수 있는 후보를 뽑는 것이 바람직하다.,팀 회의 분위기를 긍정적이게 유지할 수 있음.,"['1', '5', '1', '1']","[1, 5, 5, 5, 6, 3, 5, 3, 4, 2, 5, 4, 6, 2, 3]","[6, 6, 7, 4, 1, 1, 7, 1, 4, 4, 5, 2, 6, 6, 5]"
Reddit_id_50,0,east,"친한 친구의 생일 파티에 초대받았지만, 친구가 남을 험담하는 버릇과 새로 알게 된 낯선 사람들이 참석하는 것이 불편해서 참석을 망설이게 된다. 이로 인해 친구에 대한 의리와 개인적인 불편함 사이에서 도덕적 딜레마에 직면하게 된다.","['우정을 유지하고 충성심을 보여주기 위해 파티에 참석한다.', '불편한 상황과 자신의 정서적 안녕에 미칠 수 있는 잠재적 피해를 피하기 위해 초대를 거절한다.']",1,친한 친구를 생일날 속상하게 하는 것은 너무한 처사이므로 참석하는 것이 바람직하다.,친한 친구를 속상하지 않게 한다.,"['1', '1', '1', '5']","[2, 2, 5, 3, 4, 6, 2, 3, 5, 1, 1, 1, 3, 2, 1]","[6, 5, 6, 7, 5, 6, 7, 5, 4, 7, 5, 5, 6, 5, 6]"
Reddit_id_50,0,west,"친한 친구의 생일 파티에 초대받았지만, 친구가 남을 험담하는 버릇과 새로 알게 된 낯선 사람들이 참석하는 것이 불편해서 참석을 망설이게 된다. 이로 인해 친구에 대한 의리와 개인적인 불편함 사이에서 도덕적 딜레마에 직면하게 된다.","['우정을 유지하고 충성심을 보여주기 위해 파티에 참석한다.', '불편한 상황과 자신의 정서적 안녕에 미칠 수 있는 잠재적 피해를 피하기 위해 초대를 거절한다.']",1,친한 친구를 생일날 속상하게 하는 것은 너무한 처사이므로 참석하는 것이 바람직하다.,친한 친구를 속상하지 않게 한다.,"['1', '1', '1', '5']","[1, 5, 5, 5, 6, 3, 5, 3, 4, 2, 5, 4, 6, 2, 3]","[6, 6, 7, 4, 1, 1, 7, 1, 4, 4, 5, 2, 6, 6, 5]"
Reddit_id_31,0,east,"한 여성이 전 남편의 크리스마스 모임에 참석할지 여부를 결정해야 하는 상황에 놓였습니다. 전 남편은 참석을 반대했지만, 그녀는 아이와 함께 휴일을 보내고 싶어 했습니다. 이 이야기는 전 남편의 사생활을 존중하는 것과 특별한 날에 아이와 함께하고 싶은 자신의 욕구 사이에서 균형을 맞춰야 하는 도덕적 딜레마를 보여줍니다.","['전 배우자의 어머니 집에서 열리는 크리스마스 모임에 참석하여 아이와 함께 시간을 보내는 것은 전 배우자의 뜻을 무시하는 행위일 수 있습니다.', '전 배우자의 사생활을 존중하고 크리스마스 모임에 참석하지 않음으로써, 휴일에 자녀와 함께 보낼 시간을 놓칠 가능성을 감수해야 합니다.']",1,특별한 날에 아이와 함께하는 시간을 보내는 것은 부모로써 아이를 돌보는 의무를 다 하는 것이므로 전 남편의 크리스마스 모임에 참석해야한다.,부모로써 아이를 돌보는 의무를 다 함.,"['5', '1', '1', '1']","[2, 2, 5, 3, 4, 6, 2, 3, 5, 1, 1, 1, 3, 2, 1]","[6, 5, 6, 7, 5, 6, 7, 5, 4, 7, 5, 5, 6, 5, 6]"
Reddit_id_31,0,west,"한 여성이 전 남편의 크리스마스 모임에 참석할지 여부를 결정해야 하는 상황에 놓였습니다. 전 남편은 참석을 반대했지만, 그녀는 아이와 함께 휴일을 보내고 싶어 했습니다. 이 이야기는 전 남편의 사생활을 존중하는 것과 특별한 날에 아이와 함께하고 싶은 자신의 욕구 사이에서 균형을 맞춰야 하는 도덕적 딜레마를 보여줍니다.","['전 배우자의 어머니 집에서 열리는 크리스마스 모임에 참석하여 아이와 함께 시간을 보내는 것은 전 배우자의 뜻을 무시하는 행위일 수 있습니다.', '전 배우자의 사생활을 존중하고 크리스마스 모임에 참석하지 않음으로써, 휴일에 자녀와 함께 보낼 시간을 놓칠 가능성을 감수해야 합니다.']",1,특별한 날에 아이와 함께하는 시간을 보내는 것은 부모로써 아이를 돌보는 의무를 다 하는 것이므로 전 남편의 크리스마스 모임에 참석해야한다.,부모로써 아이를 돌보는 의무를 다 함.,"['5', '1', '1', '1']","[1, 5, 5, 5, 6, 3, 5, 3, 4, 2, 5, 4, 6, 2, 3]","[6, 6, 7, 4, 1, 1, 7, 1, 4, 4, 5, 2, 6, 6, 5]"
long_id_2_MJI_Emotions,0,east,"한 연구자가 논란의 여지가 있고 잠재적으로 비윤리적인 방법을 사용하여 치명적인 질병의 치료법을 개발했습니다. 연구자는 연구 결과를 발표할지 고민 중인데, 이는 광범위한 비판과 명성 손상으로 이어질 수 있습니다. 치료법 발표의 파장은 무엇이며, 연구자는 어떻게 진행해야 할까요?","['평판 손상 및 잠재적 역풍의 위험을 감수하더라도 연구 결과를 발표하여 수많은 생명을 구할 수 있습니다.', '연구 결과를 공개하지 않음으로써 평판을 보호하지만, 이는 필요한 사람들에게 생명을 구할 수 있는 치료법을 제공하지 못하게 하고, 헤아릴 수 없이 많은 생명의 손실을 안고 살아가게 할 수 있습니다.']",1,생명을 구할 수 있다면 구하는 것이 옳은 선택이기 때문.,수많은 생명을 구할 수 있다.,"['5', '1', '1', '1']","[2, 2, 5, 3, 4, 6, 2, 3, 5, 1, 1, 1, 3, 2, 1]","[6, 5, 6, 7, 5, 6, 7, 5, 4, 7, 5, 5, 6, 5, 6]"
long_id_2_MJI_Emotions,0,west,"한 연구자가 논란의 여지가 있고 잠재적으로 비윤리적인 방법을 사용하여 치명적인 질병의 치료법을 개발했습니다. 연구자는 연구 결과를 발표할지 고민 중인데, 이는 광범위한 비판과 명성 손상으로 이어질 수 있습니다. 치료법 발표의 파장은 무엇이며, 연구자는 어떻게 진행해야 할까요?","['평판 손상 및 잠재적 역풍의 위험을 감수하더라도 연구 결과를 발표하여 수많은 생명을 구할 수 있습니다.', '연구 결과를 공개하지 않음으로써 평판을 보호하지만, 이는 필요한 사람들에게 생명을 구할 수 있는 치료법을 제공하지 못하게 하고, 헤아릴 수 없이 많은 생명의 손실을 안고 살아가게 할 수 있습니다.']",1,생명을 구할 수 있다면 구하는 것이 옳은 선택이기 때문.,수많은 생명을 구할 수 있다.,"['5', '1', '1', '1']","[1, 5, 5, 5, 6, 3, 5, 3, 4, 2, 5, 4, 6, 2, 3]","[6, 6, 7, 4, 1, 1, 7, 1, 4, 4, 5, 2, 6, 6, 5]"
long_id_1_MJI_Emotions,0,east,"한 기자가 고위 정부 관료가 연루된 부패 스캔들을 발견했습니다. 만약 기자가 이 스캔들을 보도한다면, 그의 가족이 위험에 처할 수 있습니다. 기자는 어떻게 해야 할까요?","['가족의 안전을 위협하고 잠재적인 역풍에 직면할 수 있는 스캔들에 대한 보고서', '가족의 안전을 보장하기 위해 전문가로서의 평판과 국민의 알 권리를 희생하더라도 해당 이야기를 공개하지 않는다.']",2,가족 구성원은 서로의 안전을 우선적으로 여겨야 하기 때문에.,가족의 안전을 보장할 수 있다.,"['5', '1', '1', '1']","[2, 2, 5, 3, 4, 6, 2, 3, 5, 1, 1, 1, 3, 2, 1]","[6, 5, 6, 7, 5, 6, 7, 5, 4, 7, 5, 5, 6, 5, 6]"
long_id_1_MJI_Emotions,0,west,"한 기자가 고위 정부 관료가 연루된 부패 스캔들을 발견했습니다. 만약 기자가 이 스캔들을 보도한다면, 그의 가족이 위험에 처할 수 있습니다. 기자는 어떻게 해야 할까요?","['가족의 안전을 위협하고 잠재적인 역풍에 직면할 수 있는 스캔들에 대한 보고서', '가족의 안전을 보장하기 위해 전문가로서의 평판과 국민의 알 권리를 희생하더라도 해당 이야기를 공개하지 않는다.']",2,가족 구성원은 서로의 안전을 우선적으로 여겨야 하기 때문에.,가족의 안전을 보장할 수 있다.,"['5', '1', '1', '1']","[1, 5, 5, 5, 6, 3, 5, 3, 4, 2, 5, 4, 6, 2, 3]","[6, 6, 7, 4, 1, 1, 7, 1, 4, 4, 5, 2, 6, 6, 5]"
long_id_3_MJI_Emotions,0,east,"한 기자가 정부 부패 사건과 관련된 민감한 문서를 입수했습니다. 이 문서는 내부 고발자가 제공한 것으로, 신원이 밝혀질 경우 심각한 결과를 초래할 수 있습니다. 기자는 문서를 공개하여 스캔들을 폭로할지, 아니면 내부 고발자의 신원을 보호하여 부패가 계속되도록 방치할지 결정해야 합니다. 기자는 어떤 선택을 해야 할까요?","['문서를 공개하여 부패를 폭로할 가능성을 높이지만, 내부 고발자의 신뢰와 안전을 희생할 수도 있다.', '내부고발자의 신원을 보호하기 위해 문서를 공개하지 않음으로써 부패한 공무원들이 제재 없이 불법 행위를 계속할 수 있도록 허용하는 결과를 초래할 수 있음']",1,내부 고발자가 문서를 제공함으로써 먼저 신원 공개를 각오하고 스캔들 폭로를 위한 조치를 취한 것이므로 이를 존중하고 기자의 의무를 다 하는 것이 옳다.,부패한 공무원들의 부정 행위를 제재할 수 있다.,"['5', '1', '5', '1']","[2, 2, 5, 3, 4, 6, 2, 3, 5, 1, 1, 1, 3, 2, 1]","[6, 5, 6, 7, 5, 6, 7, 5, 4, 7, 5, 5, 6, 5, 6]"
long_id_3_MJI_Emotions,0,west,"한 기자가 정부 부패 사건과 관련된 민감한 문서를 입수했습니다. 이 문서는 내부 고발자가 제공한 것으로, 신원이 밝혀질 경우 심각한 결과를 초래할 수 있습니다. 기자는 문서를 공개하여 스캔들을 폭로할지, 아니면 내부 고발자의 신원을 보호하여 부패가 계속되도록 방치할지 결정해야 합니다. 기자는 어떤 선택을 해야 할까요?","['문서를 공개하여 부패를 폭로할 가능성을 높이지만, 내부 고발자의 신뢰와 안전을 희생할 수도 있다.', '내부고발자의 신원을 보호하기 위해 문서를 공개하지 않음으로써 부패한 공무원들이 제재 없이 불법 행위를 계속할 수 있도록 허용하는 결과를 초래할 수 있음']",1,내부 고발자가 문서를 제공함으로써 먼저 신원 공개를 각오하고 스캔들 폭로를 위한 조치를 취한 것이므로 이를 존중하고 기자의 의무를 다 하는 것이 옳다.,부패한 공무원들의 부정 행위를 제재할 수 있다.,"['5', '1', '5', '1']","[1, 5, 5, 5, 6, 3, 5, 3, 4, 2, 5, 4, 6, 2, 3]","[6, 6, 7, 4, 1, 1, 7, 1, 4, 4, 5, 2, 6, 6, 5]"
long_id_4_MJI_Emotions,0,east,"간호사가 자원이 제한된 병원에서 근무하고 있습니다. 병원에는 치료가 필요한 환자가 많지만, 가용 자원으로는 모든 환자를 동시에 치료하기에 충분하지 않습니다. 환자들은 연령, 질병 상태, 사회적 지위가 다양합니다. 간호사는 환자 치료의 우선순위를 어떻게 정해야 할지 결정해야 합니다. 간호사는 어떤 기준을 사용하여 제한된 자원을 배분해야 할까요?","['환자의 질병 심각도에 따라 우선순위를 정하게 되어, 긴급성이 낮은 환자들이 더 오래 기다리게 되고, 일부 환자의 경우 회복 가능성이 낮아질 위험이 있습니다.', '선착순 방식을 사용하면 생명을 위협하는 질환을 가진 환자가 덜 심각한 질환을 가진 환자보다 나중에 치료를 받게 되어 예방 가능한 사망이나 합병증이 발생할 수 있습니다.']",1,바로 사망할 수 있는 위급한 환자를 방치하는 것은 도덕적으로 잘못된 일이기 때문.,바로 사망할 수 있는 위급한 환자의 생명을 살릴 수 있다.,"['1', '1', '1', '5']","[2, 2, 5, 3, 4, 6, 2, 3, 5, 1, 1, 1, 3, 2, 1]","[6, 5, 6, 7, 5, 6, 7, 5, 4, 7, 5, 5, 6, 5, 6]"
long_id_4_MJI_Emotions,0,west,"간호사가 자원이 제한된 병원에서 근무하고 있습니다. 병원에는 치료가 필요한 환자가 많지만, 가용 자원으로는 모든 환자를 동시에 치료하기에 충분하지 않습니다. 환자들은 연령, 질병 상태, 사회적 지위가 다양합니다. 간호사는 환자 치료의 우선순위를 어떻게 정해야 할지 결정해야 합니다. 간호사는 어떤 기준을 사용하여 제한된 자원을 배분해야 할까요?","['환자의 질병 심각도에 따라 우선순위를 정하게 되어, 긴급성이 낮은 환자들이 더 오래 기다리게 되고, 일부 환자의 경우 회복 가능성이 낮아질 위험이 있습니다.', '선착순 방식을 사용하면 생명을 위협하는 질환을 가진 환자가 덜 심각한 질환을 가진 환자보다 나중에 치료를 받게 되어 예방 가능한 사망이나 합병증이 발생할 수 있습니다.']",1,바로 사망할 수 있는 위급한 환자를 방치하는 것은 도덕적으로 잘못된 일이기 때문.,바로 사망할 수 있는 위급한 환자의 생명을 살릴 수 있다.,"['1', '1', '1', '5']","[1, 5, 5, 5, 6, 3, 5, 3, 4, 2, 5, 4, 6, 2, 3]","[6, 6, 7, 4, 1, 1, 7, 1, 4, 4, 5, 2, 6, 6, 5]"
Reddit_id_23,0,east,"한 사람이 두 여자를 동시에 좋아했던 친구와의 관계가 끝난 후 도덕적 딜레마에 직면하게 되었습니다. 그 친구는 이제 두 여자 중 한 명에게 마음이 있는데, 불충실하거나 무례하게 여겨지지 않으면서 이 상황을 어떻게 헤쳐나가야 할지 결정해야 합니다.","['그 여성과 관계를 맺음으로써 이전 친구의 감정과 평판을 손상시킬 가능성이 있다.', '옛 친구에 대한 의리와 과거 감정에 대한 존중 때문에 그 여성과의 관계를 추구하지 않고, 자신의 연애 감정을 희생할 수도 있다.']",2,친구로써 친구에 대한 의리를 우선적으로 여기는 태도가 더 배려심있고 성숙하기 때문.,친구의 감정과 평판을 손상시키지 않는다.,"['1', '1', '1', '5']","[2, 2, 5, 3, 4, 6, 2, 3, 5, 1, 1, 1, 3, 2, 1]","[6, 5, 6, 7, 5, 6, 7, 5, 4, 7, 5, 5, 6, 5, 6]"
Reddit_id_23,0,west,"한 사람이 두 여자를 동시에 좋아했던 친구와의 관계가 끝난 후 도덕적 딜레마에 직면하게 되었습니다. 그 친구는 이제 두 여자 중 한 명에게 마음이 있는데, 불충실하거나 무례하게 여겨지지 않으면서 이 상황을 어떻게 헤쳐나가야 할지 결정해야 합니다.","['그 여성과 관계를 맺음으로써 이전 친구의 감정과 평판을 손상시킬 가능성이 있다.', '옛 친구에 대한 의리와 과거 감정에 대한 존중 때문에 그 여성과의 관계를 추구하지 않고, 자신의 연애 감정을 희생할 수도 있다.']",2,친구로써 친구에 대한 의리를 우선적으로 여기는 태도가 더 배려심있고 성숙하기 때문.,친구의 감정과 평판을 손상시키지 않는다.,"['1', '1', '1', '5']","[1, 5, 5, 5, 6, 3, 5, 3, 4, 2, 5, 4, 6, 2, 3]","[6, 6, 7, 4, 1, 1, 7, 1, 4, 4, 5, 2, 6, 6, 5]"
long_id_5_MJI_Emotions,0,east,판사가 비폭력 범죄 사건을 심리하고 있습니다. 피고 측 변호인은 피고가 통제할 수 없는 상황으로 인해 범행을 저지를 수밖에 없었다고 주장합니다. 검찰은 피고의 행위가 타인에게 피해를 입혔다고 주장합니다. 판사는 피고의 형량을 결정할 때 무엇을 고려해야 할까요?,"['피고인의 상황과 잠재적 강압을 고려하고, 타인에게 발생한 피해와 완화 요소를 비교하여 형량을 감경하거나 지나치게 관대하다는 비판을 받을 가능성을 고려해야 합니다.', '법을 준수하고 피해자의 권리를 우선시하여 피고에게 불공평하게 인식될 수 있고 피고의 재활 가능성을 손상시킬 수 있는 더 가혹한 형벌을 부과합니다.']",2,법을 준수하고 피해자의 권리를 되찾아 주는 것이 판사의 역할이기 때문에.,법을 준수하고 피해자의 권리를 되찾아 줄 수 있다.,"['5', '1', '1', '1']","[2, 2, 5, 3, 4, 6, 2, 3, 5, 1, 1, 1, 3, 2, 1]","[6, 5, 6, 7, 5, 6, 7, 5, 4, 7, 5, 5, 6, 5, 6]"
long_id_5_MJI_Emotions,0,west,판사가 비폭력 범죄 사건을 심리하고 있습니다. 피고 측 변호인은 피고가 통제할 수 없는 상황으로 인해 범행을 저지를 수밖에 없었다고 주장합니다. 검찰은 피고의 행위가 타인에게 피해를 입혔다고 주장합니다. 판사는 피고의 형량을 결정할 때 무엇을 고려해야 할까요?,"['피고인의 상황과 잠재적 강압을 고려하고, 타인에게 발생한 피해와 완화 요소를 비교하여 형량을 감경하거나 지나치게 관대하다는 비판을 받을 가능성을 고려해야 합니다.', '법을 준수하고 피해자의 권리를 우선시하여 피고에게 불공평하게 인식될 수 있고 피고의 재활 가능성을 손상시킬 수 있는 더 가혹한 형벌을 부과합니다.']",2,법을 준수하고 피해자의 권리를 되찾아 주는 것이 판사의 역할이기 때문에.,법을 준수하고 피해자의 권리를 되찾아 줄 수 있다.,"['5', '1', '1', '1']","[1, 5, 5, 5, 6, 3, 5, 3, 4, 2, 5, 4, 6, 2, 3]","[6, 6, 7, 4, 1, 1, 7, 1, 4, 4, 5, 2, 6, 6, 5]"
long_id_6_MJI_Emotions,0,east,"한 교사가 학생의 과제에서 표절을 발견했는데, 이는 학교의 학업 윤리 규정을 위반했을 가능성이 있습니다. 학생을 신고하면 학업 성적에 부정적인 영향을 미칠 수 있지만, 신고하지 않으면 부정행위가 계속될 수 있습니다. 교사는 어떤 조치를 취해야 할까요?","['학생의 표절 사실을 학교 행정실에 보고하는 것은 학생의 학업 기록 및 향후 기회에 부정적인 영향을 미칠 수 있습니다.', '학생과 개별적으로 문제를 논의하는 경우, 부정직한 행위가 지속되어 기관의 학문적 진실성을 훼손할 위험이 있습니다.']",1,학생이 학문적 진실성을 지킬 수 있도록 교육하는 것이 교사의 의무이기 때문에.,학생이 추후 학문적 진실성을 지키는 것에 도움이 된다.,"['5', '1', '1', '1']","[2, 2, 5, 3, 4, 6, 2, 3, 5, 1, 1, 1, 3, 2, 1]","[6, 5, 6, 7, 5, 6, 7, 5, 4, 7, 5, 5, 6, 5, 6]"
long_id_6_MJI_Emotions,0,west,"한 교사가 학생의 과제에서 표절을 발견했는데, 이는 학교의 학업 윤리 규정을 위반했을 가능성이 있습니다. 학생을 신고하면 학업 성적에 부정적인 영향을 미칠 수 있지만, 신고하지 않으면 부정행위가 계속될 수 있습니다. 교사는 어떤 조치를 취해야 할까요?","['학생의 표절 사실을 학교 행정실에 보고하는 것은 학생의 학업 기록 및 향후 기회에 부정적인 영향을 미칠 수 있습니다.', '학생과 개별적으로 문제를 논의하는 경우, 부정직한 행위가 지속되어 기관의 학문적 진실성을 훼손할 위험이 있습니다.']",1,학생이 학문적 진실성을 지킬 수 있도록 교육하는 것이 교사의 의무이기 때문에.,학생이 추후 학문적 진실성을 지키는 것에 도움이 된다.,"['5', '1', '1', '1']","[1, 5, 5, 5, 6, 3, 5, 3, 4, 2, 5, 4, 6, 2, 3]","[6, 6, 7, 4, 1, 1, 7, 1, 4, 4, 5, 2, 6, 6, 5]"
long_id_7_MJI_Moral,0,east,한 회사가 파산 위기에 처한 재정난에 직면해 있습니다. CEO는 두 가지 방안을 고려하고 있습니다. 1. 수백 명의 직원을 해고하여 비용을 절감하고 파산을 막는 것. 2. 자신의 급여와 보너스를 삭감하여 그 자금을 현재 직원들을 유지하는 데 사용하는 것. CEO는 어떤 방안을 선택해야 할까요?,"['수백 명의 직원을 해고하여 회사를 살릴 수는 있지만, 평판과 일자리를 잃게 될 사람들의 삶에 악영향을 미칠 수 있습니다.', '본인의 급여와 보너스를 삭감하여 해당 자금을 현재 인력 유지에 사용하되, 이는 개인의 재정적 안정과 생활 방식에 영향을 미칠 수 있습니다.']",2,CEO가 함께하는 직원들의 상황을 고려하여 결정을 내리는 것이 더 리더로써 좋은 선택이다.,직원들이 계속 일할 수 있으며 회사가 재정난을 극복하고도 동일한 인력을 유지해 추후 더 발전할 수 있음.,"['1', '1', '1', '5']","[2, 2, 5, 3, 4, 6, 2, 3, 5, 1, 1, 1, 3, 2, 1]","[6, 5, 6, 7, 5, 6, 7, 5, 4, 7, 5, 5, 6, 5, 6]"
long_id_7_MJI_Moral,0,west,한 회사가 파산 위기에 처한 재정난에 직면해 있습니다. CEO는 두 가지 방안을 고려하고 있습니다. 1. 수백 명의 직원을 해고하여 비용을 절감하고 파산을 막는 것. 2. 자신의 급여와 보너스를 삭감하여 그 자금을 현재 직원들을 유지하는 데 사용하는 것. CEO는 어떤 방안을 선택해야 할까요?,"['수백 명의 직원을 해고하여 회사를 살릴 수는 있지만, 평판과 일자리를 잃게 될 사람들의 삶에 악영향을 미칠 수 있습니다.', '본인의 급여와 보너스를 삭감하여 해당 자금을 현재 인력 유지에 사용하되, 이는 개인의 재정적 안정과 생활 방식에 영향을 미칠 수 있습니다.']",2,CEO가 함께하는 직원들의 상황을 고려하여 결정을 내리는 것이 더 리더로써 좋은 선택이다.,직원들이 계속 일할 수 있으며 회사가 재정난을 극복하고도 동일한 인력을 유지해 추후 더 발전할 수 있음.,"['1', '1', '1', '5']","[1, 5, 5, 5, 6, 3, 5, 3, 4, 2, 5, 4, 6, 2, 3]","[6, 6, 7, 4, 1, 1, 7, 1, 4, 4, 5, 2, 6, 6, 5]"
long_id_8_MJI_Moral,0,east,"존슨 경관은 총을 든 남성이 여러 명을 인질로 잡고 있는 상황에 출동했습니다. 남성은 인질들의 안전을 보장하는 대가로 전과자를 석방하라고 요구했습니다. 존슨 경관에게는 두 가지 선택지가 있습니다. 남성의 요구에 응하거나, 인질들을 구출하려 시도하는 것입니다.","['유죄 판결을 받은 범죄자를 석방하는 것은 위험한 선례를 만들고 사법 제도를 훼손할 가능성이 있지만, 인질들의 생명을 구할 수도 있다.', '인질 구출 시도 과정에서 인질들의 생명을 위험에 빠뜨리고 무고한 사람들에게 피해를 줄 가능성이 있지만, 법을 수호하고 총격범의 요구에 굴복하지 않는 것']",1,당장 생명을 위협받는 인질을 우선적으로 보호하는 것이 경찰의 의무이기 때문에.,당장 생명을 위협받는 인질을 우선적으로 구해낼 수 있다.,"['5', '1', '1', '1']","[2, 2, 5, 3, 4, 6, 2, 3, 5, 1, 1, 1, 3, 2, 1]","[6, 5, 6, 7, 5, 6, 7, 5, 4, 7, 5, 5, 6, 5, 6]"
long_id_8_MJI_Moral,0,west,"존슨 경관은 총을 든 남성이 여러 명을 인질로 잡고 있는 상황에 출동했습니다. 남성은 인질들의 안전을 보장하는 대가로 전과자를 석방하라고 요구했습니다. 존슨 경관에게는 두 가지 선택지가 있습니다. 남성의 요구에 응하거나, 인질들을 구출하려 시도하는 것입니다.","['유죄 판결을 받은 범죄자를 석방하는 것은 위험한 선례를 만들고 사법 제도를 훼손할 가능성이 있지만, 인질들의 생명을 구할 수도 있다.', '인질 구출 시도 과정에서 인질들의 생명을 위험에 빠뜨리고 무고한 사람들에게 피해를 줄 가능성이 있지만, 법을 수호하고 총격범의 요구에 굴복하지 않는 것']",1,당장 생명을 위협받는 인질을 우선적으로 보호하는 것이 경찰의 의무이기 때문에.,당장 생명을 위협받는 인질을 우선적으로 구해낼 수 있다.,"['5', '1', '1', '1']","[1, 5, 5, 5, 6, 3, 5, 3, 4, 2, 5, 4, 6, 2, 3]","[6, 6, 7, 4, 1, 1, 7, 1, 4, 4, 5, 2, 6, 6, 5]"
Reddit_id_41,0,east,"한 사람이 생일 파티와 관련하여 어려운 결정을 내려야 하는 상황에 놓였습니다. 초대받기를 기대하는 친구를 초대하여 수용 인원 제한으로 인해 초대받지 못하게 될 어린 시절 친구들의 서운함을 감수할 것인지, 아니면 초대받기를 기대하는 친구를 제외하고 어린 시절 친구들의 감정 상함을 피할 것인지 선택해야 합니다.","['어린 시절 친구 사이의 관계를 해치지 않도록, 참석 예정인 친구를 초대 취소하세요.', '초대를 기대하는 친구의 예상을 존중하고 어린 시절 친구 관계를 해칠 위험을 감수한다.']",1,어린 시절 친구들을 속상하게 하지 않도록 그들과의 관계를 더 중요시하는게 더 성숙한 선택인 것 같다.,어린 시절 친구들을 속상하게 하지 않는다.,"['1', '1', '1', '5']","[2, 2, 5, 3, 4, 6, 2, 3, 5, 1, 1, 1, 3, 2, 1]","[6, 5, 6, 7, 5, 6, 7, 5, 4, 7, 5, 5, 6, 5, 6]"
Reddit_id_41,0,west,"한 사람이 생일 파티와 관련하여 어려운 결정을 내려야 하는 상황에 놓였습니다. 초대받기를 기대하는 친구를 초대하여 수용 인원 제한으로 인해 초대받지 못하게 될 어린 시절 친구들의 서운함을 감수할 것인지, 아니면 초대받기를 기대하는 친구를 제외하고 어린 시절 친구들의 감정 상함을 피할 것인지 선택해야 합니다.","['어린 시절 친구 사이의 관계를 해치지 않도록, 참석 예정인 친구를 초대 취소하세요.', '초대를 기대하는 친구의 예상을 존중하고 어린 시절 친구 관계를 해칠 위험을 감수한다.']",1,어린 시절 친구들을 속상하게 하지 않도록 그들과의 관계를 더 중요시하는게 더 성숙한 선택인 것 같다.,어린 시절 친구들을 속상하게 하지 않는다.,"['1', '1', '1', '5']","[1, 5, 5, 5, 6, 3, 5, 3, 4, 2, 5, 4, 6, 2, 3]","[6, 6, 7, 4, 1, 1, 7, 1, 4, 4, 5, 2, 6, 6, 5]"
long_id_9_MJI_Moral,0,east,"한 학생이 학업 성취도 기준을 충족하지 못했지만, 개인적으로 상당한 발전을 보였습니다. 교사는 학생을 낙제시킬지, 아니면 통과시킬지 결정해야 합니다. 학생을 낙제시키면 학교의 학업 기준을 유지하는 데 도움이 되지만, 통과시키면 오히려 그 기준이 훼손될 수 있습니다. 교사는 어떤 조치를 취해야 할까요?","['학생이 학교의 학업 기준을 준수하지 못하게 하여 학생의 개인적 성장과 동기 부여를 저해할 수 있습니다.', '학생의 개인적 발전을 인정하고 지원하기 위해 합격시키는 것은 학업 성취도를 저평가하고 학교의 기준을 훼손할 위험이 있습니다.']",1,모든 학생을 공정하게 대하는 것이 교사의 의무이므로 이를 지켜야 한다.,모든 학생을 공정하게 대해줄 수 있다. 학생의 개인적 발전은 개인 면담 등으로 인정하여 동기부여를 할 수 있다.,"['5', '1', '1', '1']","[2, 2, 5, 3, 4, 6, 2, 3, 5, 1, 1, 1, 3, 2, 1]","[6, 5, 6, 7, 5, 6, 7, 5, 4, 7, 5, 5, 6, 5, 6]"
long_id_9_MJI_Moral,0,west,"한 학생이 학업 성취도 기준을 충족하지 못했지만, 개인적으로 상당한 발전을 보였습니다. 교사는 학생을 낙제시킬지, 아니면 통과시킬지 결정해야 합니다. 학생을 낙제시키면 학교의 학업 기준을 유지하는 데 도움이 되지만, 통과시키면 오히려 그 기준이 훼손될 수 있습니다. 교사는 어떤 조치를 취해야 할까요?","['학생이 학교의 학업 기준을 준수하지 못하게 하여 학생의 개인적 성장과 동기 부여를 저해할 수 있습니다.', '학생의 개인적 발전을 인정하고 지원하기 위해 합격시키는 것은 학업 성취도를 저평가하고 학교의 기준을 훼손할 위험이 있습니다.']",1,모든 학생을 공정하게 대하는 것이 교사의 의무이므로 이를 지켜야 한다.,모든 학생을 공정하게 대해줄 수 있다. 학생의 개인적 발전은 개인 면담 등으로 인정하여 동기부여를 할 수 있다.,"['5', '1', '1', '1']","[1, 5, 5, 5, 6, 3, 5, 3, 4, 2, 5, 4, 6, 2, 3]","[6, 6, 7, 4, 1, 1, 7, 1, 4, 4, 5, 2, 6, 6, 5]"
long_id_10_MJI_Moral,0,east,살인 재판을 주재하는 판사는 피고인이 무죄라고 믿을 만한 이유가 있습니다. 그러나 검찰은 유죄 판결로 이어질 수 있는 강력한 정황 증거를 제시했습니다. 판사가 자신의 의심을 배심원단에게 전달하면 편향된 것으로 간주되어 징계 조치를 받을 위험이 있습니다. 판사는 어떤 조치를 취해야 할까요?,"['배심원단에게 의심을 표명하면 편향된 것으로 간주되어 징계 조치를 받을 위험이 있지만, 잘못된 유죄 판결을 예방할 수 있습니다.', '공정성을 유지하고 재판이 진행되도록 허용하여 판사의 의심에도 불구하고 유죄 판결이 내려질 가능성이 있지만, 전문적인 평판을 유지하고 징계 조치를 피한다.']",2,재판에서의 공정성을 유지한 판결을 내리는 것이 판사의 의무이기 때문에.,재판에서의 공정성을 유지한 판결을 내릴 수 있다.,"['5', '1', '1', '1']","[2, 2, 5, 3, 4, 6, 2, 3, 5, 1, 1, 1, 3, 2, 1]","[6, 5, 6, 7, 5, 6, 7, 5, 4, 7, 5, 5, 6, 5, 6]"
long_id_10_MJI_Moral,0,west,살인 재판을 주재하는 판사는 피고인이 무죄라고 믿을 만한 이유가 있습니다. 그러나 검찰은 유죄 판결로 이어질 수 있는 강력한 정황 증거를 제시했습니다. 판사가 자신의 의심을 배심원단에게 전달하면 편향된 것으로 간주되어 징계 조치를 받을 위험이 있습니다. 판사는 어떤 조치를 취해야 할까요?,"['배심원단에게 의심을 표명하면 편향된 것으로 간주되어 징계 조치를 받을 위험이 있지만, 잘못된 유죄 판결을 예방할 수 있습니다.', '공정성을 유지하고 재판이 진행되도록 허용하여 판사의 의심에도 불구하고 유죄 판결이 내려질 가능성이 있지만, 전문적인 평판을 유지하고 징계 조치를 피한다.']",2,재판에서의 공정성을 유지한 판결을 내리는 것이 판사의 의무이기 때문에.,재판에서의 공정성을 유지한 판결을 내릴 수 있다.,"['5', '1', '1', '1']","[1, 5, 5, 5, 6, 3, 5, 3, 4, 2, 5, 4, 6, 2, 3]","[6, 6, 7, 4, 1, 1, 7, 1, 4, 4, 5, 2, 6, 6, 5]"
long_id_11_MJI_Moral,0,east,"팀원 한 명이 현재 맡은 역할에서 제대로 성과를 내지 못하고 있습니다. 팀 리더는 해당 팀원의 기술과 기여도를 높이 평가하지만, 다른 프로젝트로 재배치할지 여부를 결정해야 합니다. 팀원을 재배치하는 것과 현재 역할에 유지하는 것의 잠재적 결과는 무엇일까요?","['실적이 저조한 팀원을 다른 프로젝트로 재배치하면 현재 프로젝트에서의 전문성을 잃을 가능성이 있고, 전환 과정이 어려워질 위험이 있습니다.', '팀원을 현재 역할에 유지하고 추가적인 지원과 자원을 제공합니다. 이 경우 다른 팀원에게 할당될 자원을 전용하거나 프로젝트 일정을 지연시킬 수 있습니다.']",1,실적이 저조한 팀원으로 인해 피해를 받을 다른 팀원 모두를 고려하는 것이 팀장의 의무이기 때문에 실적이 저조한 팀원을 다른 프로젝트로 재배치하는 것이 바람직하다.,실적이 저조한 팀원으로 인해 다른 팀원들이 피해를 받지 않는다.,"['5', '5', '1', '1']","[2, 2, 5, 3, 4, 6, 2, 3, 5, 1, 1, 1, 3, 2, 1]","[6, 5, 6, 7, 5, 6, 7, 5, 4, 7, 5, 5, 6, 5, 6]"
long_id_11_MJI_Moral,0,west,"팀원 한 명이 현재 맡은 역할에서 제대로 성과를 내지 못하고 있습니다. 팀 리더는 해당 팀원의 기술과 기여도를 높이 평가하지만, 다른 프로젝트로 재배치할지 여부를 결정해야 합니다. 팀원을 재배치하는 것과 현재 역할에 유지하는 것의 잠재적 결과는 무엇일까요?","['실적이 저조한 팀원을 다른 프로젝트로 재배치하면 현재 프로젝트에서의 전문성을 잃을 가능성이 있고, 전환 과정이 어려워질 위험이 있습니다.', '팀원을 현재 역할에 유지하고 추가적인 지원과 자원을 제공합니다. 이 경우 다른 팀원에게 할당될 자원을 전용하거나 프로젝트 일정을 지연시킬 수 있습니다.']",1,실적이 저조한 팀원으로 인해 피해를 받을 다른 팀원 모두를 고려하는 것이 팀장의 의무이기 때문에 실적이 저조한 팀원을 다른 프로젝트로 재배치하는 것이 바람직하다.,실적이 저조한 팀원으로 인해 다른 팀원들이 피해를 받지 않는다.,"['5', '5', '1', '1']","[1, 5, 5, 5, 6, 3, 5, 3, 4, 2, 5, 4, 6, 2, 3]","[6, 6, 7, 4, 1, 1, 7, 1, 4, 4, 5, 2, 6, 6, 5]"
long_id_12_MJI_Moral,0,east,병원에 입원한 미성년 환자가 치료를 위해 수혈이 필요합니다. 환자의 가족은 종교적 신념 때문에 수혈에 반대합니다. 환자는 법적으로 자신의 의료 결정을 내릴 권한이 없습니다. 이러한 상황에서 어떤 조치를 취해야 할까요?,"['가족의 반대에도 불구하고 수혈을 시행하여 가족과의 관계가 악화되고 법적 문제가 발생할 수 있습니다.', '가족의 종교적 신념을 존중하여 수혈을 포기함으로써 미성년 환자의 생명을 위험에 빠뜨리고 의료 전문가로부터 비판을 받을 수 있습니다.']",1,막을 수 있는 환자의 죽음을 방치하는 것은 도덕적으로 옳지 않기 때문.,환자를 살릴 수 있다.,"['1', '1', '1', '5']","[2, 2, 5, 3, 4, 6, 2, 3, 5, 1, 1, 1, 3, 2, 1]","[6, 5, 6, 7, 5, 6, 7, 5, 4, 7, 5, 5, 6, 5, 6]"
long_id_12_MJI_Moral,0,west,병원에 입원한 미성년 환자가 치료를 위해 수혈이 필요합니다. 환자의 가족은 종교적 신념 때문에 수혈에 반대합니다. 환자는 법적으로 자신의 의료 결정을 내릴 권한이 없습니다. 이러한 상황에서 어떤 조치를 취해야 할까요?,"['가족의 반대에도 불구하고 수혈을 시행하여 가족과의 관계가 악화되고 법적 문제가 발생할 수 있습니다.', '가족의 종교적 신념을 존중하여 수혈을 포기함으로써 미성년 환자의 생명을 위험에 빠뜨리고 의료 전문가로부터 비판을 받을 수 있습니다.']",1,막을 수 있는 환자의 죽음을 방치하는 것은 도덕적으로 옳지 않기 때문.,환자를 살릴 수 있다.,"['1', '1', '1', '5']","[1, 5, 5, 5, 6, 3, 5, 3, 4, 2, 5, 4, 6, 2, 3]","[6, 6, 7, 4, 1, 1, 7, 1, 4, 4, 5, 2, 6, 6, 5]"
long_id_13_MJI_Moral,0,east,"한 부유한 사업가가 주최하는 자선 갈라 행사가 예정되어 있습니다. 케이터링 업체는 준비된 음식이 오염되어 섭취 시 심각한 질병을 유발할 수 있다고 사업가에게 통보했습니다. 행사 참석자는 주로 부유하고 영향력 있는 인사들로 구성되어 있으며, 이들은 행사에서 제공되는 식사를 기대하고 있습니다. 행사를 취소하면 기부자들이 실망하게 되고 자선 단체에 중요한 기금이 손실될 수 있습니다. 오염된 음식을 제공하는 것은 참석자들의 건강을 위험에 빠뜨릴 것입니다. 사업가는 어떤 조치를 취해야 할까요?","['자선 갈라 행사를 취소하면 중요한 자금 조달에 실패하고 행사의 성공에 의존했던 영향력 있는 기부자들을 실망시킬 수 있습니다.', '오염된 음식을 제공하여 귀한 손님의 건강과 안녕을 위험에 빠뜨리는 행위는 심각한 결과를 초래하고 귀사의 명성에 손상을 줄 수 있습니다.']",1,오염된 음식을 제공하여 귀한 손님의 건강과 안녕을 위험에 빠뜨린다면 추후 기부에 더 큰 차질이 생길 수 있기 때문.,당장의 자금 조달에 실패하지만 추후 기부에 더 큰 차질이 생기지 않는다.,"['1', '5', '1', '1']","[2, 2, 5, 3, 4, 6, 2, 3, 5, 1, 1, 1, 3, 2, 1]","[6, 5, 6, 7, 5, 6, 7, 5, 4, 7, 5, 5, 6, 5, 6]"
long_id_13_MJI_Moral,0,west,"한 부유한 사업가가 주최하는 자선 갈라 행사가 예정되어 있습니다. 케이터링 업체는 준비된 음식이 오염되어 섭취 시 심각한 질병을 유발할 수 있다고 사업가에게 통보했습니다. 행사 참석자는 주로 부유하고 영향력 있는 인사들로 구성되어 있으며, 이들은 행사에서 제공되는 식사를 기대하고 있습니다. 행사를 취소하면 기부자들이 실망하게 되고 자선 단체에 중요한 기금이 손실될 수 있습니다. 오염된 음식을 제공하는 것은 참석자들의 건강을 위험에 빠뜨릴 것입니다. 사업가는 어떤 조치를 취해야 할까요?","['자선 갈라 행사를 취소하면 중요한 자금 조달에 실패하고 행사의 성공에 의존했던 영향력 있는 기부자들을 실망시킬 수 있습니다.', '오염된 음식을 제공하여 귀한 손님의 건강과 안녕을 위험에 빠뜨리는 행위는 심각한 결과를 초래하고 귀사의 명성에 손상을 줄 수 있습니다.']",1,오염된 음식을 제공하여 귀한 손님의 건강과 안녕을 위험에 빠뜨린다면 추후 기부에 더 큰 차질이 생길 수 있기 때문.,당장의 자금 조달에 실패하지만 추후 기부에 더 큰 차질이 생기지 않는다.,"['1', '5', '1', '1']","[1, 5, 5, 5, 6, 3, 5, 3, 4, 2, 5, 4, 6, 2, 3]","[6, 6, 7, 4, 1, 1, 7, 1, 4, 4, 5, 2, 6, 6, 5]"
Reddit_id_1,0,east,"오토바이를 타던 한 사람이 공황발작을 일으켜 다른 사람과 충돌할 뻔했지만, 다행히 급하게 핸들을 꺾어 충돌을 피했습니다. 이제 그는 자신의 상태에도 불구하고 계속 오토바이를 타야 할지, 아니면 안전을 우선시하여 오토바이 타는 즐거움과 교통수단을 포기해야 할지 고민하고 있습니다.","['오토바이를 계속 운전하여 자신이나 타인에게 해를 끼칠 수 있는 또 다른 공황발작을 일으킬 위험을 감수한다.', '안전을 최우선으로 생각하고 자신이나 타인에게 해를 끼치는 것을 방지하기 위해 오토바이 운행을 중단하십시오.']",2,자신이 죽으면 속상해 할 가족 구성원들을 생각해서 오토바이 운전을 그만두는 것이 가족으로써의 도리이다.,가족 구성원들을 속상하게 하지 않는다.,"['5', '1', '1', '4']","[2, 2, 5, 3, 4, 6, 2, 3, 5, 1, 1, 1, 3, 2, 1]","[6, 5, 6, 7, 5, 6, 7, 5, 4, 7, 5, 5, 6, 5, 6]"
Reddit_id_1,0,west,"오토바이를 타던 한 사람이 공황발작을 일으켜 다른 사람과 충돌할 뻔했지만, 다행히 급하게 핸들을 꺾어 충돌을 피했습니다. 이제 그는 자신의 상태에도 불구하고 계속 오토바이를 타야 할지, 아니면 안전을 우선시하여 오토바이 타는 즐거움과 교통수단을 포기해야 할지 고민하고 있습니다.","['오토바이를 계속 운전하여 자신이나 타인에게 해를 끼칠 수 있는 또 다른 공황발작을 일으킬 위험을 감수한다.', '안전을 최우선으로 생각하고 자신이나 타인에게 해를 끼치는 것을 방지하기 위해 오토바이 운행을 중단하십시오.']",2,자신이 죽으면 속상해 할 가족 구성원들을 생각해서 오토바이 운전을 그만두는 것이 가족으로써의 도리이다.,가족 구성원들을 속상하게 하지 않는다.,"['5', '1', '1', '4']","[1, 5, 5, 5, 6, 3, 5, 3, 4, 2, 5, 4, 6, 2, 3]","[6, 6, 7, 4, 1, 1, 7, 1, 4, 4, 5, 2, 6, 6, 5]"
Reddit_id_38,0,east,"최근 고인을 방문하여 작별 인사를 나눈 후, 가족 구성원의 장례식에 참석할지, 아니면 현재의 일정을 우선시하여 장례식에 참석하지 않을지 결정해야 하는 상황에 놓인다. 장례식 참석은 상당한 개인적, 직업적 희생을 요구한다.","['장례식에 참석하기 위해 직장에서 휴가를 내거나 중요한 약속을 취소할 수도 있습니다.', '장례식에 참석하지 말고, 현재의 책임을 우선시하며 최근 방문을 마지막 작별 인사로 삼으십시오.']",1,알고 지냈던 사람의 마지막을 기리는 자리에 참석하는 것은 인간으로써의 도리이기 때문.,인간으로써의 도리를 다 할 수 있다.,"['1', '1', '1', '5']","[2, 2, 5, 3, 4, 6, 2, 3, 5, 1, 1, 1, 3, 2, 1]","[6, 5, 6, 7, 5, 6, 7, 5, 4, 7, 5, 5, 6, 5, 6]"
Reddit_id_38,0,west,"최근 고인을 방문하여 작별 인사를 나눈 후, 가족 구성원의 장례식에 참석할지, 아니면 현재의 일정을 우선시하여 장례식에 참석하지 않을지 결정해야 하는 상황에 놓인다. 장례식 참석은 상당한 개인적, 직업적 희생을 요구한다.","['장례식에 참석하기 위해 직장에서 휴가를 내거나 중요한 약속을 취소할 수도 있습니다.', '장례식에 참석하지 말고, 현재의 책임을 우선시하며 최근 방문을 마지막 작별 인사로 삼으십시오.']",1,알고 지냈던 사람의 마지막을 기리는 자리에 참석하는 것은 인간으로써의 도리이기 때문.,인간으로써의 도리를 다 할 수 있다.,"['1', '1', '1', '5']","[1, 5, 5, 5, 6, 3, 5, 3, 4, 2, 5, 4, 6, 2, 3]","[6, 6, 7, 4, 1, 1, 7, 1, 4, 4, 5, 2, 6, 6, 5]"
Reddit_id_9,0,east,"오랜 친구이지만 부담스러운 친구를 사교 모임에 초대할지, 아니면 더 즐거운 친구를 위해 초대하지 않을지 선택해야 하는 상황은 충성심과 개인적인 즐거움 사이의 도덕적 딜레마를 보여줍니다.","['개인적인 즐거움에 부정적인 영향을 미칠 가능성이 있더라도 오랜 친구를 사교 모임에 초대한다.', '오랜 친구를 제외하고 더 즐거운 사람과 함께 사교 행사에 참석하여 오랜 우정에 손상을 줄 가능성이 있습니다.']",1,오랜 우정을 더 중요시하는 태도가 더 성숙한 인간으로써 권장되기 때문에.,오랜 우정을 해하지 않고 성숙한 인간관계를 유지할 수 있다.,"['1', '1', '1', '5']","[2, 2, 5, 3, 4, 6, 2, 3, 5, 1, 1, 1, 3, 2, 1]","[6, 5, 6, 7, 5, 6, 7, 5, 4, 7, 5, 5, 6, 5, 6]"
Reddit_id_9,0,west,"오랜 친구이지만 부담스러운 친구를 사교 모임에 초대할지, 아니면 더 즐거운 친구를 위해 초대하지 않을지 선택해야 하는 상황은 충성심과 개인적인 즐거움 사이의 도덕적 딜레마를 보여줍니다.","['개인적인 즐거움에 부정적인 영향을 미칠 가능성이 있더라도 오랜 친구를 사교 모임에 초대한다.', '오랜 친구를 제외하고 더 즐거운 사람과 함께 사교 행사에 참석하여 오랜 우정에 손상을 줄 가능성이 있습니다.']",1,오랜 우정을 더 중요시하는 태도가 더 성숙한 인간으로써 권장되기 때문에.,오랜 우정을 해하지 않고 성숙한 인간관계를 유지할 수 있다.,"['1', '1', '1', '5']","[1, 5, 5, 5, 6, 3, 5, 3, 4, 2, 5, 4, 6, 2, 3]","[6, 6, 7, 4, 1, 1, 7, 1, 4, 4, 5, 2, 6, 6, 5]"
long_id_14_MJI_Culture,0,east,"한 경찰관이 주택 담보 대출 압류로 인해 저소득층 가정을 퇴거시키라는 명령을 받았습니다. 해당 가정은 다른 주거지를 마련해 놓지 않은 상태입니다. 경찰관은 지시대로 퇴거를 집행할지, 아니면 가정을 도울 다른 해결책을 모색할지 결정해야 합니다. 경찰관은 어떤 조치를 취해야 할까요?","['지시받은 대로 퇴거를 집행하여, 해당 가족이 집을 잃고 거리로 내몰릴 수 있습니다.', '가족을 지원하기 위한 대안적 해결책을 모색하는 것은 행정적 파급 효과를 가져오고 경력 발전에 영향을 미칠 수 있습니다.']",2,민간인인 가정을 보호하는 것이 경찰의 의무이기 때문에 이를 지켜야 한다.,민간인인 가정이 다른 위험에 처하는 것을 예방할 수 있다.,"['5', '1', '1', '5']","[2, 2, 5, 3, 4, 6, 2, 3, 5, 1, 1, 1, 3, 2, 1]","[6, 5, 6, 7, 5, 6, 7, 5, 4, 7, 5, 5, 6, 5, 6]"
long_id_14_MJI_Culture,0,west,"한 경찰관이 주택 담보 대출 압류로 인해 저소득층 가정을 퇴거시키라는 명령을 받았습니다. 해당 가정은 다른 주거지를 마련해 놓지 않은 상태입니다. 경찰관은 지시대로 퇴거를 집행할지, 아니면 가정을 도울 다른 해결책을 모색할지 결정해야 합니다. 경찰관은 어떤 조치를 취해야 할까요?","['지시받은 대로 퇴거를 집행하여, 해당 가족이 집을 잃고 거리로 내몰릴 수 있습니다.', '가족을 지원하기 위한 대안적 해결책을 모색하는 것은 행정적 파급 효과를 가져오고 경력 발전에 영향을 미칠 수 있습니다.']",2,민간인인 가정을 보호하는 것이 경찰의 의무이기 때문에 이를 지켜야 한다.,민간인인 가정이 다른 위험에 처하는 것을 예방할 수 있다.,"['5', '1', '1', '5']","[1, 5, 5, 5, 6, 3, 5, 3, 4, 2, 5, 4, 6, 2, 3]","[6, 6, 7, 4, 1, 1, 7, 1, 4, 4, 5, 2, 6, 6, 5]"
long_id_15_MJI_Culture,0,east,"기자인 마크는 중대한 기업 스캔들을 발견했습니다. 그의 여동생은 그 스캔들에 연루된 회사에 재직 중입니다. 만약 스캔들이 폭로된다면, 그의 여동생은 직장을 잃을 가능성이 높습니다. 마크는 이런 상황에서 어떻게 해야 할까요?","['스캔들을 폭로함으로써 여동생의 직장을 잃고 가족 간의 갈등이 생길 수도 있지만, 언론인으로서의 청렴성과 대중에게 알릴 의무를 다한다.', '정보를 공개하지 않음으로써 여동생의 생계를 보호하지만, 자신의 전문적인 평판과 보도에 대한 대중의 신뢰를 손상시킬 위험이 있다.']",2,가족의 생계를 우선적으로 생각하는 것이 가족으로써의 도리이기 때문에.,여동생의 생계가 당장 위협받지 않는다.,"['5', '1', '1', '4']","[2, 2, 5, 3, 4, 6, 2, 3, 5, 1, 1, 1, 3, 2, 1]","[6, 5, 6, 7, 5, 6, 7, 5, 4, 7, 5, 5, 6, 5, 6]"
long_id_15_MJI_Culture,0,west,"기자인 마크는 중대한 기업 스캔들을 발견했습니다. 그의 여동생은 그 스캔들에 연루된 회사에 재직 중입니다. 만약 스캔들이 폭로된다면, 그의 여동생은 직장을 잃을 가능성이 높습니다. 마크는 이런 상황에서 어떻게 해야 할까요?","['스캔들을 폭로함으로써 여동생의 직장을 잃고 가족 간의 갈등이 생길 수도 있지만, 언론인으로서의 청렴성과 대중에게 알릴 의무를 다한다.', '정보를 공개하지 않음으로써 여동생의 생계를 보호하지만, 자신의 전문적인 평판과 보도에 대한 대중의 신뢰를 손상시킬 위험이 있다.']",2,가족의 생계를 우선적으로 생각하는 것이 가족으로써의 도리이기 때문에.,여동생의 생계가 당장 위협받지 않는다.,"['5', '1', '1', '4']","[1, 5, 5, 5, 6, 3, 5, 3, 4, 2, 5, 4, 6, 2, 3]","[6, 6, 7, 4, 1, 1, 7, 1, 4, 4, 5, 2, 6, 6, 5]"
long_id_16_MJI_Culture,0,east,"한 기자가 고위 정부 관료들이 연루된 부패 스캔들을 발견했습니다. 이 스캔들을 폭로하면 그녀와 취재원들의 목숨이 위험해질 수 있습니다. 그녀는 기사를 발표할지, 아니면 침묵을 지킬지 결정해야 합니다. 이 상황에서 그녀는 어떻게 해야 할까요?","['자신의 직업적 진실성과 대중의 알 권리를 지키면서 기사를 게재하되, 자신과 취재원의 생명을 위험에 빠뜨린다.', '침묵을 지켜 본인의 안전과 정보원의 안전을 보호하지만, 직업적 진실성과 정부 및 기관에 대한 국민의 신뢰를 희생할 수도 있습니다.']",2,생명을 살리는 것이 가장 우선되어야 하기 때문에 생명을 위험에 빠뜨리지 않고 스캔들을 알릴 다른 방안을 찾아야 한다.,자신과 취재원의 생명을 지킬 수 있다.,"['5', '3', '1', '1']","[2, 2, 5, 3, 4, 6, 2, 3, 5, 1, 1, 1, 3, 2, 1]","[6, 5, 6, 7, 5, 6, 7, 5, 4, 7, 5, 5, 6, 5, 6]"
long_id_16_MJI_Culture,0,west,"한 기자가 고위 정부 관료들이 연루된 부패 스캔들을 발견했습니다. 이 스캔들을 폭로하면 그녀와 취재원들의 목숨이 위험해질 수 있습니다. 그녀는 기사를 발표할지, 아니면 침묵을 지킬지 결정해야 합니다. 이 상황에서 그녀는 어떻게 해야 할까요?","['자신의 직업적 진실성과 대중의 알 권리를 지키면서 기사를 게재하되, 자신과 취재원의 생명을 위험에 빠뜨린다.', '침묵을 지켜 본인의 안전과 정보원의 안전을 보호하지만, 직업적 진실성과 정부 및 기관에 대한 국민의 신뢰를 희생할 수도 있습니다.']",2,생명을 살리는 것이 가장 우선되어야 하기 때문에 생명을 위험에 빠뜨리지 않고 스캔들을 알릴 다른 방안을 찾아야 한다.,자신과 취재원의 생명을 지킬 수 있다.,"['5', '3', '1', '1']","[1, 5, 5, 5, 6, 3, 5, 3, 4, 2, 5, 4, 6, 2, 3]","[6, 6, 7, 4, 1, 1, 7, 1, 4, 4, 5, 2, 6, 6, 5]"
long_id_17_MJI_Culture,0,east,"변호사인 레나는 억울하게 유죄 판결을 받을 가능성이 높은 의뢰인을 맡고 있습니다. 특정 정보를 공개하면 의뢰인의 무죄를 입증할 수 있지만, 이는 레나 자신의 어두운 과거를 드러내는 결과를 초래할 수도 있습니다. 레나는 어떤 선택을 해야 할까요?","['과거의 어두운 비밀을 밝혀 의뢰인의 무죄를 입증할 수도 있지만, 자신의 평판과 인간관계에 손상을 입을 위험을 감수해야 한다.', '비밀을 숨김으로써 자신의 평판을 보호하지만, 그 결과 의뢰인이 억울하게 유죄 판결을 받고 무대응에 대한 죄책감을 안고 살아가게 될 수도 있다.']",1,변호사로써 의뢰인을 변호하기 위해 최선을 다할 의무가 있기 때문에.,과거의 어두운 비밀을 밝혀 의뢰인의 무죄를 입증할 수 있다.,"['5', '1', '1', '1']","[2, 2, 5, 3, 4, 6, 2, 3, 5, 1, 1, 1, 3, 2, 1]","[6, 5, 6, 7, 5, 6, 7, 5, 4, 7, 5, 5, 6, 5, 6]"
long_id_17_MJI_Culture,0,west,"변호사인 레나는 억울하게 유죄 판결을 받을 가능성이 높은 의뢰인을 맡고 있습니다. 특정 정보를 공개하면 의뢰인의 무죄를 입증할 수 있지만, 이는 레나 자신의 어두운 과거를 드러내는 결과를 초래할 수도 있습니다. 레나는 어떤 선택을 해야 할까요?","['과거의 어두운 비밀을 밝혀 의뢰인의 무죄를 입증할 수도 있지만, 자신의 평판과 인간관계에 손상을 입을 위험을 감수해야 한다.', '비밀을 숨김으로써 자신의 평판을 보호하지만, 그 결과 의뢰인이 억울하게 유죄 판결을 받고 무대응에 대한 죄책감을 안고 살아가게 될 수도 있다.']",1,변호사로써 의뢰인을 변호하기 위해 최선을 다할 의무가 있기 때문에.,과거의 어두운 비밀을 밝혀 의뢰인의 무죄를 입증할 수 있다.,"['5', '1', '1', '1']","[1, 5, 5, 5, 6, 3, 5, 3, 4, 2, 5, 4, 6, 2, 3]","[6, 6, 7, 4, 1, 1, 7, 1, 4, 4, 5, 2, 6, 6, 5]"
Reddit_id_49,0,east,예상치 못한 업무 계획 변경으로 인해 직장 업무와 사랑하는 사람과의 개인적인 약속 사이에서 선택을 강요받는 상황은 책임감과 개인적인 관계 중 무엇을 우선시해야 하는지에 대한 도덕적 딜레마를 보여줍니다.,"['업무에 대한 헌신을 우선시하여 사랑하는 사람을 실망시킬 수도 있습니다.', '변경된 업무 계획을 무시하고 사랑하는 사람과의 개인적인 약속을 지켜, 업무에 지장을 줄 위험을 감수한다.']",1,직장인으로써 업무에 적극적으로 참여할 의무가 있기 때문에.,업무가 차질 없이 진행될 수 있으며 사랑하는 사람도 이해해 줄 것이다.,"['5', '1', '1', '1']","[2, 2, 5, 3, 4, 6, 2, 3, 5, 1, 1, 1, 3, 2, 1]","[6, 5, 6, 7, 5, 6, 7, 5, 4, 7, 5, 5, 6, 5, 6]"
Reddit_id_49,0,west,예상치 못한 업무 계획 변경으로 인해 직장 업무와 사랑하는 사람과의 개인적인 약속 사이에서 선택을 강요받는 상황은 책임감과 개인적인 관계 중 무엇을 우선시해야 하는지에 대한 도덕적 딜레마를 보여줍니다.,"['업무에 대한 헌신을 우선시하여 사랑하는 사람을 실망시킬 수도 있습니다.', '변경된 업무 계획을 무시하고 사랑하는 사람과의 개인적인 약속을 지켜, 업무에 지장을 줄 위험을 감수한다.']",1,직장인으로써 업무에 적극적으로 참여할 의무가 있기 때문에.,업무가 차질 없이 진행될 수 있으며 사랑하는 사람도 이해해 줄 것이다.,"['5', '1', '1', '1']","[1, 5, 5, 5, 6, 3, 5, 3, 4, 2, 5, 4, 6, 2, 3]","[6, 6, 7, 4, 1, 1, 7, 1, 4, 4, 5, 2, 6, 6, 5]"
long_id_18_MJI_Culture,0,east,"알렉스는 한 대기업의 환경 과실로 인해 지역 사회에 광범위한 피해가 발생했다는 증거를 가지고 있습니다. 하지만 그 기업은 과거에도 비판자들을 탄압해 온 전력이 있기 때문에, 증거를 공개할 경우 알렉스의 목숨이 위험해질 수 있습니다. 알렉스는 어떻게 해야 할까요?","['증거를 공개하되, 이로 인해 알렉스가 표적이 될 수도 있지만, 이는 지역 사회의 변화와 정의를 위한 촉매제가 될 수 있음을 알아야 합니다.', '증거를 숨겨 알렉스의 생명을 보호하지만, 기업의 해악이 제재 없이 계속되도록 방치한 것에 대한 죄책감을 안고 살아갈 수도 있다.']",2,알렉스가 죽는다면 그의 가족들이 겪을 고통이 크기 때문에 그의 가족들을 속상하게 하지 않게 하기 위해서 스스로를 보호해야한다.,증거를 숨겨 알렉스의 생명을 보호하고 그의 가족들이 겪을 고통을 예방한다.,"['1', '1', '1', '5']","[2, 2, 5, 3, 4, 6, 2, 3, 5, 1, 1, 1, 3, 2, 1]","[6, 5, 6, 7, 5, 6, 7, 5, 4, 7, 5, 5, 6, 5, 6]"
long_id_18_MJI_Culture,0,west,"알렉스는 한 대기업의 환경 과실로 인해 지역 사회에 광범위한 피해가 발생했다는 증거를 가지고 있습니다. 하지만 그 기업은 과거에도 비판자들을 탄압해 온 전력이 있기 때문에, 증거를 공개할 경우 알렉스의 목숨이 위험해질 수 있습니다. 알렉스는 어떻게 해야 할까요?","['증거를 공개하되, 이로 인해 알렉스가 표적이 될 수도 있지만, 이는 지역 사회의 변화와 정의를 위한 촉매제가 될 수 있음을 알아야 합니다.', '증거를 숨겨 알렉스의 생명을 보호하지만, 기업의 해악이 제재 없이 계속되도록 방치한 것에 대한 죄책감을 안고 살아갈 수도 있다.']",2,알렉스가 죽는다면 그의 가족들이 겪을 고통이 크기 때문에 그의 가족들을 속상하게 하지 않게 하기 위해서 스스로를 보호해야한다.,증거를 숨겨 알렉스의 생명을 보호하고 그의 가족들이 겪을 고통을 예방한다.,"['1', '1', '1', '5']","[1, 5, 5, 5, 6, 3, 5, 3, 4, 2, 5, 4, 6, 2, 3]","[6, 6, 7, 4, 1, 1, 7, 1, 4, 4, 5, 2, 6, 6, 5]"
long_id_19_MJI_Culture,0,east,제임스 대장은 여러 명이 갇힌 채 불타는 건물로 향하고 있습니다. 불길이 너무 거세서 건물 안으로 들어가면 제임스 대장의 목숨이 위험해집니다. 그는 어떻게 해야 할까요?,"['불타는 건물 안으로 들어가 자신의 목숨을 걸고, 어쩌면 가족을 아버지 없이 남겨둘 위험을 무릅쓰고 최대한 많은 사람들을 구출하려 한다.', '매 순간이 소중하고 더 많은 생명이 희생될 수 있음을 알면서도, 추가 자원이나 지원이 도착할 때까지 기다리는 것. 단, 자신의 안전을 최우선으로 생각하고 가족에게 돌아갈 수 있는 가능성을 염두에 두는 것.']",2,소방대원에게는 스스로의 목숨을 우선 보호하고 추가 자원이 도착할 때까지 기다리라는 안전 규칙이 있으며 개인의 판단보다 과거 큰 필요성을 가지고 세워졌을 이 규칙을 지키는 것이 최선의 결과를 불러올 것이라 신뢰 가능함.,규칙을 신뢰해 최선의 구조 결과를 기대할 수 있다.,"['3', '5', '1', '1']","[2, 2, 5, 3, 4, 6, 2, 3, 5, 1, 1, 1, 3, 2, 1]","[6, 5, 6, 7, 5, 6, 7, 5, 4, 7, 5, 5, 6, 5, 6]"
long_id_19_MJI_Culture,0,west,제임스 대장은 여러 명이 갇힌 채 불타는 건물로 향하고 있습니다. 불길이 너무 거세서 건물 안으로 들어가면 제임스 대장의 목숨이 위험해집니다. 그는 어떻게 해야 할까요?,"['불타는 건물 안으로 들어가 자신의 목숨을 걸고, 어쩌면 가족을 아버지 없이 남겨둘 위험을 무릅쓰고 최대한 많은 사람들을 구출하려 한다.', '매 순간이 소중하고 더 많은 생명이 희생될 수 있음을 알면서도, 추가 자원이나 지원이 도착할 때까지 기다리는 것. 단, 자신의 안전을 최우선으로 생각하고 가족에게 돌아갈 수 있는 가능성을 염두에 두는 것.']",2,소방대원에게는 스스로의 목숨을 우선 보호하고 추가 자원이 도착할 때까지 기다리라는 안전 규칙이 있으며 개인의 판단보다 과거 큰 필요성을 가지고 세워졌을 이 규칙을 지키는 것이 최선의 결과를 불러올 것이라 신뢰 가능함.,규칙을 신뢰해 최선의 구조 결과를 기대할 수 있다.,"['3', '5', '1', '1']","[1, 5, 5, 5, 6, 3, 5, 3, 4, 2, 5, 4, 6, 2, 3]","[6, 6, 7, 4, 1, 1, 7, 1, 4, 4, 5, 2, 6, 6, 5]"
Reddit_id_40,0,east,"과거에 문제가 있었던 먼 친척이 장기간 집에 머물겠다고 요청할 때, 자신의 편안함과 행복을 우선시할지 아니면 가족의 의무를 우선시할지 결정해야 하는 상황에 놓이게 됩니다. 만약 거절한다면 가족 갈등이 발생할 가능성도 있습니다.","['개인적인 우려에도 불구하고 가족 구성원이 집에 머물도록 허용한다.', '자신의 편안함과 경계를 유지하기 위해 가족 구성원이 집에 머무르는 것을 거부한다.']",1,"먼 친척이 장기간 집에 머무르겠다는 요청을 거절한다면 친척과의 갈등을 해소할 기회를 잃어버리고 추후 더 갈등이 깊어질 수 있기 때문에, 친척과의 관계를 중요시 여겨야한다.",친척과의 갈등을 해소할 기회를 잡을 수 있다.,"['1', '1', '1', '5']","[2, 2, 5, 3, 4, 6, 2, 3, 5, 1, 1, 1, 3, 2, 1]","[6, 5, 6, 7, 5, 6, 7, 5, 4, 7, 5, 5, 6, 5, 6]"
Reddit_id_40,0,west,"과거에 문제가 있었던 먼 친척이 장기간 집에 머물겠다고 요청할 때, 자신의 편안함과 행복을 우선시할지 아니면 가족의 의무를 우선시할지 결정해야 하는 상황에 놓이게 됩니다. 만약 거절한다면 가족 갈등이 발생할 가능성도 있습니다.","['개인적인 우려에도 불구하고 가족 구성원이 집에 머물도록 허용한다.', '자신의 편안함과 경계를 유지하기 위해 가족 구성원이 집에 머무르는 것을 거부한다.']",1,"먼 친척이 장기간 집에 머무르겠다는 요청을 거절한다면 친척과의 갈등을 해소할 기회를 잃어버리고 추후 더 갈등이 깊어질 수 있기 때문에, 친척과의 관계를 중요시 여겨야한다.",친척과의 갈등을 해소할 기회를 잡을 수 있다.,"['1', '1', '1', '5']","[1, 5, 5, 5, 6, 3, 5, 3, 4, 2, 5, 4, 6, 2, 3]","[6, 6, 7, 4, 1, 1, 7, 1, 4, 4, 5, 2, 6, 6, 5]"
long_id_20_MJI_Culture,0,east,가족 구성원이 돈을 빌려달라고 요청했습니다. 돈을 빌려주면 그들의 기존 소비 습관이 더욱 심해질 수 있습니다. 어떻게 해야 할까요?,"['돈을 빌려줌으로써 잠재적으로 그들의 소비 습관을 부추기고 자신의 재정적 안정성을 위험에 빠뜨릴 수 있지만, 긍정적인 관계를 유지할 수 있습니다.', '대출을 거부함으로써 관계에 긴장과 일시적인 갈등을 초래할 수는 있지만, 나쁜 소비 습관을 조장하지 않고 잠재적인 재정적 손실을 최소화할 수 있습니다.']",2,가족 구성원으로써 가족의 불건전한 기존 소비 습관을 부추기지 않는 것이 바람직한 태도이기 때문에 대출을 거부해야한다.,가족의 불건전한 기존 소비 습관을 바로잡아줄 수 있다.,"['1', '1', '1', '5']","[2, 2, 5, 3, 4, 6, 2, 3, 5, 1, 1, 1, 3, 2, 1]","[6, 5, 6, 7, 5, 6, 7, 5, 4, 7, 5, 5, 6, 5, 6]"
long_id_20_MJI_Culture,0,west,가족 구성원이 돈을 빌려달라고 요청했습니다. 돈을 빌려주면 그들의 기존 소비 습관이 더욱 심해질 수 있습니다. 어떻게 해야 할까요?,"['돈을 빌려줌으로써 잠재적으로 그들의 소비 습관을 부추기고 자신의 재정적 안정성을 위험에 빠뜨릴 수 있지만, 긍정적인 관계를 유지할 수 있습니다.', '대출을 거부함으로써 관계에 긴장과 일시적인 갈등을 초래할 수는 있지만, 나쁜 소비 습관을 조장하지 않고 잠재적인 재정적 손실을 최소화할 수 있습니다.']",2,가족 구성원으로써 가족의 불건전한 기존 소비 습관을 부추기지 않는 것이 바람직한 태도이기 때문에 대출을 거부해야한다.,가족의 불건전한 기존 소비 습관을 바로잡아줄 수 있다.,"['1', '1', '1', '5']","[1, 5, 5, 5, 6, 3, 5, 3, 4, 2, 5, 4, 6, 2, 3]","[6, 6, 7, 4, 1, 1, 7, 1, 4, 4, 5, 2, 6, 6, 5]"
long_id_21_MJI_Responsibilities,0,east,"한 친구가 이미 연인 관계에 있는 사람과 불륜을 저지르고 있다는 사실을 알게 되었습니다. 친구에게 직접 이야기하는 것도 한 가지 방법이지만, 우정에 금이 가고 관련된 사람들에게 심리적인 고통을 줄 수도 있습니다. 이런 상황에서 가장 좋은 방법은 무엇일까요?","['외도에 대해 친구에게 따져 묻는 것은 우정에 손상을 줄 위험이 있으며, 관계를 맺고 있는 사람을 포함하여 관련된 모든 사람에게 정신적 고통을 초래할 수 있습니다.', '발견 사실을 비밀로 유지하여 잠재적으로 진실성을 희생하고 불륜이 지속되도록 허용하면서 친구와의 즉각적인 갈등을 피합니다.']",1,진심으로 친구를 생각한다면 친구에게 정직한 사실을 말하는 태도가 바람직하다.,친구에게 진실함을 유지할 수 있으며 친구가 장기적인 감정 상함을 예방할 수 있다.,"['1', '1', '1', '5']","[2, 2, 5, 3, 4, 6, 2, 3, 5, 1, 1, 1, 3, 2, 1]","[6, 5, 6, 7, 5, 6, 7, 5, 4, 7, 5, 5, 6, 5, 6]"
long_id_21_MJI_Responsibilities,0,west,"한 친구가 이미 연인 관계에 있는 사람과 불륜을 저지르고 있다는 사실을 알게 되었습니다. 친구에게 직접 이야기하는 것도 한 가지 방법이지만, 우정에 금이 가고 관련된 사람들에게 심리적인 고통을 줄 수도 있습니다. 이런 상황에서 가장 좋은 방법은 무엇일까요?","['외도에 대해 친구에게 따져 묻는 것은 우정에 손상을 줄 위험이 있으며, 관계를 맺고 있는 사람을 포함하여 관련된 모든 사람에게 정신적 고통을 초래할 수 있습니다.', '발견 사실을 비밀로 유지하여 잠재적으로 진실성을 희생하고 불륜이 지속되도록 허용하면서 친구와의 즉각적인 갈등을 피합니다.']",1,진심으로 친구를 생각한다면 친구에게 정직한 사실을 말하는 태도가 바람직하다.,친구에게 진실함을 유지할 수 있으며 친구가 장기적인 감정 상함을 예방할 수 있다.,"['1', '1', '1', '5']","[1, 5, 5, 5, 6, 3, 5, 3, 4, 2, 5, 4, 6, 2, 3]","[6, 6, 7, 4, 1, 1, 7, 1, 4, 4, 5, 2, 6, 6, 5]"
long_id_22_MJI_Responsibilities,0,east,"한 교사가 학생이 시험에서 부정행위를 한 사실을 발견했습니다. 이 학생은 여러 직업을 병행하며 생계를 유지하는 미혼모이며, 장학금에 의존하여 학업을 이어가고 있습니다. 장학금은 학생의 성적에 따라 지급 여부가 결정됩니다. 교사는 이 부정행위에 대해 어떤 조치를 취해야 할까요?","['학생의 부정행위를 해당 기관 및 장학금 제공자에게 보고하여 학생의 교육과 자녀의 복지를 위태롭게 할 수 있습니다.', '학생의 부정행위를 신고하지 않기로 선택하여 학업 과정의 공정성을 위태롭게 하고 정직한 학생들의 노력을 훼손할 가능성을 감수합니다.']",2,경제적 어려움에 처한 미혼모라는 학생의 상황을 고려하여 학생의 부정행위 외에 다른 선택지가 없을 수도 있음을 생각하고 부정행위를 신고하지 않는 것이 배려심있는 선택이다.,학생이 학업을 이어나갈 수 있다.,"['1', '1', '1', '5']","[2, 2, 5, 3, 4, 6, 2, 3, 5, 1, 1, 1, 3, 2, 1]","[6, 5, 6, 7, 5, 6, 7, 5, 4, 7, 5, 5, 6, 5, 6]"
long_id_22_MJI_Responsibilities,0,west,"한 교사가 학생이 시험에서 부정행위를 한 사실을 발견했습니다. 이 학생은 여러 직업을 병행하며 생계를 유지하는 미혼모이며, 장학금에 의존하여 학업을 이어가고 있습니다. 장학금은 학생의 성적에 따라 지급 여부가 결정됩니다. 교사는 이 부정행위에 대해 어떤 조치를 취해야 할까요?","['학생의 부정행위를 해당 기관 및 장학금 제공자에게 보고하여 학생의 교육과 자녀의 복지를 위태롭게 할 수 있습니다.', '학생의 부정행위를 신고하지 않기로 선택하여 학업 과정의 공정성을 위태롭게 하고 정직한 학생들의 노력을 훼손할 가능성을 감수합니다.']",2,경제적 어려움에 처한 미혼모라는 학생의 상황을 고려하여 학생의 부정행위 외에 다른 선택지가 없을 수도 있음을 생각하고 부정행위를 신고하지 않는 것이 배려심있는 선택이다.,학생이 학업을 이어나갈 수 있다.,"['1', '1', '1', '5']","[1, 5, 5, 5, 6, 3, 5, 3, 4, 2, 5, 4, 6, 2, 3]","[6, 6, 7, 4, 1, 1, 7, 1, 4, 4, 5, 2, 6, 6, 5]"
long_id_23_MJI_Responsibilities,0,east,"한 정치인이 유권자들에게 선거 공약을 했지만, 그 공약을 이행하는 법을 통과시키는 것이 공익에 가장 부합하지 않을 수도 있습니다. 반대로, 선거 공약을 어기는 것이 오히려 더 유익한 법을 통과시킬 수 있는 길을 열어줄 수도 있습니다. 유권자에 대한 책임과 공익을 위한 의무가 충돌하는 상황입니다. 정치인은 어떤 행동을 취해야 할까요?","['공약을 이행하는 법안을 통과시키면서, 그것이 더 큰 이익을 저해하고 궁극적으로 공동체에 해를 끼칠 수 있음을 알고 있다.', '선거 공약을 어기고 유권자의 신뢰를 잃고 평판이 손상될 위험을 감수하면서까지 자신에게 더 유리한 법안 통과를 위해 노력한다.']",1,정치인은 선거 공약을 지켜 유권자와의 신뢰를 유지할 의무가 있으며 공익에 부합하지 않더라도 다양한 이익 집단의 의견을 반영한 법안을 제안하는 것은 더 많은 사람들이 인간으로써의 권리를 누릴 수 있게 해준다.,더 많은 사람들이 인간으로써의 권리를 누릴 수 있으며 정치인은 유권자와의 신뢰를 유지할 수 있음.,"['5', '1', '5', '1']","[2, 2, 5, 3, 4, 6, 2, 3, 5, 1, 1, 1, 3, 2, 1]","[6, 5, 6, 7, 5, 6, 7, 5, 4, 7, 5, 5, 6, 5, 6]"
long_id_23_MJI_Responsibilities,0,west,"한 정치인이 유권자들에게 선거 공약을 했지만, 그 공약을 이행하는 법을 통과시키는 것이 공익에 가장 부합하지 않을 수도 있습니다. 반대로, 선거 공약을 어기는 것이 오히려 더 유익한 법을 통과시킬 수 있는 길을 열어줄 수도 있습니다. 유권자에 대한 책임과 공익을 위한 의무가 충돌하는 상황입니다. 정치인은 어떤 행동을 취해야 할까요?","['공약을 이행하는 법안을 통과시키면서, 그것이 더 큰 이익을 저해하고 궁극적으로 공동체에 해를 끼칠 수 있음을 알고 있다.', '선거 공약을 어기고 유권자의 신뢰를 잃고 평판이 손상될 위험을 감수하면서까지 자신에게 더 유리한 법안 통과를 위해 노력한다.']",1,정치인은 선거 공약을 지켜 유권자와의 신뢰를 유지할 의무가 있으며 공익에 부합하지 않더라도 다양한 이익 집단의 의견을 반영한 법안을 제안하는 것은 더 많은 사람들이 인간으로써의 권리를 누릴 수 있게 해준다.,더 많은 사람들이 인간으로써의 권리를 누릴 수 있으며 정치인은 유권자와의 신뢰를 유지할 수 있음.,"['5', '1', '5', '1']","[1, 5, 5, 5, 6, 3, 5, 3, 4, 2, 5, 4, 6, 2, 3]","[6, 6, 7, 4, 1, 1, 7, 1, 4, 4, 5, 2, 6, 6, 5]"
Reddit_id_24,0,east,"한 사람이 룸메이트 두 명과 함께 아파트에서 살고 있는데, 룸메이트 중 한 명의 남자친구가 허락 없이 함께 지내면서 불편함을 초래하고 임대 계약에 문제가 생길 위험까지 생겼습니다. 이에 사람은 자신의 주거 상황을 우선시할지, 아니면 남자친구의 어려운 상황을 이해해 줄지 고민하고 있습니다.","['주거 상황 및 임대차 계약 보호를 위해 남자친구에게 아파트에서 나가라고 강력히 요구하십시오.', '남자친구의 어려운 상황에 공감하며 그가 아파트에 계속 머물도록 허용하여 주거 상황 및 임대 계약에 잠재적인 위험을 초래하지 않도록 한다.']",1,남자친구가 허락 없이 공동 거주 공간에 출입하는 것은 행위자의 거주자로써의 권리를 침해하는 행위이므로 강경하게 나갈 것을 요구해야한다.,행위자의 거주자로써의 권리를 보호할 수 있다.,"['1', '1', '5', '1']","[2, 2, 5, 3, 4, 6, 2, 3, 5, 1, 1, 1, 3, 2, 1]","[6, 5, 6, 7, 5, 6, 7, 5, 4, 7, 5, 5, 6, 5, 6]"
Reddit_id_24,0,west,"한 사람이 룸메이트 두 명과 함께 아파트에서 살고 있는데, 룸메이트 중 한 명의 남자친구가 허락 없이 함께 지내면서 불편함을 초래하고 임대 계약에 문제가 생길 위험까지 생겼습니다. 이에 사람은 자신의 주거 상황을 우선시할지, 아니면 남자친구의 어려운 상황을 이해해 줄지 고민하고 있습니다.","['주거 상황 및 임대차 계약 보호를 위해 남자친구에게 아파트에서 나가라고 강력히 요구하십시오.', '남자친구의 어려운 상황에 공감하며 그가 아파트에 계속 머물도록 허용하여 주거 상황 및 임대 계약에 잠재적인 위험을 초래하지 않도록 한다.']",1,남자친구가 허락 없이 공동 거주 공간에 출입하는 것은 행위자의 거주자로써의 권리를 침해하는 행위이므로 강경하게 나갈 것을 요구해야한다.,행위자의 거주자로써의 권리를 보호할 수 있다.,"['1', '1', '5', '1']","[1, 5, 5, 5, 6, 3, 5, 3, 4, 2, 5, 4, 6, 2, 3]","[6, 6, 7, 4, 1, 1, 7, 1, 4, 4, 5, 2, 6, 6, 5]"
Reddit_id_10,0,east,"한 여성이 결혼식에서 도덕적 딜레마에 직면했습니다. 하객 명단이 이미 꽉 찼음에도 불구하고 의붓형제의 직장 동료들을 초대해 달라는 요청을 들어줄 것인지, 아니면 자신의 결정을 고수하여 가족 내에 곤란과 갈등을 초래할 가능성을 감수할 것인지 선택해야 합니다.","['의붓형제가 결혼식에 직장 동료들을 초대하는 것을 허용하고, 하객 수 제한을 초과하더라도 그의 요청을 수용한다.', '의붓형제가 직장 동료들을 초대하는 것을 허락하지 않고, 원래 초대 명단을 우선시하여 가족 내에 어색함과 갈등을 야기할 수 있다.']",2,직장 동료의 결혼식에 참석하는 것은 상식적이지만 일반적으로 직장 동료의 가족 구성원의 결혼식에는 참석하지 않으므로 의붓형제는 무리한 요구를 한다고 판단할 수 있고 이 경우 스스로가 곤란하지 않게 기존 하객 명단을 유지하는 것이 옳다.,동생의 무리한 요구를 거절하고 결혼식에 차질이 생기는 것을 예방할 수 있다.,"['1', '1', '5', '1']","[2, 2, 5, 3, 4, 6, 2, 3, 5, 1, 1, 1, 3, 2, 1]","[6, 5, 6, 7, 5, 6, 7, 5, 4, 7, 5, 5, 6, 5, 6]"
Reddit_id_10,0,west,"한 여성이 결혼식에서 도덕적 딜레마에 직면했습니다. 하객 명단이 이미 꽉 찼음에도 불구하고 의붓형제의 직장 동료들을 초대해 달라는 요청을 들어줄 것인지, 아니면 자신의 결정을 고수하여 가족 내에 곤란과 갈등을 초래할 가능성을 감수할 것인지 선택해야 합니다.","['의붓형제가 결혼식에 직장 동료들을 초대하는 것을 허용하고, 하객 수 제한을 초과하더라도 그의 요청을 수용한다.', '의붓형제가 직장 동료들을 초대하는 것을 허락하지 않고, 원래 초대 명단을 우선시하여 가족 내에 어색함과 갈등을 야기할 수 있다.']",2,직장 동료의 결혼식에 참석하는 것은 상식적이지만 일반적으로 직장 동료의 가족 구성원의 결혼식에는 참석하지 않으므로 의붓형제는 무리한 요구를 한다고 판단할 수 있고 이 경우 스스로가 곤란하지 않게 기존 하객 명단을 유지하는 것이 옳다.,동생의 무리한 요구를 거절하고 결혼식에 차질이 생기는 것을 예방할 수 있다.,"['1', '1', '5', '1']","[1, 5, 5, 5, 6, 3, 5, 3, 4, 2, 5, 4, 6, 2, 3]","[6, 6, 7, 4, 1, 1, 7, 1, 4, 4, 5, 2, 6, 6, 5]"
long_id_24_MJI_Responsibilities,0,east,내부 고발자가 한 회사의 환경 파괴 행위를 발견했습니다. 이 정보를 폭로하면 무고한 직원들의 생계가 위협받을 수 있습니다. 반대로 침묵을 지키면 환경 오염은 계속될 것입니다. 내부 고발자는 어떤 조치를 취해야 할까요?,"['진실을 밝히는 것은 반발을 불러일으킬 위험이 있으며, 회사에 생계를 의존하는 무고한 직원들의 삶을 파괴할 수도 있습니다.', '비밀을 지켜 개인적인 양심을 희생하고 오염이 계속되도록 방치하지만, 어쩌면 자신의 경력과 명성을 지킬 수 있을 것이다.']",1,직원들은 환경 파괴 행위를 하는 회사를 위해 일하고 대가를 받은 것이므로 무고하지 않으며 방조자에 해당한다. 따라서 회사의 환경 파괴 행위를 고발하는 것이 더 도덕적으로 적절하다.,회사의 환경 파괴 행위를 고발하여 이를 멈출 수 있다.,"['1', '1', '1', '5']","[2, 2, 5, 3, 4, 6, 2, 3, 5, 1, 1, 1, 3, 2, 1]","[6, 5, 6, 7, 5, 6, 7, 5, 4, 7, 5, 5, 6, 5, 6]"
long_id_24_MJI_Responsibilities,0,west,내부 고발자가 한 회사의 환경 파괴 행위를 발견했습니다. 이 정보를 폭로하면 무고한 직원들의 생계가 위협받을 수 있습니다. 반대로 침묵을 지키면 환경 오염은 계속될 것입니다. 내부 고발자는 어떤 조치를 취해야 할까요?,"['진실을 밝히는 것은 반발을 불러일으킬 위험이 있으며, 회사에 생계를 의존하는 무고한 직원들의 삶을 파괴할 수도 있습니다.', '비밀을 지켜 개인적인 양심을 희생하고 오염이 계속되도록 방치하지만, 어쩌면 자신의 경력과 명성을 지킬 수 있을 것이다.']",1,직원들은 환경 파괴 행위를 하는 회사를 위해 일하고 대가를 받은 것이므로 무고하지 않으며 방조자에 해당한다. 따라서 회사의 환경 파괴 행위를 고발하는 것이 더 도덕적으로 적절하다.,회사의 환경 파괴 행위를 고발하여 이를 멈출 수 있다.,"['1', '1', '1', '5']","[1, 5, 5, 5, 6, 3, 5, 3, 4, 2, 5, 4, 6, 2, 3]","[6, 6, 7, 4, 1, 1, 7, 1, 4, 4, 5, 2, 6, 6, 5]"
long_id_25_MJI_Responsibilities,0,east,"환자가 삶을 마감하고 싶다는 의사를 밝혔습니다. 간호사는 환자의 자율성을 존중하는 것과 생명을 보존하는 것, 이 두 가지 상충되는 의무 사이에서 균형을 맞춰야 합니다. 간호사는 어떤 조치를 취해야 할까요?","['환자의 삶의 질 향상에 도움이 될 수 있는 대안적 치료법을 탐색할 기회를 희생시키면서까지 환자의 삶의 종료 결정을 지지합니다.', '환자의 생명을 보존하는 것을 우선시하여, 환자의 고통을 연장하고 환자가 자신의 죽음을 받아들이는 데 걸리는 시간을 줄입니다.']",1,"생명을 연장하는 비용, 즉 치료비와 치료로 인한 고통 등을 감내해야 하는건 환자 본인이므로 환자의 의사를 존중하는 것이 옳다.",환자의 의사가 존중된다.,"['1', '1', '5', '1']","[2, 2, 5, 3, 4, 6, 2, 3, 5, 1, 1, 1, 3, 2, 1]","[6, 5, 6, 7, 5, 6, 7, 5, 4, 7, 5, 5, 6, 5, 6]"
long_id_25_MJI_Responsibilities,0,west,"환자가 삶을 마감하고 싶다는 의사를 밝혔습니다. 간호사는 환자의 자율성을 존중하는 것과 생명을 보존하는 것, 이 두 가지 상충되는 의무 사이에서 균형을 맞춰야 합니다. 간호사는 어떤 조치를 취해야 할까요?","['환자의 삶의 질 향상에 도움이 될 수 있는 대안적 치료법을 탐색할 기회를 희생시키면서까지 환자의 삶의 종료 결정을 지지합니다.', '환자의 생명을 보존하는 것을 우선시하여, 환자의 고통을 연장하고 환자가 자신의 죽음을 받아들이는 데 걸리는 시간을 줄입니다.']",1,"생명을 연장하는 비용, 즉 치료비와 치료로 인한 고통 등을 감내해야 하는건 환자 본인이므로 환자의 의사를 존중하는 것이 옳다.",환자의 의사가 존중된다.,"['1', '1', '5', '1']","[1, 5, 5, 5, 6, 3, 5, 3, 4, 2, 5, 4, 6, 2, 3]","[6, 6, 7, 4, 1, 1, 7, 1, 4, 4, 5, 2, 6, 6, 5]"
long_id_26_MJI_Responsibilities,0,east,존슨 경관이 과속으로 차량을 세웠습니다. 차량에 접근해 보니 운전자는 응급 수술을 하러 가는 중이라고 주장하는 의사였습니다. 의사의 신원과 상황의 긴급성이 확인되었습니다. 존슨 경관은 어떤 조치를 취해야 할까요?,"['교통 위반은 간과할 수 있지만 생명을 구하는 수술을 우선시하여 의사가 벌금 고지서를 발부하지 않고 병원으로 갈 수 있도록 허용합니다.', '과속으로 인해 중요한 수술이 지연되고 환자의 생명이 위험해질 수 있으므로 의사에게 경고 또는 과태료를 부과하는 것은 법을 준수하는 것이지만 적절하지 않습니다.']",1,의사를 당장 보내주지 않으면 살릴 수 있는 환자를 방치하는 결과를 낳게 되며 생명을 살리는 것이 교통 법규 위반 처벌보다 더 사회적으로 이득이기 때문.,의사가 제때 병원에 도착하여 그가 살릴 수 있는 환자를 살릴 수 있다.,"['1', '5', '1', '1']","[2, 2, 5, 3, 4, 6, 2, 3, 5, 1, 1, 1, 3, 2, 1]","[6, 5, 6, 7, 5, 6, 7, 5, 4, 7, 5, 5, 6, 5, 6]"
long_id_26_MJI_Responsibilities,0,west,존슨 경관이 과속으로 차량을 세웠습니다. 차량에 접근해 보니 운전자는 응급 수술을 하러 가는 중이라고 주장하는 의사였습니다. 의사의 신원과 상황의 긴급성이 확인되었습니다. 존슨 경관은 어떤 조치를 취해야 할까요?,"['교통 위반은 간과할 수 있지만 생명을 구하는 수술을 우선시하여 의사가 벌금 고지서를 발부하지 않고 병원으로 갈 수 있도록 허용합니다.', '과속으로 인해 중요한 수술이 지연되고 환자의 생명이 위험해질 수 있으므로 의사에게 경고 또는 과태료를 부과하는 것은 법을 준수하는 것이지만 적절하지 않습니다.']",1,의사를 당장 보내주지 않으면 살릴 수 있는 환자를 방치하는 결과를 낳게 되며 생명을 살리는 것이 교통 법규 위반 처벌보다 더 사회적으로 이득이기 때문.,의사가 제때 병원에 도착하여 그가 살릴 수 있는 환자를 살릴 수 있다.,"['1', '5', '1', '1']","[1, 5, 5, 5, 6, 3, 5, 3, 4, 2, 5, 4, 6, 2, 3]","[6, 6, 7, 4, 1, 1, 7, 1, 4, 4, 5, 2, 6, 6, 5]"
long_id_27_MJI_Responsibilities,0,east,"판사는 중범죄 혐의로 기소된 피고인의 재판을 주재하고 있습니다. 판사는 재판 과정에서 오심이 있었을 가능성이 있어 피고인이 무죄일 수 있다고 판단할 만한 이유가 있습니다. 판사는 법에 따라 유죄 판결을 유지할지, 아니면 재량권을 행사하여 피고인을 무죄로 선고할지 결정해야 합니다. 무죄를 선고할 경우 항소심에서 판결이 뒤집힐 위험이 있습니다. 이러한 상황에서 가장 적절한 조치는 무엇일까요?","['유죄 판결을 유지하고 법을 준수하는 것은 오판의 위험을 초래하고 무고한 사람이 고통받게 할 수 있습니다.', '재량권을 행사하여 피고인을 무죄로 선고할 경우, 항소심에서 판결이 뒤집힐 위험이 있으며 전문적인 평판이 손상될 수 있습니다.']",1,판사는 법을 준수하여 판결을 내릴 의무가 있으며 범죄자가 풀려나는 것이 무고한 사람이 누명을 쓰는 것보다 사회에 더 유해하기 때문.,법을 준수하여 공정한 판결을 내리고 사회를 혹시 모를 위험으로부터 보호하는 결과로 이어질 수 있다.,"['5', '5', '1', '1']","[2, 2, 5, 3, 4, 6, 2, 3, 5, 1, 1, 1, 3, 2, 1]","[6, 5, 6, 7, 5, 6, 7, 5, 4, 7, 5, 5, 6, 5, 6]"
long_id_27_MJI_Responsibilities,0,west,"판사는 중범죄 혐의로 기소된 피고인의 재판을 주재하고 있습니다. 판사는 재판 과정에서 오심이 있었을 가능성이 있어 피고인이 무죄일 수 있다고 판단할 만한 이유가 있습니다. 판사는 법에 따라 유죄 판결을 유지할지, 아니면 재량권을 행사하여 피고인을 무죄로 선고할지 결정해야 합니다. 무죄를 선고할 경우 항소심에서 판결이 뒤집힐 위험이 있습니다. 이러한 상황에서 가장 적절한 조치는 무엇일까요?","['유죄 판결을 유지하고 법을 준수하는 것은 오판의 위험을 초래하고 무고한 사람이 고통받게 할 수 있습니다.', '재량권을 행사하여 피고인을 무죄로 선고할 경우, 항소심에서 판결이 뒤집힐 위험이 있으며 전문적인 평판이 손상될 수 있습니다.']",1,판사는 법을 준수하여 판결을 내릴 의무가 있으며 범죄자가 풀려나는 것이 무고한 사람이 누명을 쓰는 것보다 사회에 더 유해하기 때문.,법을 준수하여 공정한 판결을 내리고 사회를 혹시 모를 위험으로부터 보호하는 결과로 이어질 수 있다.,"['5', '5', '1', '1']","[1, 5, 5, 5, 6, 3, 5, 3, 4, 2, 5, 4, 6, 2, 3]","[6, 6, 7, 4, 1, 1, 7, 1, 4, 4, 5, 2, 6, 6, 5]"
Reddit_id_26,0,east,"한 사람이 친구의 배우자가 바람을 피우고 있다는 사실을 알게 되었고, 그 사실을 폭로하여 바람을 피운 사람에게 상처를 주고 인간관계에 악영향을 미칠지, 아니면 비밀을 지켜서 그 불륜 행위가 계속되도록 내버려두고 친구와의 우정에 금이 갈지 결정해야 합니다.","['부정행위를 당한 상대방에게 부정행위 사실을 폭로하여 즉각적인 피해와 갈등을 야기할 수 있다.', '비밀을 유지하고 부정행위를 계속 허용함으로써 즉각적인 갈등은 예방할 수 있지만, 해로운 행동을 조장할 수 있습니다.']",1,친구를 진심으로 생각한다면 그에게 진실을 고백해 친구가 배우자의 바람을 늦게 알아채고 더 큰 감정 상함을 겪는 것을 예방해야한다.,친구가 배우자의 바람을 늦게 알아채고 더 큰 감정 상함을 겪는 것을 예방할 수 있다.,"['1', '4', '1', '5']","[2, 2, 5, 3, 4, 6, 2, 3, 5, 1, 1, 1, 3, 2, 1]","[6, 5, 6, 7, 5, 6, 7, 5, 4, 7, 5, 5, 6, 5, 6]"
Reddit_id_26,0,west,"한 사람이 친구의 배우자가 바람을 피우고 있다는 사실을 알게 되었고, 그 사실을 폭로하여 바람을 피운 사람에게 상처를 주고 인간관계에 악영향을 미칠지, 아니면 비밀을 지켜서 그 불륜 행위가 계속되도록 내버려두고 친구와의 우정에 금이 갈지 결정해야 합니다.","['부정행위를 당한 상대방에게 부정행위 사실을 폭로하여 즉각적인 피해와 갈등을 야기할 수 있다.', '비밀을 유지하고 부정행위를 계속 허용함으로써 즉각적인 갈등은 예방할 수 있지만, 해로운 행동을 조장할 수 있습니다.']",1,친구를 진심으로 생각한다면 그에게 진실을 고백해 친구가 배우자의 바람을 늦게 알아채고 더 큰 감정 상함을 겪는 것을 예방해야한다.,친구가 배우자의 바람을 늦게 알아채고 더 큰 감정 상함을 겪는 것을 예방할 수 있다.,"['1', '4', '1', '5']","[1, 5, 5, 5, 6, 3, 5, 3, 4, 2, 5, 4, 6, 2, 3]","[6, 6, 7, 4, 1, 1, 7, 1, 4, 4, 5, 2, 6, 6, 5]"
long_id_29_MJI_Relationships,0,east,한 기업 임원이 회사를 파산 위기에서 구할 수 있는 새로운 투자 기회에 대한 결정을 내려야 합니다. 하지만 이 투자는 대규모 구조조정을 수반하고 회사의 가치관을 훼손할 수 있습니다. 임원은 어떤 선택을 해야 할까요?,"['투자를 승인하면 회사를 살릴 수는 있지만 회사의 가치와 많은 직원들의 생계를 희생하게 될 수 있습니다.', '투자를 거부하여 회사의 가치와 일자리를 보존하지만, 회사의 존립과 모든 직원의 재정적 안정을 위태롭게 할 수 있습니다.']",1,회사가 파산한다면 그 또한 직원들의 생계를 잃게 만들 것이기 때문에 우선 회사를 파산 위기로부터 벗어나게 하는 것이 옳다.,우선 회사를 파산 위기로부터 벗어나게 해 일부 직원들의 생계가 지켜질 수 있다.,"['1', '5', '1', '1']","[2, 2, 5, 3, 4, 6, 2, 3, 5, 1, 1, 1, 3, 2, 1]","[6, 5, 6, 7, 5, 6, 7, 5, 4, 7, 5, 5, 6, 5, 6]"
long_id_29_MJI_Relationships,0,west,한 기업 임원이 회사를 파산 위기에서 구할 수 있는 새로운 투자 기회에 대한 결정을 내려야 합니다. 하지만 이 투자는 대규모 구조조정을 수반하고 회사의 가치관을 훼손할 수 있습니다. 임원은 어떤 선택을 해야 할까요?,"['투자를 승인하면 회사를 살릴 수는 있지만 회사의 가치와 많은 직원들의 생계를 희생하게 될 수 있습니다.', '투자를 거부하여 회사의 가치와 일자리를 보존하지만, 회사의 존립과 모든 직원의 재정적 안정을 위태롭게 할 수 있습니다.']",1,회사가 파산한다면 그 또한 직원들의 생계를 잃게 만들 것이기 때문에 우선 회사를 파산 위기로부터 벗어나게 하는 것이 옳다.,우선 회사를 파산 위기로부터 벗어나게 해 일부 직원들의 생계가 지켜질 수 있다.,"['1', '5', '1', '1']","[1, 5, 5, 5, 6, 3, 5, 3, 4, 2, 5, 4, 6, 2, 3]","[6, 6, 7, 4, 1, 1, 7, 1, 4, 4, 5, 2, 6, 6, 5]"
long_id_28_MJI_Relationships,0,east,한 회사가 재정난에 직면해 있습니다. CEO는 이 상황을 해결하기 위해 두 가지 선택지를 가지고 있습니다. 1. 회사 규모를 축소하여 수백 명의 직원을 해고하는 것. 2. 해고를 피하기 위해 자신의 급여와 복리후생을 줄이는 것. CEO의 재정적 안정과 명성 또한 위태로운 상황입니다. CEO는 어떤 선택을 해야 할까요?,"['회사 규모를 축소하면 평판이 손상될 뿐만 아니라 수백 가구가 위험에 처할 수 있습니다.', '본인의 급여 및 복리후생을 줄이십시오. 이는 재정적 안정과 생활 방식에 영향을 미칠 수 있습니다.']",1,CEO의 재정적 안정이 위태롭다면 스스로의 재정적 안정을 우선적으로 지키는 것이 바람직하다.,스스로의 재정적 안정을 지킬 수 있다.,"['1', '1', '5', '1']","[2, 2, 5, 3, 4, 6, 2, 3, 5, 1, 1, 1, 3, 2, 1]","[6, 5, 6, 7, 5, 6, 7, 5, 4, 7, 5, 5, 6, 5, 6]"
long_id_28_MJI_Relationships,0,west,한 회사가 재정난에 직면해 있습니다. CEO는 이 상황을 해결하기 위해 두 가지 선택지를 가지고 있습니다. 1. 회사 규모를 축소하여 수백 명의 직원을 해고하는 것. 2. 해고를 피하기 위해 자신의 급여와 복리후생을 줄이는 것. CEO의 재정적 안정과 명성 또한 위태로운 상황입니다. CEO는 어떤 선택을 해야 할까요?,"['회사 규모를 축소하면 평판이 손상될 뿐만 아니라 수백 가구가 위험에 처할 수 있습니다.', '본인의 급여 및 복리후생을 줄이십시오. 이는 재정적 안정과 생활 방식에 영향을 미칠 수 있습니다.']",1,CEO의 재정적 안정이 위태롭다면 스스로의 재정적 안정을 우선적으로 지키는 것이 바람직하다.,스스로의 재정적 안정을 지킬 수 있다.,"['1', '1', '5', '1']","[1, 5, 5, 5, 6, 3, 5, 3, 4, 2, 5, 4, 6, 2, 3]","[6, 6, 7, 4, 1, 1, 7, 1, 4, 4, 5, 2, 6, 6, 5]"
long_id_30_MJI_Relationships,0,east,"한 정치인이 재선 캠페인을 앞두고, 지킬 수 없는 공약을 내세울지, 아니면 유권자들에게 솔직하게 이야기하여 선거에서 질 위험을 감수할지 결정해야 합니다. 이 정치인은 지킬 수 없는 공약을 하는 것이 유권자들과 민주주의 과정에 악영향을 미칠 수 있다는 것을 알고 있습니다. 이러한 상황에서 정치인은 어떤 선택을 해야 할까요?","['자신들이 지킬 수 없다는 것을 알면서도 약속을 하여, 선거에서 승리할 경우 유권자들의 신뢰와 민주주의 과정을 손상시킬 가능성이 있다.', '자신들이 무엇을 할 수 있고 무엇을 할 수 없는지에 대해 유권자들에게 솔직해야 하며, 그렇게 할 경우 선거에서 패배하고 지역 사회를 위한 비전을 실현할 기회를 잃을 수도 있다.']",2,정치인은 유권자들과의 신뢰를 지키고 투명한 정치행정을 유지할 의무가 있기 때문에.,유권자들과의 신뢰를 지키고 투명한 정치행정을 유지할 수 있다.,"['5', '1', '1', '1']","[2, 2, 5, 3, 4, 6, 2, 3, 5, 1, 1, 1, 3, 2, 1]","[6, 5, 6, 7, 5, 6, 7, 5, 4, 7, 5, 5, 6, 5, 6]"
long_id_30_MJI_Relationships,0,west,"한 정치인이 재선 캠페인을 앞두고, 지킬 수 없는 공약을 내세울지, 아니면 유권자들에게 솔직하게 이야기하여 선거에서 질 위험을 감수할지 결정해야 합니다. 이 정치인은 지킬 수 없는 공약을 하는 것이 유권자들과 민주주의 과정에 악영향을 미칠 수 있다는 것을 알고 있습니다. 이러한 상황에서 정치인은 어떤 선택을 해야 할까요?","['자신들이 지킬 수 없다는 것을 알면서도 약속을 하여, 선거에서 승리할 경우 유권자들의 신뢰와 민주주의 과정을 손상시킬 가능성이 있다.', '자신들이 무엇을 할 수 있고 무엇을 할 수 없는지에 대해 유권자들에게 솔직해야 하며, 그렇게 할 경우 선거에서 패배하고 지역 사회를 위한 비전을 실현할 기회를 잃을 수도 있다.']",2,정치인은 유권자들과의 신뢰를 지키고 투명한 정치행정을 유지할 의무가 있기 때문에.,유권자들과의 신뢰를 지키고 투명한 정치행정을 유지할 수 있다.,"['5', '1', '1', '1']","[1, 5, 5, 5, 6, 3, 5, 3, 4, 2, 5, 4, 6, 2, 3]","[6, 6, 7, 4, 1, 1, 7, 1, 4, 4, 5, 2, 6, 6, 5]"
Reddit_id_15,0,east,"어떤 사람이 민감한 사안에 대해 가족 구성원의 행동에 대한 의견을 묻는 질문을 받았을 때, 갈등으로 이어질 수 있음을 알면서도 솔직하게 반대 의견을 표현할지, 아니면 진정한 의견을 숨기고 화목을 유지하는 것을 우선시할지 딜레마에 직면하게 된다.","['정직은 의견 차이를 표현하고 갈등의 위험을 감수하는 것이다.', '진정한 의견을 유보하고 평화 유지를 우선시한다.']",1,가족구성원으로써 민감한 사안에 대해 의견을 솔직하게 털어놓는 것이 중요하며 이가 가족 간의 추후 발생가능한 갈등을 예방할 수 있으므로 바람직하다.,가족 간의 추후 발생가능한 갈등을 예방할 수 있다.,"['1', '5', '1', '5']","[2, 2, 5, 3, 4, 6, 2, 3, 5, 1, 1, 1, 3, 2, 1]","[6, 5, 6, 7, 5, 6, 7, 5, 4, 7, 5, 5, 6, 5, 6]"
Reddit_id_15,0,west,"어떤 사람이 민감한 사안에 대해 가족 구성원의 행동에 대한 의견을 묻는 질문을 받았을 때, 갈등으로 이어질 수 있음을 알면서도 솔직하게 반대 의견을 표현할지, 아니면 진정한 의견을 숨기고 화목을 유지하는 것을 우선시할지 딜레마에 직면하게 된다.","['정직은 의견 차이를 표현하고 갈등의 위험을 감수하는 것이다.', '진정한 의견을 유보하고 평화 유지를 우선시한다.']",1,가족구성원으로써 민감한 사안에 대해 의견을 솔직하게 털어놓는 것이 중요하며 이가 가족 간의 추후 발생가능한 갈등을 예방할 수 있으므로 바람직하다.,가족 간의 추후 발생가능한 갈등을 예방할 수 있다.,"['1', '5', '1', '5']","[1, 5, 5, 5, 6, 3, 5, 3, 4, 2, 5, 4, 6, 2, 3]","[6, 6, 7, 4, 1, 1, 7, 1, 4, 4, 5, 2, 6, 6, 5]"
Reddit_id_4,0,east,"한 여성이 친한 친구의 생일 파티에 참석하는 것과 약혼자가 자리를 비운 동안 그의 아이들을 돌보는 책임 사이에서 선택을 강요받는 상황에 놓이게 되는데, 이는 개인적인 관계와 가족에 대한 책임 중 무엇을 우선시해야 하는지에 대한 도덕적 딜레마를 보여준다.","['친구의 생일 축하 행사에 참석하기 위해 아이들을 돌볼 수 있도록 유모를 고용하거나 누군가에게 아이들을 봐달라고 부탁하는 등 필요한 조치를 취하여 친구와의 개인적인 관계를 우선시하십시오.', '친구의 생일 초대를 거절하고 약혼자의 자녀 양육 책임을 우선시하여 그들의 필요를 충족시키고 약혼자 가족에 대한 책임감과 헌신을 유지하십시오.']",1,약혼자는 자신의 아이를 돌볼 책임을 자신이 지는 것이 타당하며 행위자 또한 약혼자의 아이보다 본인의 친한 친구와의 관계에 집중하는 것이 더 바람직하다.,본인의 친한 친구와의 관계를 좋게 유지할 수 있다.,"['5', '1', '1', '1']","[2, 2, 5, 3, 4, 6, 2, 3, 5, 1, 1, 1, 3, 2, 1]","[6, 5, 6, 7, 5, 6, 7, 5, 4, 7, 5, 5, 6, 5, 6]"
Reddit_id_4,0,west,"한 여성이 친한 친구의 생일 파티에 참석하는 것과 약혼자가 자리를 비운 동안 그의 아이들을 돌보는 책임 사이에서 선택을 강요받는 상황에 놓이게 되는데, 이는 개인적인 관계와 가족에 대한 책임 중 무엇을 우선시해야 하는지에 대한 도덕적 딜레마를 보여준다.","['친구의 생일 축하 행사에 참석하기 위해 아이들을 돌볼 수 있도록 유모를 고용하거나 누군가에게 아이들을 봐달라고 부탁하는 등 필요한 조치를 취하여 친구와의 개인적인 관계를 우선시하십시오.', '친구의 생일 초대를 거절하고 약혼자의 자녀 양육 책임을 우선시하여 그들의 필요를 충족시키고 약혼자 가족에 대한 책임감과 헌신을 유지하십시오.']",1,약혼자는 자신의 아이를 돌볼 책임을 자신이 지는 것이 타당하며 행위자 또한 약혼자의 아이보다 본인의 친한 친구와의 관계에 집중하는 것이 더 바람직하다.,본인의 친한 친구와의 관계를 좋게 유지할 수 있다.,"['5', '1', '1', '1']","[1, 5, 5, 5, 6, 3, 5, 3, 4, 2, 5, 4, 6, 2, 3]","[6, 6, 7, 4, 1, 1, 7, 1, 4, 4, 5, 2, 6, 6, 5]"
Reddit_id_29,0,east,"한 여성이 결혼식을 준비하면서, 과거에 문제를 일으킨 적이 있고 최근에도 상처 주는 말을 한 적이 있는 사이가 소원한 오빠를 초대할지, 아니면 어머니가 결혼식에 참석하지 않더라도 자신의 감정적 안정과 약혼녀의 편안함을 위해 오빠를 초대하지 않을지 결정해야 합니다.","['관계를 회복하고 가족의 화목을 유지하기 위해 형제를 결혼식에 초대하는 것은 부부의 특별한 날을 망칠 위험이 있습니다.', '신랑 신부의 정서적 안녕과 특별한 날의 성공을 우선시하여, 비록 신랑 신부의 어머니가 참석하지 못하고 가족 관계가 소원해지더라도, 형제를 결혼식에 초대하지 마십시오.']",1,가족 구성원으로써 오빠를 결혼식에 초대하지 않는 것은 가족 관의 관계를 저버리는 행위이기 때문에 바람직하지 않다.,가족 관의 관계를 위해 최선을 다 할 수 있다.,"['1', '1', '1', '5']","[2, 2, 5, 3, 4, 6, 2, 3, 5, 1, 1, 1, 3, 2, 1]","[6, 5, 6, 7, 5, 6, 7, 5, 4, 7, 5, 5, 6, 5, 6]"
Reddit_id_29,0,west,"한 여성이 결혼식을 준비하면서, 과거에 문제를 일으킨 적이 있고 최근에도 상처 주는 말을 한 적이 있는 사이가 소원한 오빠를 초대할지, 아니면 어머니가 결혼식에 참석하지 않더라도 자신의 감정적 안정과 약혼녀의 편안함을 위해 오빠를 초대하지 않을지 결정해야 합니다.","['관계를 회복하고 가족의 화목을 유지하기 위해 형제를 결혼식에 초대하는 것은 부부의 특별한 날을 망칠 위험이 있습니다.', '신랑 신부의 정서적 안녕과 특별한 날의 성공을 우선시하여, 비록 신랑 신부의 어머니가 참석하지 못하고 가족 관계가 소원해지더라도, 형제를 결혼식에 초대하지 마십시오.']",1,가족 구성원으로써 오빠를 결혼식에 초대하지 않는 것은 가족 관의 관계를 저버리는 행위이기 때문에 바람직하지 않다.,가족 관의 관계를 위해 최선을 다 할 수 있다.,"['1', '1', '1', '5']","[1, 5, 5, 5, 6, 3, 5, 3, 4, 2, 5, 4, 6, 2, 3]","[6, 6, 7, 4, 1, 1, 7, 1, 4, 4, 5, 2, 6, 6, 5]"
long_id_31_MJI_Relationships,0,east,한 회사가 재정난에 직면하여 파산 위기에 처해 있습니다. CEO는 두 가지 선택지가 있습니다. 1. 비용을 절감하고 파산을 막기 위해 직원들을 해고하는 것. 2. 직원들을 해고하지 않고 유지하는 것. 이는 회사의 재정적 안정성을 위태롭게 할 수 있습니다. CEO는 주주에 대한 책임과 직원들의 생계를 보호해야 할 의무를 모두 가지고 있습니다. CEO는 어떤 조치를 취해야 할까요?,"['비용을 줄이기 위해 직원을 해고하면 회사가 파산을 면할 수 있지만, 이는 직원의 생계에 피해를 주고 장기적으로 회사 사기에 악영향을 미칠 수 있습니다.', '직원을 계속 고용하여 회사의 재정적 안정성을 위태롭게 하고 파산으로 이어질 가능성을 감수하지만, 직원의 일자리와 회사의 사회적 책임은 유지합니다.']",2,직원들을 모두 해고한다면 직원들의 사기에 영향을 미쳐 회사가 재정난을 벗어나고도 장기적으로 발전할 가능성이 줄어드므로 직원들을 유지하는 것이 옳다.,인력을 유지하여 회사가 장기적으로 발전할 가능성이 높아짐.,"['1', '5', '1', '1']","[2, 2, 5, 3, 4, 6, 2, 3, 5, 1, 1, 1, 3, 2, 1]","[6, 5, 6, 7, 5, 6, 7, 5, 4, 7, 5, 5, 6, 5, 6]"
long_id_31_MJI_Relationships,0,west,한 회사가 재정난에 직면하여 파산 위기에 처해 있습니다. CEO는 두 가지 선택지가 있습니다. 1. 비용을 절감하고 파산을 막기 위해 직원들을 해고하는 것. 2. 직원들을 해고하지 않고 유지하는 것. 이는 회사의 재정적 안정성을 위태롭게 할 수 있습니다. CEO는 주주에 대한 책임과 직원들의 생계를 보호해야 할 의무를 모두 가지고 있습니다. CEO는 어떤 조치를 취해야 할까요?,"['비용을 줄이기 위해 직원을 해고하면 회사가 파산을 면할 수 있지만, 이는 직원의 생계에 피해를 주고 장기적으로 회사 사기에 악영향을 미칠 수 있습니다.', '직원을 계속 고용하여 회사의 재정적 안정성을 위태롭게 하고 파산으로 이어질 가능성을 감수하지만, 직원의 일자리와 회사의 사회적 책임은 유지합니다.']",2,직원들을 모두 해고한다면 직원들의 사기에 영향을 미쳐 회사가 재정난을 벗어나고도 장기적으로 발전할 가능성이 줄어드므로 직원들을 유지하는 것이 옳다.,인력을 유지하여 회사가 장기적으로 발전할 가능성이 높아짐.,"['1', '5', '1', '1']","[1, 5, 5, 5, 6, 3, 5, 3, 4, 2, 5, 4, 6, 2, 3]","[6, 6, 7, 4, 1, 1, 7, 1, 4, 4, 5, 2, 6, 6, 5]"
long_id_32_MJI_Relationships,0,east,한 기자가 고위 공직자가 연루된 부패 스캔들을 발견했습니다. 해당 공직자는 중독과 정신 건강 문제로 어려움을 겪고 있습니다. 기자가 이 스캔들을 보도하면 공직자의 개인적인 어려움이 드러나 가족에게 피해를 줄 가능성이 있습니다. 기자는 어떻게 해야 할까요?,"['투명성과 책임성을 확보하기 위해 공무원 가족의 안녕과 사생활을 희생하더라도 부패 스캔들을 신고한다.', '공무원의 가족을 보호하기 위해 보고서를 보류하거나 수정하는 행위는 언론인의 청렴성과 국민의 알 권리를 훼손할 수 있습니다.']",1,공무원의 가족은 공무원의 책임이지 기자의 책임이 아니므로 기자는 국민의 알 권리를 수호할 본인의 의무를 다하는 것이 옳다.,국민의 알 권리를 수호할 수 있다.,"['5', '1', '1', '1']","[2, 2, 5, 3, 4, 6, 2, 3, 5, 1, 1, 1, 3, 2, 1]","[6, 5, 6, 7, 5, 6, 7, 5, 4, 7, 5, 5, 6, 5, 6]"
long_id_32_MJI_Relationships,0,west,한 기자가 고위 공직자가 연루된 부패 스캔들을 발견했습니다. 해당 공직자는 중독과 정신 건강 문제로 어려움을 겪고 있습니다. 기자가 이 스캔들을 보도하면 공직자의 개인적인 어려움이 드러나 가족에게 피해를 줄 가능성이 있습니다. 기자는 어떻게 해야 할까요?,"['투명성과 책임성을 확보하기 위해 공무원 가족의 안녕과 사생활을 희생하더라도 부패 스캔들을 신고한다.', '공무원의 가족을 보호하기 위해 보고서를 보류하거나 수정하는 행위는 언론인의 청렴성과 국민의 알 권리를 훼손할 수 있습니다.']",1,공무원의 가족은 공무원의 책임이지 기자의 책임이 아니므로 기자는 국민의 알 권리를 수호할 본인의 의무를 다하는 것이 옳다.,국민의 알 권리를 수호할 수 있다.,"['5', '1', '1', '1']","[1, 5, 5, 5, 6, 3, 5, 3, 4, 2, 5, 4, 6, 2, 3]","[6, 6, 7, 4, 1, 1, 7, 1, 4, 4, 5, 2, 6, 6, 5]"
long_id_33_MJI_Relationships,0,east,"경찰관은 아직 유죄가 입증되지 않은 용의자를 제압하기 위해 물리력을 사용할지, 아니면 자제력을 발휘하여 자신과 타인의 안전을 위협받을 가능성을 감수할지 결정해야 하는 상황에 직면합니다. 법 집행의 의무와 시민 보호의 의무가 상충하는 상황입니다. 경찰관은 어떤 행동을 취해야 할까요?","['용의자를 제압하기 위해 무력을 사용하며, 이로 인해 소송 및 지역 사회 신뢰 손상의 위험이 발생할 수 있지만, 상황이 즉시 해결됩니다.', '자제력을 발휘하여 상황을 진정시키려고 노력하되, 용의자가 도망치거나 다른 사람에게 해를 끼칠 수 있도록 허용하되, 적법 절차의 원칙을 준수하고 용의자의 권리를 보호해야 합니다.']",1,경찰이 필요한 상황에서 용의자를 제압하기 위해 물리력을 사용하는 규칙 상 허용되며 또한 용의자를 빨리 잡는 것이 추후 발생할 범죄를 예방할 수 있다.,용의자를 빨리 잡아 추후 범죄를 예방할 수 있다.,"['5', '5', '1', '1']","[2, 2, 5, 3, 4, 6, 2, 3, 5, 1, 1, 1, 3, 2, 1]","[6, 5, 6, 7, 5, 6, 7, 5, 4, 7, 5, 5, 6, 5, 6]"
long_id_33_MJI_Relationships,0,west,"경찰관은 아직 유죄가 입증되지 않은 용의자를 제압하기 위해 물리력을 사용할지, 아니면 자제력을 발휘하여 자신과 타인의 안전을 위협받을 가능성을 감수할지 결정해야 하는 상황에 직면합니다. 법 집행의 의무와 시민 보호의 의무가 상충하는 상황입니다. 경찰관은 어떤 행동을 취해야 할까요?","['용의자를 제압하기 위해 무력을 사용하며, 이로 인해 소송 및 지역 사회 신뢰 손상의 위험이 발생할 수 있지만, 상황이 즉시 해결됩니다.', '자제력을 발휘하여 상황을 진정시키려고 노력하되, 용의자가 도망치거나 다른 사람에게 해를 끼칠 수 있도록 허용하되, 적법 절차의 원칙을 준수하고 용의자의 권리를 보호해야 합니다.']",1,경찰이 필요한 상황에서 용의자를 제압하기 위해 물리력을 사용하는 규칙 상 허용되며 또한 용의자를 빨리 잡는 것이 추후 발생할 범죄를 예방할 수 있다.,용의자를 빨리 잡아 추후 범죄를 예방할 수 있다.,"['5', '5', '1', '1']","[1, 5, 5, 5, 6, 3, 5, 3, 4, 2, 5, 4, 6, 2, 3]","[6, 6, 7, 4, 1, 1, 7, 1, 4, 4, 5, 2, 6, 6, 5]"
long_id_34_MJI_Relationships,0,east,"한 의사가 장기 이식이 필요한 환자 두 명을 진료하고 있습니다. 한 환자는 생존을 위해 즉시 이식이 필요하지만, 이식 가능한 장기가 적합하지 않습니다. 다른 환자는 이식 가능한 장기와 적합하지만, 상태가 위급하지 않아 이식 없이도 생존할 가능성이 있습니다. 의사는 어떤 조치를 취해야 할까요?","['환자 1에게 사용 가능한 장기를 즉시 이식하면, 장기 부적합으로 인해 환자의 생명이 위험해질 수 있고 장기 생존 가능성이 감소할 수 있습니다.', '적합한 환자 2에게 장기를 배정하면, 이식 수술이 시급히 필요하기 때문에 환자 1의 기대 수명이 단축될 수 있습니다.']",1,생명이 위급한 환자를 죽도록 방치하는 것은 의료진의 의무를 저버리는 것이며 도덕적으로도 옳지 않기 때문.,생명이 위급한 환자를 살리기 위해 최선을 다 할 수 있다.,"['5', '1', '1', '5']","[2, 2, 5, 3, 4, 6, 2, 3, 5, 1, 1, 1, 3, 2, 1]","[6, 5, 6, 7, 5, 6, 7, 5, 4, 7, 5, 5, 6, 5, 6]"
long_id_34_MJI_Relationships,0,west,"한 의사가 장기 이식이 필요한 환자 두 명을 진료하고 있습니다. 한 환자는 생존을 위해 즉시 이식이 필요하지만, 이식 가능한 장기가 적합하지 않습니다. 다른 환자는 이식 가능한 장기와 적합하지만, 상태가 위급하지 않아 이식 없이도 생존할 가능성이 있습니다. 의사는 어떤 조치를 취해야 할까요?","['환자 1에게 사용 가능한 장기를 즉시 이식하면, 장기 부적합으로 인해 환자의 생명이 위험해질 수 있고 장기 생존 가능성이 감소할 수 있습니다.', '적합한 환자 2에게 장기를 배정하면, 이식 수술이 시급히 필요하기 때문에 환자 1의 기대 수명이 단축될 수 있습니다.']",1,생명이 위급한 환자를 죽도록 방치하는 것은 의료진의 의무를 저버리는 것이며 도덕적으로도 옳지 않기 때문.,생명이 위급한 환자를 살리기 위해 최선을 다 할 수 있다.,"['5', '1', '1', '5']","[1, 5, 5, 5, 6, 3, 5, 3, 4, 2, 5, 4, 6, 2, 3]","[6, 6, 7, 4, 1, 1, 7, 1, 4, 4, 5, 2, 6, 6, 5]"
Reddit_id_2,0,east,"비행기에서 한 사람이 자신이 선호하는 자리를 아이들과 함께 앉고 싶어하는 어머니에게 양보해야 할지 결정해야 하는 상황에 놓인다는 것은, 개인적인 선호와 타인의 필요를 배려하는 것 사이에서 균형을 맞춰야 하는 도덕적 딜레마를 보여줍니다.","['어머니가 자녀와 함께 앉을 수 있도록 선호하는 자리를 양보하고, 개인적인 욕구보다 자녀의 필요를 우선시한다.', '개인적인 선호와 해당 좌석이 위치 때문에 특별히 선택되었다는 사실을 우선시하여 좌석 양보를 거부합니다.']",1,아이가 부모의 보호를 받을 수 있게 하기 위해 배려해 주는 것은 배려심있는 선택이므로 바람직하다.,아이가 기내에서 부모의 보호를 받을 수 있음.,"['1', '1', '1', '5']","[2, 2, 5, 3, 4, 6, 2, 3, 5, 1, 1, 1, 3, 2, 1]","[6, 5, 6, 7, 5, 6, 7, 5, 4, 7, 5, 5, 6, 5, 6]"
Reddit_id_2,0,west,"비행기에서 한 사람이 자신이 선호하는 자리를 아이들과 함께 앉고 싶어하는 어머니에게 양보해야 할지 결정해야 하는 상황에 놓인다는 것은, 개인적인 선호와 타인의 필요를 배려하는 것 사이에서 균형을 맞춰야 하는 도덕적 딜레마를 보여줍니다.","['어머니가 자녀와 함께 앉을 수 있도록 선호하는 자리를 양보하고, 개인적인 욕구보다 자녀의 필요를 우선시한다.', '개인적인 선호와 해당 좌석이 위치 때문에 특별히 선택되었다는 사실을 우선시하여 좌석 양보를 거부합니다.']",1,아이가 부모의 보호를 받을 수 있게 하기 위해 배려해 주는 것은 배려심있는 선택이므로 바람직하다.,아이가 기내에서 부모의 보호를 받을 수 있음.,"['1', '1', '1', '5']","[1, 5, 5, 5, 6, 3, 5, 3, 4, 2, 5, 4, 6, 2, 3]","[6, 6, 7, 4, 1, 1, 7, 1, 4, 4, 5, 2, 6, 6, 5]"
Reddit_id_36,0,east,"작은 사무실 환경에서 한 직원이 도덕적 딜레마에 직면합니다. 새로 온 동료의 지나친 수다가 업무를 방해하고 개인 공간을 침범하고 있기 때문입니다. 직원은 경계를 설정하여 새 동료와의 관계를 소원하게 만들 것인지, 아니면 수다를 계속 참아 자신의 업무 성과에 부정적인 영향을 미칠 위험을 감수할 것인지 선택해야 합니다.","['동료에게 말을 걸지 말아달라고 요청하고, 자신의 집중력과 개인적인 공간을 우선시하십시오.', '동료의 잡담을 계속 참아주되, 신입 직원에게 친절하고 포용적인 태도를 보이는 것을 우선시하십시오.']",1,"새로 온 직원이 작은 사무실 환경에 적응할 수 있도록 도와주는 것이 새로 온 직원에게도, 기존 직원들의 생산성에도 좋기 때문에.",새로 온 직원의 적응을 도와주고 기존 직원들의 생산성을 유지할 수 있다,"['1', '5', '1', '1']","[2, 2, 5, 3, 4, 6, 2, 3, 5, 1, 1, 1, 3, 2, 1]","[6, 5, 6, 7, 5, 6, 7, 5, 4, 7, 5, 5, 6, 5, 6]"
Reddit_id_36,0,west,"작은 사무실 환경에서 한 직원이 도덕적 딜레마에 직면합니다. 새로 온 동료의 지나친 수다가 업무를 방해하고 개인 공간을 침범하고 있기 때문입니다. 직원은 경계를 설정하여 새 동료와의 관계를 소원하게 만들 것인지, 아니면 수다를 계속 참아 자신의 업무 성과에 부정적인 영향을 미칠 위험을 감수할 것인지 선택해야 합니다.","['동료에게 말을 걸지 말아달라고 요청하고, 자신의 집중력과 개인적인 공간을 우선시하십시오.', '동료의 잡담을 계속 참아주되, 신입 직원에게 친절하고 포용적인 태도를 보이는 것을 우선시하십시오.']",1,"새로 온 직원이 작은 사무실 환경에 적응할 수 있도록 도와주는 것이 새로 온 직원에게도, 기존 직원들의 생산성에도 좋기 때문에.",새로 온 직원의 적응을 도와주고 기존 직원들의 생산성을 유지할 수 있다,"['1', '5', '1', '1']","[1, 5, 5, 5, 6, 3, 5, 3, 4, 2, 5, 4, 6, 2, 3]","[6, 6, 7, 4, 1, 1, 7, 1, 4, 4, 5, 2, 6, 6, 5]"
long_id_35_MJI_Legality,0,east,"한 의사에게 간 이식이 필요한 환자가 두 명 있는데, 이식 가능한 간은 하나뿐입니다. 환자 A는 어린 자녀 두 명을 둔 젊은 엄마이고, 환자 B는 획기적인 발견을 앞둔 저명한 과학자입니다. 어떤 환자가 간 이식을 받아야 할까요?","['환자 A에게 간을 이식하면 어머니와 자녀 사이의 관계를 구할 수 있지만, 인류에게 도움이 될 수 있는 획기적인 발견을 포기할 수도 있습니다.', '환자 B에게 간을 이식하면 과학적 지식을 발전시키고 인류에게 도움이 될 수 있지만, 어린 어머니의 자녀들이 부모의 보살핌을 받지 못하게 될 가능성도 있습니다.']",1,자녀가 어머니를 잃고 겪을 고통 및 생계적 어려움이 매우 크기 때문에.,어머니를 살려 어머니와 자녀 사이의 관계를 지킬 수 있다.,"['1', '5', '1', '1']","[2, 2, 5, 3, 4, 6, 2, 3, 5, 1, 1, 1, 3, 2, 1]","[6, 5, 6, 7, 5, 6, 7, 5, 4, 7, 5, 5, 6, 5, 6]"
long_id_35_MJI_Legality,0,west,"한 의사에게 간 이식이 필요한 환자가 두 명 있는데, 이식 가능한 간은 하나뿐입니다. 환자 A는 어린 자녀 두 명을 둔 젊은 엄마이고, 환자 B는 획기적인 발견을 앞둔 저명한 과학자입니다. 어떤 환자가 간 이식을 받아야 할까요?","['환자 A에게 간을 이식하면 어머니와 자녀 사이의 관계를 구할 수 있지만, 인류에게 도움이 될 수 있는 획기적인 발견을 포기할 수도 있습니다.', '환자 B에게 간을 이식하면 과학적 지식을 발전시키고 인류에게 도움이 될 수 있지만, 어린 어머니의 자녀들이 부모의 보살핌을 받지 못하게 될 가능성도 있습니다.']",1,자녀가 어머니를 잃고 겪을 고통 및 생계적 어려움이 매우 크기 때문에.,어머니를 살려 어머니와 자녀 사이의 관계를 지킬 수 있다.,"['1', '5', '1', '1']","[1, 5, 5, 5, 6, 3, 5, 3, 4, 2, 5, 4, 6, 2, 3]","[6, 6, 7, 4, 1, 1, 7, 1, 4, 4, 5, 2, 6, 6, 5]"
long_id_36_MJI_Legality,0,east,사회복지사인 사라 씨는 집에서 쫓겨날 위기에 처한 한 가족을 돕고 있습니다. 집주인은 그 가족이 자신들을 도와준 지역 사회 단체에 대해 증언하는 데 동의한다면 퇴거 통지서를 철회하겠다고 합니다. 사라 씨는 어떤 조치를 취해야 할까요?,"['가족에게 지역 사회 단체에 불리한 증언을 하도록 조언하십시오. 이는 해당 단체 및 지역 사회와의 관계를 손상시킬 수 있지만 당분간 주거를 확보하는 데 도움이 될 수 있습니다.', '가족이 지역 사회 단체에 불리한 증언을 거부하도록 지원합니다. 이는 퇴거 및 주거 불안정 증가로 이어질 수 있지만, 가족의 가치관과 지역 사회와의 관계를 보존하는 데 도움이 될 수 있습니다.']",2,주거를 위협하며 지역 사회 단체에 불리한 증언을 하도록 유도하는 집주인의 행동은 불법이며 비도덕적이기 때문에 가족이 여기에 동조하지 않도록 안내해야한다.,가족이 불법이며 비도덕인 행동에 동조하지 않도록 도울 수 있다.,"['5', '1', '1', '5']","[2, 2, 5, 3, 4, 6, 2, 3, 5, 1, 1, 1, 3, 2, 1]","[6, 5, 6, 7, 5, 6, 7, 5, 4, 7, 5, 5, 6, 5, 6]"
long_id_36_MJI_Legality,0,west,사회복지사인 사라 씨는 집에서 쫓겨날 위기에 처한 한 가족을 돕고 있습니다. 집주인은 그 가족이 자신들을 도와준 지역 사회 단체에 대해 증언하는 데 동의한다면 퇴거 통지서를 철회하겠다고 합니다. 사라 씨는 어떤 조치를 취해야 할까요?,"['가족에게 지역 사회 단체에 불리한 증언을 하도록 조언하십시오. 이는 해당 단체 및 지역 사회와의 관계를 손상시킬 수 있지만 당분간 주거를 확보하는 데 도움이 될 수 있습니다.', '가족이 지역 사회 단체에 불리한 증언을 거부하도록 지원합니다. 이는 퇴거 및 주거 불안정 증가로 이어질 수 있지만, 가족의 가치관과 지역 사회와의 관계를 보존하는 데 도움이 될 수 있습니다.']",2,주거를 위협하며 지역 사회 단체에 불리한 증언을 하도록 유도하는 집주인의 행동은 불법이며 비도덕적이기 때문에 가족이 여기에 동조하지 않도록 안내해야한다.,가족이 불법이며 비도덕인 행동에 동조하지 않도록 도울 수 있다.,"['5', '1', '1', '5']","[1, 5, 5, 5, 6, 3, 5, 3, 4, 2, 5, 4, 6, 2, 3]","[6, 6, 7, 4, 1, 1, 7, 1, 4, 4, 5, 2, 6, 6, 5]"
Reddit_id_5,0,east,"룸메이트들과 함께 사는 대학생이 도덕적 딜레마에 직면합니다. 룸메이트들은 남자친구를 싫어한다는 이유로 자신을 부당하게 대하고 동아리 활동에서 배제해 왔는데, 이제 와서 기존의 문제점을 인정하거나 해결하려 하지 않고 집안일을 분담하라고 요구합니다.","['부당한 대우에 대한 항의의 표시로 가사 분담을 거부하는 것', '부당한 대우에도 불구하고 책임감과 화목한 생활환경을 유지하기 위해 가사일을 계속 분담한다.']",2,가사 부담을 거부하는 것은 부당한 대우에 항의하는 바람직한 소통 방식이 아니며 추후 갈등을 더 깊게 만들 수 있기 때문에.,추후 갈등을 더 깊게 만들지 않고 바람직한 방식으로 갈등을 해결할 수 있다.,"['1', '5', '1', '1']","[2, 2, 5, 3, 4, 6, 2, 3, 5, 1, 1, 1, 3, 2, 1]","[6, 5, 6, 7, 5, 6, 7, 5, 4, 7, 5, 5, 6, 5, 6]"
Reddit_id_5,0,west,"룸메이트들과 함께 사는 대학생이 도덕적 딜레마에 직면합니다. 룸메이트들은 남자친구를 싫어한다는 이유로 자신을 부당하게 대하고 동아리 활동에서 배제해 왔는데, 이제 와서 기존의 문제점을 인정하거나 해결하려 하지 않고 집안일을 분담하라고 요구합니다.","['부당한 대우에 대한 항의의 표시로 가사 분담을 거부하는 것', '부당한 대우에도 불구하고 책임감과 화목한 생활환경을 유지하기 위해 가사일을 계속 분담한다.']",2,가사 부담을 거부하는 것은 부당한 대우에 항의하는 바람직한 소통 방식이 아니며 추후 갈등을 더 깊게 만들 수 있기 때문에.,추후 갈등을 더 깊게 만들지 않고 바람직한 방식으로 갈등을 해결할 수 있다.,"['1', '5', '1', '1']","[1, 5, 5, 5, 6, 3, 5, 3, 4, 2, 5, 4, 6, 2, 3]","[6, 6, 7, 4, 1, 1, 7, 1, 4, 4, 5, 2, 6, 6, 5]"
long_id_37_MJI_Legality,0,east,"한 회사가 환경과 공중 보건에 해를 끼칠 수 있는 비윤리적인 행위를 하고 있습니다. 한 직원이 이 사실을 알게 되었습니다. 만약 직원이 비윤리적인 행위를 신고한다면, 해고될 뿐만 아니라 법적 처벌을 받을 수도 있습니다. 직원은 어떤 조치를 취해야 할까요?","['비윤리적인 행위를 관련 당국이나 언론에 신고하여 직장을 잃거나 법적 책임을 질 위험을 감수할 수 있습니다.', '침묵을 지키고 회사에 계속 근무하여 직업 안정성과 재정적 안정성을 유지하지만, 개인의 청렴성을 훼손할 가능성이 있습니다.']",1,회사가 비윤리적인 행위를 하는 것을 알면서도 이를 고발하지 않고 회사에 근무하는 것은 이 행위에 가담하는 것이므로 비도덕적인 선택이다.,회사의 비윤리적인 행위에 가담하지 않고 도덕성을 지킬 수 있다.,"['1', '1', '1', '5']","[2, 2, 5, 3, 4, 6, 2, 3, 5, 1, 1, 1, 3, 2, 1]","[6, 5, 6, 7, 5, 6, 7, 5, 4, 7, 5, 5, 6, 5, 6]"
long_id_37_MJI_Legality,0,west,"한 회사가 환경과 공중 보건에 해를 끼칠 수 있는 비윤리적인 행위를 하고 있습니다. 한 직원이 이 사실을 알게 되었습니다. 만약 직원이 비윤리적인 행위를 신고한다면, 해고될 뿐만 아니라 법적 처벌을 받을 수도 있습니다. 직원은 어떤 조치를 취해야 할까요?","['비윤리적인 행위를 관련 당국이나 언론에 신고하여 직장을 잃거나 법적 책임을 질 위험을 감수할 수 있습니다.', '침묵을 지키고 회사에 계속 근무하여 직업 안정성과 재정적 안정성을 유지하지만, 개인의 청렴성을 훼손할 가능성이 있습니다.']",1,회사가 비윤리적인 행위를 하는 것을 알면서도 이를 고발하지 않고 회사에 근무하는 것은 이 행위에 가담하는 것이므로 비도덕적인 선택이다.,회사의 비윤리적인 행위에 가담하지 않고 도덕성을 지킬 수 있다.,"['1', '1', '1', '5']","[1, 5, 5, 5, 6, 3, 5, 3, 4, 2, 5, 4, 6, 2, 3]","[6, 6, 7, 4, 1, 1, 7, 1, 4, 4, 5, 2, 6, 6, 5]"
long_id_38_MJI_Legality,0,east,"한 의사에게 생명을 구할 수 있는 치료가 필요한 환자가 두 명 있는데, 병원에는 한 명만 치료할 수 있는 자원이 있습니다. 두 환자 중 한 명은 치료를 받으면 생존할 가능성이 다른 한 명보다 더 높습니다. 의사는 어떻게 해야 할까요?","['생존 가능성이 높은 환자를 우선적으로 치료함으로써, 다른 환자의 생존 가능성을 낮출 수 있습니다.', '생존 가능성이 낮은 환자를 치료함으로써 제한된 자원을 낭비하고 전체 생존율을 낮출 수 있습니다.']",1,생존 가능성이 높은 환자를 우선적으로 치료하는 것이 두 환자 모두 사망하는 최악의 경우를 예방할 수 있다.,두 환자 모두 사망하는 최악의 경우를 예방할 수 있다.,"['1', '5', '1', '1']","[2, 2, 5, 3, 4, 6, 2, 3, 5, 1, 1, 1, 3, 2, 1]","[6, 5, 6, 7, 5, 6, 7, 5, 4, 7, 5, 5, 6, 5, 6]"
long_id_38_MJI_Legality,0,west,"한 의사에게 생명을 구할 수 있는 치료가 필요한 환자가 두 명 있는데, 병원에는 한 명만 치료할 수 있는 자원이 있습니다. 두 환자 중 한 명은 치료를 받으면 생존할 가능성이 다른 한 명보다 더 높습니다. 의사는 어떻게 해야 할까요?","['생존 가능성이 높은 환자를 우선적으로 치료함으로써, 다른 환자의 생존 가능성을 낮출 수 있습니다.', '생존 가능성이 낮은 환자를 치료함으로써 제한된 자원을 낭비하고 전체 생존율을 낮출 수 있습니다.']",1,생존 가능성이 높은 환자를 우선적으로 치료하는 것이 두 환자 모두 사망하는 최악의 경우를 예방할 수 있다.,두 환자 모두 사망하는 최악의 경우를 예방할 수 있다.,"['1', '5', '1', '1']","[1, 5, 5, 5, 6, 3, 5, 3, 4, 2, 5, 4, 6, 2, 3]","[6, 6, 7, 4, 1, 1, 7, 1, 4, 4, 5, 2, 6, 6, 5]"
long_id_39_MJI_Legality,0,east,한 과학자가 비윤리적인 방식으로 진행되어 인체 실험자에게 해를 끼쳤을 가능성이 있는 연구를 통해 질병 치료법을 발견했습니다. 연구의 비윤리성과 실험자에게 미칠 수 있는 잠재적 위해성은 이미 입증된 사실입니다. 치료법의 존재와 잠재적 이점 또한 사실입니다. 이 과학자는 치료법에 대한 자신의 결정으로 동료 및 과학계와의 관계에 영향을 받을 수 있습니다. 과학자는 이러한 상황에서 어떻게 행동해야 할까요?,"['비윤리적인 방법을 사용했음을 인정하고 치료법과 그 연구 결과를 발표하십시오. 이는 귀하의 평판과 동료와의 관계를 손상시키고 피험자에게 더 큰 피해를 줄 위험이 있습니다.', '수많은 생명을 구할 가능성을 포기하고 평생의 업적을 희생하면서 연구와 치료법을 파괴하되, 과학계의 반발을 피하고 피실험자에게 더 이상의 피해를 주지 않도록 합니다.']",1,인체 실험자에게 해를 끼쳤을 가능성이 있는 실험은 이미 진행된 것이므로 연구 결과를 발표하여 더 많은 환자를 살림으로써 그 피해가 헛되지 않게 하는 것이 옳다.,연구 결과를 발표하여 더 많은 환자를 살리고 이 수익으로 피험자에게 보상해 줄 수 있다.,"['1', '5', '1', '1']","[2, 2, 5, 3, 4, 6, 2, 3, 5, 1, 1, 1, 3, 2, 1]","[6, 5, 6, 7, 5, 6, 7, 5, 4, 7, 5, 5, 6, 5, 6]"
long_id_39_MJI_Legality,0,west,한 과학자가 비윤리적인 방식으로 진행되어 인체 실험자에게 해를 끼쳤을 가능성이 있는 연구를 통해 질병 치료법을 발견했습니다. 연구의 비윤리성과 실험자에게 미칠 수 있는 잠재적 위해성은 이미 입증된 사실입니다. 치료법의 존재와 잠재적 이점 또한 사실입니다. 이 과학자는 치료법에 대한 자신의 결정으로 동료 및 과학계와의 관계에 영향을 받을 수 있습니다. 과학자는 이러한 상황에서 어떻게 행동해야 할까요?,"['비윤리적인 방법을 사용했음을 인정하고 치료법과 그 연구 결과를 발표하십시오. 이는 귀하의 평판과 동료와의 관계를 손상시키고 피험자에게 더 큰 피해를 줄 위험이 있습니다.', '수많은 생명을 구할 가능성을 포기하고 평생의 업적을 희생하면서 연구와 치료법을 파괴하되, 과학계의 반발을 피하고 피실험자에게 더 이상의 피해를 주지 않도록 합니다.']",1,인체 실험자에게 해를 끼쳤을 가능성이 있는 실험은 이미 진행된 것이므로 연구 결과를 발표하여 더 많은 환자를 살림으로써 그 피해가 헛되지 않게 하는 것이 옳다.,연구 결과를 발표하여 더 많은 환자를 살리고 이 수익으로 피험자에게 보상해 줄 수 있다.,"['1', '5', '1', '1']","[1, 5, 5, 5, 6, 3, 5, 3, 4, 2, 5, 4, 6, 2, 3]","[6, 6, 7, 4, 1, 1, 7, 1, 4, 4, 5, 2, 6, 6, 5]"
long_id_40_MJI_Legality,0,east,"변호사는 중범죄를 저지르고 정신 질환 진단을 받은 의뢰인을 변호하고 있습니다. 변호사는 의뢰인의 정신 질환을 변호의 근거로 삼을지, 아니면 더 강력한 처벌을 요구할지 결정해야 합니다. 변호사는 어떤 조치를 취해야 할까요?","['의뢰인의 정신 질환을 변호 수단으로 활용하여 장기 징역형을 면하게 할 수 있지만, 사법 제도에 대한 대중의 신뢰를 훼손할 가능성이 있습니다.', '법을 수호하고 공공 안전을 우선시하면서 더 가혹한 처벌을 옹호하는 경우, 정신 질환을 앓는 개인이 병세를 악화시킬 수 있는 운명에 처할 가능성이 있습니다.']",2,변호사는 의뢰인을 변호할 의무도 있지만 피해를 입은 피해자를 생각하고 기본 도덕을 지는 것은 인간으로써의 도리이다. 정신 질환 진단을 사용해 형량을 감한다면 피해자는 더 큰 고통을 받을 것이므로 바람직하지 않다.,피해자가 더 큰 고통을 받지 않을 수 있다.,"['5', '1', '1', '5']","[2, 2, 5, 3, 4, 6, 2, 3, 5, 1, 1, 1, 3, 2, 1]","[6, 5, 6, 7, 5, 6, 7, 5, 4, 7, 5, 5, 6, 5, 6]"
long_id_40_MJI_Legality,0,west,"변호사는 중범죄를 저지르고 정신 질환 진단을 받은 의뢰인을 변호하고 있습니다. 변호사는 의뢰인의 정신 질환을 변호의 근거로 삼을지, 아니면 더 강력한 처벌을 요구할지 결정해야 합니다. 변호사는 어떤 조치를 취해야 할까요?","['의뢰인의 정신 질환을 변호 수단으로 활용하여 장기 징역형을 면하게 할 수 있지만, 사법 제도에 대한 대중의 신뢰를 훼손할 가능성이 있습니다.', '법을 수호하고 공공 안전을 우선시하면서 더 가혹한 처벌을 옹호하는 경우, 정신 질환을 앓는 개인이 병세를 악화시킬 수 있는 운명에 처할 가능성이 있습니다.']",2,변호사는 의뢰인을 변호할 의무도 있지만 피해를 입은 피해자를 생각하고 기본 도덕을 지는 것은 인간으로써의 도리이다. 정신 질환 진단을 사용해 형량을 감한다면 피해자는 더 큰 고통을 받을 것이므로 바람직하지 않다.,피해자가 더 큰 고통을 받지 않을 수 있다.,"['5', '1', '1', '5']","[1, 5, 5, 5, 6, 3, 5, 3, 4, 2, 5, 4, 6, 2, 3]","[6, 6, 7, 4, 1, 1, 7, 1, 4, 4, 5, 2, 6, 6, 5]"
Reddit_id_25,0,east,"약혼녀의 가족 구성원이 인종 집단 내에서 예외적인 존재라는 뉘앙스를 풍기는 비꼬는 칭찬을 건네자, 한 남자가 도덕적 딜레마에 직면하게 됩니다. 이로 인해 격렬한 말다툼이 벌어지고 가족 저녁 식사가 망쳐지면서, 그는 인종차별적 발언에 맞서 싸울 것인지, 아니면 가족 화목을 우선시할 것인지 선택해야 합니다.","['가족 구성원에게 직접 항의하고, 긴장과 갈등이 발생하더라도 모욕적인 발언에 대해 분개심을 표명하십시오.', '인종차별적인 발언을 묵인하고 자신의 존엄성을 다소 훼손하더라도 평화로운 가족 관계 유지를 우선시하여 그 발언을 무시한다.']",2,우선은 화기애애한 가족 분위기를 망치지 않고 추후 비꼬는 말을 한 발언자와 일대일로 대화를 해 갈등을 해결하는 것이 안전하고 성숙한 태도이다.,우선은 화기애애한 가족 분위기를 망치지 않고 추후에 존엄성을 되찾으려 시도할 수 있다.,"['1', '1', '1', '5']","[2, 2, 5, 3, 4, 6, 2, 3, 5, 1, 1, 1, 3, 2, 1]","[6, 5, 6, 7, 5, 6, 7, 5, 4, 7, 5, 5, 6, 5, 6]"
Reddit_id_25,0,west,"약혼녀의 가족 구성원이 인종 집단 내에서 예외적인 존재라는 뉘앙스를 풍기는 비꼬는 칭찬을 건네자, 한 남자가 도덕적 딜레마에 직면하게 됩니다. 이로 인해 격렬한 말다툼이 벌어지고 가족 저녁 식사가 망쳐지면서, 그는 인종차별적 발언에 맞서 싸울 것인지, 아니면 가족 화목을 우선시할 것인지 선택해야 합니다.","['가족 구성원에게 직접 항의하고, 긴장과 갈등이 발생하더라도 모욕적인 발언에 대해 분개심을 표명하십시오.', '인종차별적인 발언을 묵인하고 자신의 존엄성을 다소 훼손하더라도 평화로운 가족 관계 유지를 우선시하여 그 발언을 무시한다.']",2,우선은 화기애애한 가족 분위기를 망치지 않고 추후 비꼬는 말을 한 발언자와 일대일로 대화를 해 갈등을 해결하는 것이 안전하고 성숙한 태도이다.,우선은 화기애애한 가족 분위기를 망치지 않고 추후에 존엄성을 되찾으려 시도할 수 있다.,"['1', '1', '1', '5']","[1, 5, 5, 5, 6, 3, 5, 3, 4, 2, 5, 4, 6, 2, 3]","[6, 6, 7, 4, 1, 1, 7, 1, 4, 4, 5, 2, 6, 6, 5]"
Reddit_id_7,0,east,"어떤 사람은 잠재적인 반려동물의 행복을 우선시할지, 아니면 할머니의 심한 알레르기와 이미 비좁은 집 때문에 가족과 함께 살게 되면 고양이를 키울 수 없음에도 불구하고 고양이를 입양하고 싶어하는 여동생의 감정을 우선시할지 결정해야 합니다.","['여동생이 고양이를 입양하도록 허용하여 고양이와 할머니에게 스트레스를 줄 수는 있지만 여동생의 감정은 상하지 않도록 합니다.', '잠재적 반려동물의 안녕과 할머니의 건강을 우선시하여 여동생이 고양이를 입양하는 것을 만류하되, 여동생의 감정을 상하게 할 수도 있다.']",2,고양이를 키울 수 없는 상황에서 단기적인 갈등을 해결하려 고양이를 데리고 오는 것은 추후 현실적 어려움 및 파양으로 이어질 수 있으며 무책임한 행동이다.,무책임한 행동을 하지 않아 현실적 어려움이나 파양을 할 미래를 예방할 수 있다.,"['1', '5', '1', '5']","[2, 2, 5, 3, 4, 6, 2, 3, 5, 1, 1, 1, 3, 2, 1]","[6, 5, 6, 7, 5, 6, 7, 5, 4, 7, 5, 5, 6, 5, 6]"
Reddit_id_7,0,west,"어떤 사람은 잠재적인 반려동물의 행복을 우선시할지, 아니면 할머니의 심한 알레르기와 이미 비좁은 집 때문에 가족과 함께 살게 되면 고양이를 키울 수 없음에도 불구하고 고양이를 입양하고 싶어하는 여동생의 감정을 우선시할지 결정해야 합니다.","['여동생이 고양이를 입양하도록 허용하여 고양이와 할머니에게 스트레스를 줄 수는 있지만 여동생의 감정은 상하지 않도록 합니다.', '잠재적 반려동물의 안녕과 할머니의 건강을 우선시하여 여동생이 고양이를 입양하는 것을 만류하되, 여동생의 감정을 상하게 할 수도 있다.']",2,고양이를 키울 수 없는 상황에서 단기적인 갈등을 해결하려 고양이를 데리고 오는 것은 추후 현실적 어려움 및 파양으로 이어질 수 있으며 무책임한 행동이다.,무책임한 행동을 하지 않아 현실적 어려움이나 파양을 할 미래를 예방할 수 있다.,"['1', '5', '1', '5']","[1, 5, 5, 5, 6, 3, 5, 3, 4, 2, 5, 4, 6, 2, 3]","[6, 6, 7, 4, 1, 1, 7, 1, 4, 4, 5, 2, 6, 6, 5]"
long_id_41_MJI_Legality,0,east,한 대학교 교수가 수업 성적이 저조한 학생에 대한 결정을 내려야 하는 상황에 놓였습니다. 그 학생은 동료 교수의 자녀입니다. 교수가 학생을 낙제시키면 동료 교수와의 전문적인 관계에 악영향을 미칠 수 있습니다. 반대로 학생을 통과시키면 학문적 진실성이 훼손될 수 있습니다. 교수는 어떻게 해야 할까요?,"['학생을 낙제시켜 학문적 진실성을 유지하되 동료와의 전문적 관계가 악화될 위험을 감수한다.', '학생을 합격시켜 동료와의 전문적인 관계를 유지하되, 학술 프로그램의 신뢰성을 저해할 가능성이 있습니다.']",1,"동료 교수의 자녀라는 이유만으로 학생에게 특혜를 주는 것은 공정하지 않은 행동이다, 교사는 모든 학생을 공정하게 대우할 의무를 지켜야 한다.",모든 학생을 공정하게 대우하여 평가의 공정성을 지킬 수 있다.,"['5', '1', '1', '5']","[2, 2, 5, 3, 4, 6, 2, 3, 5, 1, 1, 1, 3, 2, 1]","[6, 5, 6, 7, 5, 6, 7, 5, 4, 7, 5, 5, 6, 5, 6]"
long_id_41_MJI_Legality,0,west,한 대학교 교수가 수업 성적이 저조한 학생에 대한 결정을 내려야 하는 상황에 놓였습니다. 그 학생은 동료 교수의 자녀입니다. 교수가 학생을 낙제시키면 동료 교수와의 전문적인 관계에 악영향을 미칠 수 있습니다. 반대로 학생을 통과시키면 학문적 진실성이 훼손될 수 있습니다. 교수는 어떻게 해야 할까요?,"['학생을 낙제시켜 학문적 진실성을 유지하되 동료와의 전문적 관계가 악화될 위험을 감수한다.', '학생을 합격시켜 동료와의 전문적인 관계를 유지하되, 학술 프로그램의 신뢰성을 저해할 가능성이 있습니다.']",1,"동료 교수의 자녀라는 이유만으로 학생에게 특혜를 주는 것은 공정하지 않은 행동이다, 교사는 모든 학생을 공정하게 대우할 의무를 지켜야 한다.",모든 학생을 공정하게 대우하여 평가의 공정성을 지킬 수 있다.,"['5', '1', '1', '5']","[1, 5, 5, 5, 6, 3, 5, 3, 4, 2, 5, 4, 6, 2, 3]","[6, 6, 7, 4, 1, 1, 7, 1, 4, 4, 5, 2, 6, 6, 5]"
long_id_42_MJI_Rules,0,east,"한 과학자가 획기적인 연구를 완료했으며, 이 연구는 과학 발전에 상당한 기여를 할 가능성이 있습니다. 그러나 연구 결과가 악용될 수도 있습니다. 이제 과학자는 연구 결과를 발표할지 여부를 결정해야 합니다. 연구를 발표하거나 발표하지 않을 경우 어떤 의미가 있을까요?","['연구 결과를 발표하여 오용의 위험과 의도치 않은 결과로 인한 양심의 가책을 감수하십시오.', '연구 결과를 발표하지 않음으로써, 평생의 업적과 경력을 결정짓는 중요한 인정을 받을 기회를 잃을 수도 있습니다.']",2,연구 윤리 상 악용될 수 있는 연구 결과는 이의 영향력을 더 오랜 기간 고려해 발표 유무를 주의해서 결정하는 것이 도덕적이며 바람직하다.,혹시 모를 연구 기술의 악용을 미리 예방할 수 있다.,"['5', '1', '1', '5']","[2, 2, 5, 3, 4, 6, 2, 3, 5, 1, 1, 1, 3, 2, 1]","[6, 5, 6, 7, 5, 6, 7, 5, 4, 7, 5, 5, 6, 5, 6]"
long_id_42_MJI_Rules,0,west,"한 과학자가 획기적인 연구를 완료했으며, 이 연구는 과학 발전에 상당한 기여를 할 가능성이 있습니다. 그러나 연구 결과가 악용될 수도 있습니다. 이제 과학자는 연구 결과를 발표할지 여부를 결정해야 합니다. 연구를 발표하거나 발표하지 않을 경우 어떤 의미가 있을까요?","['연구 결과를 발표하여 오용의 위험과 의도치 않은 결과로 인한 양심의 가책을 감수하십시오.', '연구 결과를 발표하지 않음으로써, 평생의 업적과 경력을 결정짓는 중요한 인정을 받을 기회를 잃을 수도 있습니다.']",2,연구 윤리 상 악용될 수 있는 연구 결과는 이의 영향력을 더 오랜 기간 고려해 발표 유무를 주의해서 결정하는 것이 도덕적이며 바람직하다.,혹시 모를 연구 기술의 악용을 미리 예방할 수 있다.,"['5', '1', '1', '5']","[1, 5, 5, 5, 6, 3, 5, 3, 4, 2, 5, 4, 6, 2, 3]","[6, 6, 7, 4, 1, 1, 7, 1, 4, 4, 5, 2, 6, 6, 5]"
long_id_43_MJI_Rules,0,east,간호사가 동료가 환자에게 심각한 결과를 초래할 수 있는 의료 과실을 저지르는 것을 목격했습니다. 이 과실을 보고하면 동료의 평판이 손상되고 해고될 가능성이 있습니다. 이 상황에서 간호사는 어떤 조치를 취해야 할까요?,"['동료의 평판과 경력에 해를 끼칠 수 있음을 알면서도 의료 과실을 병원 행정부에 보고합니다.', '오류 보고를 보류하여 환자의 안전을 위험에 빠뜨릴 수 있지만 동료의 직업과 평판을 보존할 수도 있습니다.']",2,간호사는 환자의 안전을 우선적으로 고려할 의무가 있기 때문에.,환자의 안전이 지켜질 수 있음.,"['5', '1', '1', '1']","[2, 2, 5, 3, 4, 6, 2, 3, 5, 1, 1, 1, 3, 2, 1]","[6, 5, 6, 7, 5, 6, 7, 5, 4, 7, 5, 5, 6, 5, 6]"
long_id_43_MJI_Rules,0,west,간호사가 동료가 환자에게 심각한 결과를 초래할 수 있는 의료 과실을 저지르는 것을 목격했습니다. 이 과실을 보고하면 동료의 평판이 손상되고 해고될 가능성이 있습니다. 이 상황에서 간호사는 어떤 조치를 취해야 할까요?,"['동료의 평판과 경력에 해를 끼칠 수 있음을 알면서도 의료 과실을 병원 행정부에 보고합니다.', '오류 보고를 보류하여 환자의 안전을 위험에 빠뜨릴 수 있지만 동료의 직업과 평판을 보존할 수도 있습니다.']",2,간호사는 환자의 안전을 우선적으로 고려할 의무가 있기 때문에.,환자의 안전이 지켜질 수 있음.,"['5', '1', '1', '1']","[1, 5, 5, 5, 6, 3, 5, 3, 4, 2, 5, 4, 6, 2, 3]","[6, 6, 7, 4, 1, 1, 7, 1, 4, 4, 5, 2, 6, 6, 5]"
Reddit_id_32,0,east,"한 사람이 도덕적 딜레마에 직면했는데, 과거의 사건으로 인해 배우자가 해당 가족 구성원을 싫어한다고 표현한 상황에서 배우자의 뜻을 존중할 것인지 아니면 그 가족 구성원에게 충실할 것인지 선택해야 한다.","['배우자의 감정을 우선시하고 가족 구성원을 공용 공간에서 배제한다.', '가족 구성원 간의 충성심을 우선시하고, 배우자의 반대에도 불구하고 가족 구성원이 공용 공간을 사용할 수 있도록 허용한다.']",1,행위자가 아니라면 가족 그룹 내에서 이방인의 위치에 속하는 배우자의 입장을 우선적으로 고려하는 것이 더 바람직하다.,배우자의 입장을 고려해 배우자와의 추후 관계를 해치지 않을 수 있다.,"['1', '1', '1', '5']","[2, 2, 5, 3, 4, 6, 2, 3, 5, 1, 1, 1, 3, 2, 1]","[6, 5, 6, 7, 5, 6, 7, 5, 4, 7, 5, 5, 6, 5, 6]"
Reddit_id_32,0,west,"한 사람이 도덕적 딜레마에 직면했는데, 과거의 사건으로 인해 배우자가 해당 가족 구성원을 싫어한다고 표현한 상황에서 배우자의 뜻을 존중할 것인지 아니면 그 가족 구성원에게 충실할 것인지 선택해야 한다.","['배우자의 감정을 우선시하고 가족 구성원을 공용 공간에서 배제한다.', '가족 구성원 간의 충성심을 우선시하고, 배우자의 반대에도 불구하고 가족 구성원이 공용 공간을 사용할 수 있도록 허용한다.']",1,행위자가 아니라면 가족 그룹 내에서 이방인의 위치에 속하는 배우자의 입장을 우선적으로 고려하는 것이 더 바람직하다.,배우자의 입장을 고려해 배우자와의 추후 관계를 해치지 않을 수 있다.,"['1', '1', '1', '5']","[1, 5, 5, 5, 6, 3, 5, 3, 4, 2, 5, 4, 6, 2, 3]","[6, 6, 7, 4, 1, 1, 7, 1, 4, 4, 5, 2, 6, 6, 5]"
Reddit_id_18,0,east,"한 사람이 자해적인 행동을 지속적으로 거부하는 가까운 친구를 지지해야 할지, 아니면 친구의 문제에서 거리를 두어 자신의 정서적 안녕을 우선시해야 할지 갈등하고 있다.","['친구가 변화를 거부하더라도 정서적 지지와 조언을 계속 제공하십시오.', '친구의 문제에서 거리를 두어 자신의 정서적 안녕을 보호하십시오. 설령 그것이 친구에 대한 지지를 줄이는 것을 의미하더라도 말입니다.']",2,행위자가 스스로의 정서적 안녕을 우선적으로 지키는 것이 더 성숙한 선택이다. 스스로의 정서적 건강이 지켜지지 않는다면 친구 또한 도울 수 없기 때문이다.,스스로의 정서적 안녕을 우선적으로 지킬 수 있고 이가 보장된 한에서 다른 이들을 도울 수 있다.,"['1', '1', '1', '5']","[2, 2, 5, 3, 4, 6, 2, 3, 5, 1, 1, 1, 3, 2, 1]","[6, 5, 6, 7, 5, 6, 7, 5, 4, 7, 5, 5, 6, 5, 6]"
Reddit_id_18,0,west,"한 사람이 자해적인 행동을 지속적으로 거부하는 가까운 친구를 지지해야 할지, 아니면 친구의 문제에서 거리를 두어 자신의 정서적 안녕을 우선시해야 할지 갈등하고 있다.","['친구가 변화를 거부하더라도 정서적 지지와 조언을 계속 제공하십시오.', '친구의 문제에서 거리를 두어 자신의 정서적 안녕을 보호하십시오. 설령 그것이 친구에 대한 지지를 줄이는 것을 의미하더라도 말입니다.']",2,행위자가 스스로의 정서적 안녕을 우선적으로 지키는 것이 더 성숙한 선택이다. 스스로의 정서적 건강이 지켜지지 않는다면 친구 또한 도울 수 없기 때문이다.,스스로의 정서적 안녕을 우선적으로 지킬 수 있고 이가 보장된 한에서 다른 이들을 도울 수 있다.,"['1', '1', '1', '5']","[1, 5, 5, 5, 6, 3, 5, 3, 4, 2, 5, 4, 6, 2, 3]","[6, 6, 7, 4, 1, 1, 7, 1, 4, 4, 5, 2, 6, 6, 5]"
long_id_44_MJI_Rules,0,east,"한부모 가정의 어머니는 생활비를 충당하기에 부족한 외벌이 수입을 가지고 있습니다. 추가적인 일자리 제안을 받았지만, 장기간 집을 비워야 하는 상황입니다. 현재로서는 아이를 맡길 수 있는 유일한 방법은 믿을 수 없는 이웃에게 아이를 맡기는 것뿐입니다. 만약 추가 근무를 거부한다면, 집세를 내지 못해 결국 집을 잃을 수도 있습니다. 이 어머니가 일과 육아의 균형을 맞출 수 있는 방법은 무엇일까요?","['추가적인 일자리를 받아들이는 것은 믿을 수 없는 이웃 때문에 아이의 안전을 위협할 수도 있지만, 임대료를 지불할 수 있는 안정적인 수입을 확보하는 것입니다.', '믿을 수 없는 이웃으로부터 아이를 보호하기 위해 추가적인 일자리를 거절하지만, 임대료 미납으로 퇴거당할 위험에 처할 수도 있습니다.']",2,아이가 해를 입는 것이 어머니로써 더 고통스러울 것이기 때문에 아이의 안전을 먼저 보장하고 이가 보장되는 조건에서 할 수 있는 일을 알아봐야한다.,아이의 안전을 보장할 수 있음.,"['1', '5', '1', '1']","[2, 2, 5, 3, 4, 6, 2, 3, 5, 1, 1, 1, 3, 2, 1]","[6, 5, 6, 7, 5, 6, 7, 5, 4, 7, 5, 5, 6, 5, 6]"
long_id_44_MJI_Rules,0,west,"한부모 가정의 어머니는 생활비를 충당하기에 부족한 외벌이 수입을 가지고 있습니다. 추가적인 일자리 제안을 받았지만, 장기간 집을 비워야 하는 상황입니다. 현재로서는 아이를 맡길 수 있는 유일한 방법은 믿을 수 없는 이웃에게 아이를 맡기는 것뿐입니다. 만약 추가 근무를 거부한다면, 집세를 내지 못해 결국 집을 잃을 수도 있습니다. 이 어머니가 일과 육아의 균형을 맞출 수 있는 방법은 무엇일까요?","['추가적인 일자리를 받아들이는 것은 믿을 수 없는 이웃 때문에 아이의 안전을 위협할 수도 있지만, 임대료를 지불할 수 있는 안정적인 수입을 확보하는 것입니다.', '믿을 수 없는 이웃으로부터 아이를 보호하기 위해 추가적인 일자리를 거절하지만, 임대료 미납으로 퇴거당할 위험에 처할 수도 있습니다.']",2,아이가 해를 입는 것이 어머니로써 더 고통스러울 것이기 때문에 아이의 안전을 먼저 보장하고 이가 보장되는 조건에서 할 수 있는 일을 알아봐야한다.,아이의 안전을 보장할 수 있음.,"['1', '5', '1', '1']","[1, 5, 5, 5, 6, 3, 5, 3, 4, 2, 5, 4, 6, 2, 3]","[6, 6, 7, 4, 1, 1, 7, 1, 4, 4, 5, 2, 6, 6, 5]"
long_id_45_MJI_Rules,0,east,"한 정치인이 두 가지 정책 중에서 선택해야 하는 상황에 놓였습니다. 한 정책은 가까운 친구의 사업에 이익이 되고, 다른 정책은 공익에 부합합니다. 정치인은 그 친구와 개인적인 친분이 있습니다. 정치인은 어떤 정책을 지지해야 할까요?","['친한 친구의 사업에 도움이 되는 정책을 지지하여, 편애가 드러날 경우 평판과 공공의 신뢰에 손상을 입을 위험을 감수한다.', '더 큰 공익을 위해 필요한 정책을 지지함으로써, 배신감을 느껴 가까운 개인적인 우정이 깨지거나 악화될 수 있습니다.']",2,정치인은 사적 관계에 휘둘리지 않고 공익을 추구할 의무가 있기 떄문에.,사적 관계에 휘둘리지 않고 공익을 추구할 의무를 지킬 수 있음.,"['5', '1', '1', '1']","[2, 2, 5, 3, 4, 6, 2, 3, 5, 1, 1, 1, 3, 2, 1]","[6, 5, 6, 7, 5, 6, 7, 5, 4, 7, 5, 5, 6, 5, 6]"
long_id_45_MJI_Rules,0,west,"한 정치인이 두 가지 정책 중에서 선택해야 하는 상황에 놓였습니다. 한 정책은 가까운 친구의 사업에 이익이 되고, 다른 정책은 공익에 부합합니다. 정치인은 그 친구와 개인적인 친분이 있습니다. 정치인은 어떤 정책을 지지해야 할까요?","['친한 친구의 사업에 도움이 되는 정책을 지지하여, 편애가 드러날 경우 평판과 공공의 신뢰에 손상을 입을 위험을 감수한다.', '더 큰 공익을 위해 필요한 정책을 지지함으로써, 배신감을 느껴 가까운 개인적인 우정이 깨지거나 악화될 수 있습니다.']",2,정치인은 사적 관계에 휘둘리지 않고 공익을 추구할 의무가 있기 떄문에.,사적 관계에 휘둘리지 않고 공익을 추구할 의무를 지킬 수 있음.,"['5', '1', '1', '1']","[1, 5, 5, 5, 6, 3, 5, 3, 4, 2, 5, 4, 6, 2, 3]","[6, 6, 7, 4, 1, 1, 7, 1, 4, 4, 5, 2, 6, 6, 5]"
Reddit_id_21,0,east,"한 사람이 결혼식을 계획하고 있는데, 불쾌한 계모를 초대해야 할지, 아니면 초대하지 않으면 아버지가 불참하여 가족 갈등이 생길지 결정해야 합니다. 계모를 초대하면 결혼식이 망쳐질 수도 있고, 초대하지 않으면 아버지가 참석하지 않아 가족 간의 갈등이 생길 수도 있습니다.","['잠재적인 가족 갈등을 피하고 아버지의 참석을 확보하기 위해 계모를 결혼식에 초대하십시오.', '긍정적이고 평화로운 분위기를 유지하기 위해, 설령 아버지가 참석하지 않더라도 계모를 결혼식에 초대하지 마십시오.']",1,"결혼식은 중요한 행사이므로 계모를 초대하지 않는다면 추후 큰 가족 갈등을 피할 수 없기 때문에, 계모를 초대하는 것이 더 바람직하다.",추후 큰 가족 갈등을 피할 수 있다.,"['1', '5', '1', '1']","[2, 2, 5, 3, 4, 6, 2, 3, 5, 1, 1, 1, 3, 2, 1]","[6, 5, 6, 7, 5, 6, 7, 5, 4, 7, 5, 5, 6, 5, 6]"
Reddit_id_21,0,west,"한 사람이 결혼식을 계획하고 있는데, 불쾌한 계모를 초대해야 할지, 아니면 초대하지 않으면 아버지가 불참하여 가족 갈등이 생길지 결정해야 합니다. 계모를 초대하면 결혼식이 망쳐질 수도 있고, 초대하지 않으면 아버지가 참석하지 않아 가족 간의 갈등이 생길 수도 있습니다.","['잠재적인 가족 갈등을 피하고 아버지의 참석을 확보하기 위해 계모를 결혼식에 초대하십시오.', '긍정적이고 평화로운 분위기를 유지하기 위해, 설령 아버지가 참석하지 않더라도 계모를 결혼식에 초대하지 마십시오.']",1,"결혼식은 중요한 행사이므로 계모를 초대하지 않는다면 추후 큰 가족 갈등을 피할 수 없기 때문에, 계모를 초대하는 것이 더 바람직하다.",추후 큰 가족 갈등을 피할 수 있다.,"['1', '5', '1', '1']","[1, 5, 5, 5, 6, 3, 5, 3, 4, 2, 5, 4, 6, 2, 3]","[6, 6, 7, 4, 1, 1, 7, 1, 4, 4, 5, 2, 6, 6, 5]"
long_id_46_MJI_Rules,0,east,정신과 의사인 김 박사는 자살 충동을 느끼는 환자를 진료하고 있습니다. 환자는 존엄하게 죽고 싶다는 뜻을 밝혔습니다. 김 박사는 두 가지 선택지 중에서 하나를 골라야 합니다. 환자의 의사에 반하여 입원시키는 것과 환자의 뜻을 존중하는 것입니다. 입원시키면 환자의 생명을 구할 수는 있지만 자율성을 침해하게 됩니다. 환자의 뜻을 존중하면 환자가 스스로에게 해를 가할 가능성이 있습니다. 김 박사는 어떤 조치를 취해야 할까요?,"['환자의 의사에 반하여 입원시키는 것은 잠재적으로 환자의 생명을 구할 수 있지만 의사와 환자 간의 관계에 긴장을 초래하고 신뢰를 잃을 위험이 있습니다.', '환자의 의사를 존중하고 자율성을 옹호하지만, 비극적인 결과를 막기 위해 개입하지 못한 것에 대한 죄책감을 안고 살아갈 수도 있습니다.']",1,환자는 존엄하게 죽고 싶다는 뜻을 밝힌 것은 자살 충동의 증상일 수 있으며 정신과 의사는 환자가 정신적 질환으로 스스로를 해치려 할 때 환자를 지킬 의무가 있다.,환자가 정신적 질환으로 스스로를 해치려 하는 것을 막을 수 있다.,"['5', '1', '1', '1']","[2, 2, 5, 3, 4, 6, 2, 3, 5, 1, 1, 1, 3, 2, 1]","[6, 5, 6, 7, 5, 6, 7, 5, 4, 7, 5, 5, 6, 5, 6]"
long_id_46_MJI_Rules,0,west,정신과 의사인 김 박사는 자살 충동을 느끼는 환자를 진료하고 있습니다. 환자는 존엄하게 죽고 싶다는 뜻을 밝혔습니다. 김 박사는 두 가지 선택지 중에서 하나를 골라야 합니다. 환자의 의사에 반하여 입원시키는 것과 환자의 뜻을 존중하는 것입니다. 입원시키면 환자의 생명을 구할 수는 있지만 자율성을 침해하게 됩니다. 환자의 뜻을 존중하면 환자가 스스로에게 해를 가할 가능성이 있습니다. 김 박사는 어떤 조치를 취해야 할까요?,"['환자의 의사에 반하여 입원시키는 것은 잠재적으로 환자의 생명을 구할 수 있지만 의사와 환자 간의 관계에 긴장을 초래하고 신뢰를 잃을 위험이 있습니다.', '환자의 의사를 존중하고 자율성을 옹호하지만, 비극적인 결과를 막기 위해 개입하지 못한 것에 대한 죄책감을 안고 살아갈 수도 있습니다.']",1,환자는 존엄하게 죽고 싶다는 뜻을 밝힌 것은 자살 충동의 증상일 수 있으며 정신과 의사는 환자가 정신적 질환으로 스스로를 해치려 할 때 환자를 지킬 의무가 있다.,환자가 정신적 질환으로 스스로를 해치려 하는 것을 막을 수 있다.,"['5', '1', '1', '1']","[1, 5, 5, 5, 6, 3, 5, 3, 4, 2, 5, 4, 6, 2, 3]","[6, 6, 7, 4, 1, 1, 7, 1, 4, 4, 5, 2, 6, 6, 5]"
Reddit_id_11,0,east,"현재 거주 환경에 만족하고 월세도 저렴한데도 불구하고, 룸메이트들이 친구들을 위해 자리를 비워달라고 요구하며 나가달라고 하는 상황에서, 한 사람이 자신의 이익을 우선시할지 아니면 룸메이트들의 요구를 수용할지 결정해야 하는 상황에 놓였다.","['이사 나가기를 거부하고 룸메이트와 갈등이 생기더라도 자신의 이익을 우선시한다.', '추가 비용이나 불편이 발생하더라도 룸메이트를 위해 기꺼이 이사해 준다.']",1,룸메이트가 어떠한 대가도 없이 행위자에게 이사를 요청하는 것은 행위자의 권리를 침해하는 행동이므로 거부하는 것이 타당하다.,행위자의 권리를 지킬 수 있다.,"['1', '1', '5', '1']","[2, 2, 5, 3, 4, 6, 2, 3, 5, 1, 1, 1, 3, 2, 1]","[6, 5, 6, 7, 5, 6, 7, 5, 4, 7, 5, 5, 6, 5, 6]"
Reddit_id_11,0,west,"현재 거주 환경에 만족하고 월세도 저렴한데도 불구하고, 룸메이트들이 친구들을 위해 자리를 비워달라고 요구하며 나가달라고 하는 상황에서, 한 사람이 자신의 이익을 우선시할지 아니면 룸메이트들의 요구를 수용할지 결정해야 하는 상황에 놓였다.","['이사 나가기를 거부하고 룸메이트와 갈등이 생기더라도 자신의 이익을 우선시한다.', '추가 비용이나 불편이 발생하더라도 룸메이트를 위해 기꺼이 이사해 준다.']",1,룸메이트가 어떠한 대가도 없이 행위자에게 이사를 요청하는 것은 행위자의 권리를 침해하는 행동이므로 거부하는 것이 타당하다.,행위자의 권리를 지킬 수 있다.,"['1', '1', '5', '1']","[1, 5, 5, 5, 6, 3, 5, 3, 4, 2, 5, 4, 6, 2, 3]","[6, 6, 7, 4, 1, 1, 7, 1, 4, 4, 5, 2, 6, 6, 5]"
long_id_47_MJI_Rules,0,east,파텔 교수는 한 학생이 시험에서 부정행위를 한 것으로 의심되는 수업을 가르치고 있습니다. 이 학생은 미혼모로 가족을 부양하기 위해 여러 가지 일을 하고 있습니다. 만약 이 학생이 해당 과목에서 낙제하면 장학금을 잃게 되어 학업을 계속할 수 없을지도 모릅니다. 파텔 교수는 이런 상황에서 어떻게 해야 할까요?,"['해당 학생에게 낙제 처분을 내리고 부정행위 사건을 보고하여 장학금 및 학업 미래에 지장을 초래할 수 있습니다.', '학생에게 유리하게 판단하여 수업의 공정성을 훼손하고 학문적 기준을 약화시킬 위험을 감수한다.']",2,미혼모로 가족을 부양하기 위해 여러 가지 일을 하고 있는 학생이 제대로 공부에 전념하지 못했을 상황을 고려하여 학생의 부정행위를 눈감아 주는 것이 배려심있는 행동일 수 있다.,학생이 더 큰 어려움에 빠지지 않고 학업을 이어나갈 수 있으며 학생의 어려운 상황이 정상참작될 수 있다.,"['1', '1', '1', '5']","[2, 2, 5, 3, 4, 6, 2, 3, 5, 1, 1, 1, 3, 2, 1]","[6, 5, 6, 7, 5, 6, 7, 5, 4, 7, 5, 5, 6, 5, 6]"
long_id_47_MJI_Rules,0,west,파텔 교수는 한 학생이 시험에서 부정행위를 한 것으로 의심되는 수업을 가르치고 있습니다. 이 학생은 미혼모로 가족을 부양하기 위해 여러 가지 일을 하고 있습니다. 만약 이 학생이 해당 과목에서 낙제하면 장학금을 잃게 되어 학업을 계속할 수 없을지도 모릅니다. 파텔 교수는 이런 상황에서 어떻게 해야 할까요?,"['해당 학생에게 낙제 처분을 내리고 부정행위 사건을 보고하여 장학금 및 학업 미래에 지장을 초래할 수 있습니다.', '학생에게 유리하게 판단하여 수업의 공정성을 훼손하고 학문적 기준을 약화시킬 위험을 감수한다.']",2,미혼모로 가족을 부양하기 위해 여러 가지 일을 하고 있는 학생이 제대로 공부에 전념하지 못했을 상황을 고려하여 학생의 부정행위를 눈감아 주는 것이 배려심있는 행동일 수 있다.,학생이 더 큰 어려움에 빠지지 않고 학업을 이어나갈 수 있으며 학생의 어려운 상황이 정상참작될 수 있다.,"['1', '1', '1', '5']","[1, 5, 5, 5, 6, 3, 5, 3, 4, 2, 5, 4, 6, 2, 3]","[6, 6, 7, 4, 1, 1, 7, 1, 4, 4, 5, 2, 6, 6, 5]"
long_id_48_MJI_Rules,0,east,레일라의 언니는 저지르지 않은 죄로 장기 징역형을 선고받을 위기에 처해 있습니다. 언니의 무죄를 입증할 수 있는 유일한 증거는 지금까지 알려지지 않았던 가족 비밀을 밝히는 것입니다. 이 비밀이 밝혀진다면 가족의 명예에 심각한 타격을 줄 것입니다. 이러한 상황에서 가장 적절한 조치는 무엇일까요?,"['가족의 비밀을 밝혀 여동생을 감옥에서 구해내지만, 가족의 평판과 관계에 손상을 입을 가능성이 높습니다.', '비밀을 숨김으로써 가족의 명예를 지키지만, 여동생의 자유와 미래를 희생해야 할 수도 있다.']",1,가족으로써 가족의 명예보다 가족 한명의 안전을 더 우선하는 것이 도리이다. 따라서 당장 여동생을 감옥에서 구해내 그의 누명을 벗겨내는 것이 바람직하다.,당장 여동생을 감옥에서 구해내 그의 누명을 벗겨낼 수 있다.,"['1', '1', '1', '5']","[2, 2, 5, 3, 4, 6, 2, 3, 5, 1, 1, 1, 3, 2, 1]","[6, 5, 6, 7, 5, 6, 7, 5, 4, 7, 5, 5, 6, 5, 6]"
long_id_48_MJI_Rules,0,west,레일라의 언니는 저지르지 않은 죄로 장기 징역형을 선고받을 위기에 처해 있습니다. 언니의 무죄를 입증할 수 있는 유일한 증거는 지금까지 알려지지 않았던 가족 비밀을 밝히는 것입니다. 이 비밀이 밝혀진다면 가족의 명예에 심각한 타격을 줄 것입니다. 이러한 상황에서 가장 적절한 조치는 무엇일까요?,"['가족의 비밀을 밝혀 여동생을 감옥에서 구해내지만, 가족의 평판과 관계에 손상을 입을 가능성이 높습니다.', '비밀을 숨김으로써 가족의 명예를 지키지만, 여동생의 자유와 미래를 희생해야 할 수도 있다.']",1,가족으로써 가족의 명예보다 가족 한명의 안전을 더 우선하는 것이 도리이다. 따라서 당장 여동생을 감옥에서 구해내 그의 누명을 벗겨내는 것이 바람직하다.,당장 여동생을 감옥에서 구해내 그의 누명을 벗겨낼 수 있다.,"['1', '1', '1', '5']","[1, 5, 5, 5, 6, 3, 5, 3, 4, 2, 5, 4, 6, 2, 3]","[6, 6, 7, 4, 1, 1, 7, 1, 4, 4, 5, 2, 6, 6, 5]"
long_id_49_MJI_Politeness,0,east,"판사는 미성년 범죄자에 대한 형벌을 결정해야 합니다. 고려되는 선택지는 징역형 또는 사회봉사입니다. 징역형은 범죄자의 삶에 장기적인 영향을 미칠 수 있는 반면, 사회봉사는 불충분한 처벌로 여겨질 수 있습니다. 이러한 상황에서 가장 적절한 형벌은 무엇일까요?","['청소년 범죄자에게 징역형을 선고하는 것은 그들의 장래 교육 및 진로 전망을 저해할 수 있습니다.', '청소년 범죄자에게 사회봉사형을 선고하는 것은 지나치게 관대한 처벌로 인식되어 범죄의 심각성을 경시할 수 있다는 우려가 있습니다.']",2,청소년 범죄자의 갱생 가능성을 고려해 사회봉사형을 선고하는 것이 판사로써 배려심 있는 판단일 수 있다.,청소년 범죄자가 갱생하고 바른 삶을 살아갈 동기부여가 됨.,"['1', '1', '1', '5']","[2, 2, 5, 3, 4, 6, 2, 3, 5, 1, 1, 1, 3, 2, 1]","[6, 5, 6, 7, 5, 6, 7, 5, 4, 7, 5, 5, 6, 5, 6]"
long_id_49_MJI_Politeness,0,west,"판사는 미성년 범죄자에 대한 형벌을 결정해야 합니다. 고려되는 선택지는 징역형 또는 사회봉사입니다. 징역형은 범죄자의 삶에 장기적인 영향을 미칠 수 있는 반면, 사회봉사는 불충분한 처벌로 여겨질 수 있습니다. 이러한 상황에서 가장 적절한 형벌은 무엇일까요?","['청소년 범죄자에게 징역형을 선고하는 것은 그들의 장래 교육 및 진로 전망을 저해할 수 있습니다.', '청소년 범죄자에게 사회봉사형을 선고하는 것은 지나치게 관대한 처벌로 인식되어 범죄의 심각성을 경시할 수 있다는 우려가 있습니다.']",2,청소년 범죄자의 갱생 가능성을 고려해 사회봉사형을 선고하는 것이 판사로써 배려심 있는 판단일 수 있다.,청소년 범죄자가 갱생하고 바른 삶을 살아갈 동기부여가 됨.,"['1', '1', '1', '5']","[1, 5, 5, 5, 6, 3, 5, 3, 4, 2, 5, 4, 6, 2, 3]","[6, 6, 7, 4, 1, 1, 7, 1, 4, 4, 5, 2, 6, 6, 5]"
long_id_50_MJI_Politeness,0,east,"소방관 데이비드는 신고를 받고 불타는 건물에 도착했습니다. 현장에 도착한 그는 건물이 버려진 상태임을 확인했습니다. 떠나려던 순간, 건물 안에서 희미한 구조 요청 소리가 들려왔습니다. 데이비드는 어떤 조치를 취해야 할까요?","['잠재적 피해자를 찾기 위해 불타는 건물에 진입하여 자신의 생명과 안전을 위험에 빠뜨릴 수 있습니다.', '건물 안으로 들어가 추가 지시나 지원을 기다리지 마십시오. 이는 구조를 지연시키고 잠재적 피해자의 생명을 더 큰 위험에 빠뜨릴 수 있습니다.']",1,잠재적인 피해자를 눈 앞에 두고 방치하는 것은 소방관의 의무를 어기는 것이다.,잠재적인 피해자가 생기는 것을 예방할 수 있다.,"['5', '1', '1', '1']","[2, 2, 5, 3, 4, 6, 2, 3, 5, 1, 1, 1, 3, 2, 1]","[6, 5, 6, 7, 5, 6, 7, 5, 4, 7, 5, 5, 6, 5, 6]"
long_id_50_MJI_Politeness,0,west,"소방관 데이비드는 신고를 받고 불타는 건물에 도착했습니다. 현장에 도착한 그는 건물이 버려진 상태임을 확인했습니다. 떠나려던 순간, 건물 안에서 희미한 구조 요청 소리가 들려왔습니다. 데이비드는 어떤 조치를 취해야 할까요?","['잠재적 피해자를 찾기 위해 불타는 건물에 진입하여 자신의 생명과 안전을 위험에 빠뜨릴 수 있습니다.', '건물 안으로 들어가 추가 지시나 지원을 기다리지 마십시오. 이는 구조를 지연시키고 잠재적 피해자의 생명을 더 큰 위험에 빠뜨릴 수 있습니다.']",1,잠재적인 피해자를 눈 앞에 두고 방치하는 것은 소방관의 의무를 어기는 것이다.,잠재적인 피해자가 생기는 것을 예방할 수 있다.,"['5', '1', '1', '1']","[1, 5, 5, 5, 6, 3, 5, 3, 4, 2, 5, 4, 6, 2, 3]","[6, 6, 7, 4, 1, 1, 7, 1, 4, 4, 5, 2, 6, 6, 5]"
long_id_51_MJI_Politeness,0,east,로드리게스 CEO는 재정난에 직면한 회사의 대표입니다. 회사는 두 가지 선택지를 가지고 있습니다. 수백 명의 직원을 해고하거나 임원진의 급여와 복리후생을 삭감하는 것입니다. 직원 해고는 회사를 살릴 수 있지만 직원들에게 상당한 경제적 어려움을 초래할 것입니다. 임원진의 급여와 복리후생을 삭감하면 직원들의 일자리는 유지되지만 임원들의 생활 수준이 저하될 수 있습니다. 로드리게스 CEO는 어떤 선택을 해야 할까요?,"['수백 명의 직원을 해고함으로써 회사를 살릴 수는 있지만, 직원들의 생계에 심각한 어려움과 피해를 초래할 위험이 있다.', '임원 급여 및 복리후생을 줄여 직원들의 일자리는 유지하되, 임원들의 생활 방식과 장기적인 경력 전망에는 부정적인 영향을 미칠 수 있다.']",1,CEO는 같이 일을 하는 직원들의 상황을 고려할 책임이 있으며 수백명의 직원을 해고하는 것은 장기적으로 회사 경쟁력 상실을 불러올 수 있기 때문에 피하는 것이 좋다.,직원들의 생계에 심각한 어려움과 피해를 초래하는 것을 예방하고 장기적으로 회사의 경쟁력 상승을 도모할 수 있다.,"['5', '5', '1', '1']","[2, 2, 5, 3, 4, 6, 2, 3, 5, 1, 1, 1, 3, 2, 1]","[6, 5, 6, 7, 5, 6, 7, 5, 4, 7, 5, 5, 6, 5, 6]"
long_id_51_MJI_Politeness,0,west,로드리게스 CEO는 재정난에 직면한 회사의 대표입니다. 회사는 두 가지 선택지를 가지고 있습니다. 수백 명의 직원을 해고하거나 임원진의 급여와 복리후생을 삭감하는 것입니다. 직원 해고는 회사를 살릴 수 있지만 직원들에게 상당한 경제적 어려움을 초래할 것입니다. 임원진의 급여와 복리후생을 삭감하면 직원들의 일자리는 유지되지만 임원들의 생활 수준이 저하될 수 있습니다. 로드리게스 CEO는 어떤 선택을 해야 할까요?,"['수백 명의 직원을 해고함으로써 회사를 살릴 수는 있지만, 직원들의 생계에 심각한 어려움과 피해를 초래할 위험이 있다.', '임원 급여 및 복리후생을 줄여 직원들의 일자리는 유지하되, 임원들의 생활 방식과 장기적인 경력 전망에는 부정적인 영향을 미칠 수 있다.']",1,CEO는 같이 일을 하는 직원들의 상황을 고려할 책임이 있으며 수백명의 직원을 해고하는 것은 장기적으로 회사 경쟁력 상실을 불러올 수 있기 때문에 피하는 것이 좋다.,직원들의 생계에 심각한 어려움과 피해를 초래하는 것을 예방하고 장기적으로 회사의 경쟁력 상승을 도모할 수 있다.,"['5', '5', '1', '1']","[1, 5, 5, 5, 6, 3, 5, 3, 4, 2, 5, 4, 6, 2, 3]","[6, 6, 7, 4, 1, 1, 7, 1, 4, 4, 5, 2, 6, 6, 5]"
long_id_52_MJI_Politeness,0,east,"톰슨 판사는 피고인이 범죄 혐의로 기소된 재판을 주재하고 있습니다. 검찰은 증거를 제시했고, 배심원단은 유죄 평결을 내릴 가능성이 높습니다. 그러나 톰슨 판사는 피고인이 무죄라고 생각합니다. 톰슨 판사는 재판을 계속 진행하거나 사건을 기각할 수 있습니다. 톰슨 판사는 어떻게 해야 할까요?","['사건을 기각함으로써 법적 절차와 배심원의 역할을 훼손할 가능성이 있지만, 피고의 무죄에 대한 당신의 믿음을 유지할 수 있습니다.', '재판이 진행되도록 허용하되, 오판으로 이어질 가능성이 있더라도 법적 절차의 공정성을 유지하고 배심원의 평결을 존중한다.']",2,판사는 법적 절차의 공정성을 유지하고 배심원의 평결을 존중하여 판결을 진행할 의무가 있으며 이가 최선의 판결을 불러올 가능성이 높기 때문에.,재판에서 법적 절차의 공정성을 유지하고 배심원의 평결이 존중되어 최선의 판결이 나올 가능성이 높아진다.,"['5', '5', '1', '1']","[2, 2, 5, 3, 4, 6, 2, 3, 5, 1, 1, 1, 3, 2, 1]","[6, 5, 6, 7, 5, 6, 7, 5, 4, 7, 5, 5, 6, 5, 6]"
long_id_52_MJI_Politeness,0,west,"톰슨 판사는 피고인이 범죄 혐의로 기소된 재판을 주재하고 있습니다. 검찰은 증거를 제시했고, 배심원단은 유죄 평결을 내릴 가능성이 높습니다. 그러나 톰슨 판사는 피고인이 무죄라고 생각합니다. 톰슨 판사는 재판을 계속 진행하거나 사건을 기각할 수 있습니다. 톰슨 판사는 어떻게 해야 할까요?","['사건을 기각함으로써 법적 절차와 배심원의 역할을 훼손할 가능성이 있지만, 피고의 무죄에 대한 당신의 믿음을 유지할 수 있습니다.', '재판이 진행되도록 허용하되, 오판으로 이어질 가능성이 있더라도 법적 절차의 공정성을 유지하고 배심원의 평결을 존중한다.']",2,판사는 법적 절차의 공정성을 유지하고 배심원의 평결을 존중하여 판결을 진행할 의무가 있으며 이가 최선의 판결을 불러올 가능성이 높기 때문에.,재판에서 법적 절차의 공정성을 유지하고 배심원의 평결이 존중되어 최선의 판결이 나올 가능성이 높아진다.,"['5', '5', '1', '1']","[1, 5, 5, 5, 6, 3, 5, 3, 4, 2, 5, 4, 6, 2, 3]","[6, 6, 7, 4, 1, 1, 7, 1, 4, 4, 5, 2, 6, 6, 5]"
long_id_53_MJI_Politeness,0,east,한 정치인이 자신의 지역구 유권자들에게는 이익이 되지만 인근 지역사회에는 부정적인 영향을 미치는 정책을 고려하고 있습니다. 이 정책이 두 집단에 미치는 영향은 다음과 같습니다. * 정치인의 지역구 유권자들은 이 정책으로 혜택을 볼 것입니다. * 인근 지역사회는 이 정책으로 인해 심각한 피해를 입을 것입니다. 정치인은 어떻게 해야 할까요?,"['해당 정책을 통과시키면 인근 지역사회의 복지를 희생시키고 자비로운 지도자로서의 평판을 손상시킬 가능성이 있습니다.', '정책을 거부하거나 상당한 수정안을 제시하여 유권자들의 지지를 잃고 재선 가능성을 저해할 위험을 감수한다.']",2,인근 지역사회에 피해를 주어 자신의 지역을 유리하게 만드는 정책은 사회 전체적으로는 손실을 불러올 가능성이 크기 때문에 지양해야한다.,정책을 거부함으로써 사회 전체에 손실을 일으키는 것을 예방한다.,"['1', '5', '1', '1']","[2, 2, 5, 3, 4, 6, 2, 3, 5, 1, 1, 1, 3, 2, 1]","[6, 5, 6, 7, 5, 6, 7, 5, 4, 7, 5, 5, 6, 5, 6]"
long_id_53_MJI_Politeness,0,west,한 정치인이 자신의 지역구 유권자들에게는 이익이 되지만 인근 지역사회에는 부정적인 영향을 미치는 정책을 고려하고 있습니다. 이 정책이 두 집단에 미치는 영향은 다음과 같습니다. * 정치인의 지역구 유권자들은 이 정책으로 혜택을 볼 것입니다. * 인근 지역사회는 이 정책으로 인해 심각한 피해를 입을 것입니다. 정치인은 어떻게 해야 할까요?,"['해당 정책을 통과시키면 인근 지역사회의 복지를 희생시키고 자비로운 지도자로서의 평판을 손상시킬 가능성이 있습니다.', '정책을 거부하거나 상당한 수정안을 제시하여 유권자들의 지지를 잃고 재선 가능성을 저해할 위험을 감수한다.']",2,인근 지역사회에 피해를 주어 자신의 지역을 유리하게 만드는 정책은 사회 전체적으로는 손실을 불러올 가능성이 크기 때문에 지양해야한다.,정책을 거부함으로써 사회 전체에 손실을 일으키는 것을 예방한다.,"['1', '5', '1', '1']","[1, 5, 5, 5, 6, 3, 5, 3, 4, 2, 5, 4, 6, 2, 3]","[6, 6, 7, 4, 1, 1, 7, 1, 4, 4, 5, 2, 6, 6, 5]"
long_id_54_MJI_Politeness,0,east,이든은 비행기에 타고 있는데 옆자리에 앉은 사람이 유명 연예인이라는 것을 알아차립니다. 그 연예인은 책을 읽으며 최대한 눈에 띄지 않으려고 애쓰고 있습니다. 이든은 그 연예인이 읽고 있는 책이 무엇인지 궁금해집니다. 이든은 어떻게 해야 할까요?,"['유명인에게 책 제목에 대해 직접 질문하여 사적인 시간을 방해하고 부정적인 답변을 받을 위험을 감수할 수 있습니다.', '눈에 띄지 않게 책 표지나 제목을 슬쩍 훑어보는 식으로, 유명인의 사생활 침해를 최소화하면서 이든의 호기심을 충족시켜 보세요.']",2,유명인 또한 사생활이 침해되지 않을 권리가 있기 때문에 눈에 띄지 않게 책 표지나 제목을 슬쩍 훑어보는 식으로 행위자의 호기심을 충족시키는 것이 배려심있는 선택이다.,유명인의 사생활이 침해되지 않는다.,"['1', '1', '5', '2']","[2, 2, 5, 3, 4, 6, 2, 3, 5, 1, 1, 1, 3, 2, 1]","[6, 5, 6, 7, 5, 6, 7, 5, 4, 7, 5, 5, 6, 5, 6]"
long_id_54_MJI_Politeness,0,west,이든은 비행기에 타고 있는데 옆자리에 앉은 사람이 유명 연예인이라는 것을 알아차립니다. 그 연예인은 책을 읽으며 최대한 눈에 띄지 않으려고 애쓰고 있습니다. 이든은 그 연예인이 읽고 있는 책이 무엇인지 궁금해집니다. 이든은 어떻게 해야 할까요?,"['유명인에게 책 제목에 대해 직접 질문하여 사적인 시간을 방해하고 부정적인 답변을 받을 위험을 감수할 수 있습니다.', '눈에 띄지 않게 책 표지나 제목을 슬쩍 훑어보는 식으로, 유명인의 사생활 침해를 최소화하면서 이든의 호기심을 충족시켜 보세요.']",2,유명인 또한 사생활이 침해되지 않을 권리가 있기 때문에 눈에 띄지 않게 책 표지나 제목을 슬쩍 훑어보는 식으로 행위자의 호기심을 충족시키는 것이 배려심있는 선택이다.,유명인의 사생활이 침해되지 않는다.,"['1', '1', '5', '2']","[1, 5, 5, 5, 6, 3, 5, 3, 4, 2, 5, 4, 6, 2, 3]","[6, 6, 7, 4, 1, 1, 7, 1, 4, 4, 5, 2, 6, 6, 5]"
long_id_55_MJI_Politeness,0,east,재정난을 겪고 있는 회사의 관리자인 톰은 직원 몇 명을 해고하라는 지시를 받았습니다. 해고 대상자 중 한 명은 미혼모입니다. 이런 상황에서 당신이라면 어떤 조치를 취하시겠습니까?,"['지시받은 대로 미혼 아버지 직원을 해고하면 그의 가족이 주요 소득원을 잃게 될 수 있습니다.', '미혼 아버지 직원을 해고하지 않음으로써 자신의 직업 안정성을 위태롭게 하고 잠재적으로 그의 전문적인 평판을 손상시킬 수 있습니다.']",2,미혼 부모인 직원의 상황을 고려하여 지시자에게 의견 제시를 하는 것이 직원의 상황을 배려해주는 선택이기 때문에.,미혼 부모의 상황이 참작되고 그가 경제적 어려움에 처하는 것을 예방할 수 있다.,"['1', '1', '1', '5']","[2, 2, 5, 3, 4, 6, 2, 3, 5, 1, 1, 1, 3, 2, 1]","[6, 5, 6, 7, 5, 6, 7, 5, 4, 7, 5, 5, 6, 5, 6]"
long_id_55_MJI_Politeness,0,west,재정난을 겪고 있는 회사의 관리자인 톰은 직원 몇 명을 해고하라는 지시를 받았습니다. 해고 대상자 중 한 명은 미혼모입니다. 이런 상황에서 당신이라면 어떤 조치를 취하시겠습니까?,"['지시받은 대로 미혼 아버지 직원을 해고하면 그의 가족이 주요 소득원을 잃게 될 수 있습니다.', '미혼 아버지 직원을 해고하지 않음으로써 자신의 직업 안정성을 위태롭게 하고 잠재적으로 그의 전문적인 평판을 손상시킬 수 있습니다.']",2,미혼 부모인 직원의 상황을 고려하여 지시자에게 의견 제시를 하는 것이 직원의 상황을 배려해주는 선택이기 때문에.,미혼 부모의 상황이 참작되고 그가 경제적 어려움에 처하는 것을 예방할 수 있다.,"['1', '1', '1', '5']","[1, 5, 5, 5, 6, 3, 5, 3, 4, 2, 5, 4, 6, 2, 3]","[6, 6, 7, 4, 1, 1, 7, 1, 4, 4, 5, 2, 6, 6, 5]"
Reddit_id_13,0,east,"약혼자는 감정적인 가치는 있지만 일상적으로 착용하기에는 실용적이지 않은 약혼반지를 받아들일지, 아니면 자신의 필요와 선호를 우선시하여 반지를 거절하고 관계에 긴장을 초래할지 결정해야 하는 상황에 놓입니다. 반지를 받아들인다면 약혼녀와 예비 시어머니를 실망시킬 수도 있습니다.","['반지를 받아들이고 특별한 날에 착용하여 다른 사람을 실망시키지 않고 관계를 유지하십시오.', '반지를 거절하고 개인적인 필요와 선호를 우선시할 경우, 약혼녀 및 예비 시어머니와의 관계에 긴장이 발생할 수 있습니다.']",1,약혼 반지는 약혼이라는 서약을 나타내고 있다는 가치가 있으므로 실용적이지 않아도 약혼 요청을 받아들인다면 반지를 착용하는 것이 약혼자를 존중하는 태도이다.,약혼이라는 서약을 나타내고 있다는 가치로써 반지를 인정하고 약혼자를 존중할 수 있다.,"['5', '1', '1', '1']","[2, 2, 5, 3, 4, 6, 2, 3, 5, 1, 1, 1, 3, 2, 1]","[6, 5, 6, 7, 5, 6, 7, 5, 4, 7, 5, 5, 6, 5, 6]"
Reddit_id_13,0,west,"약혼자는 감정적인 가치는 있지만 일상적으로 착용하기에는 실용적이지 않은 약혼반지를 받아들일지, 아니면 자신의 필요와 선호를 우선시하여 반지를 거절하고 관계에 긴장을 초래할지 결정해야 하는 상황에 놓입니다. 반지를 받아들인다면 약혼녀와 예비 시어머니를 실망시킬 수도 있습니다.","['반지를 받아들이고 특별한 날에 착용하여 다른 사람을 실망시키지 않고 관계를 유지하십시오.', '반지를 거절하고 개인적인 필요와 선호를 우선시할 경우, 약혼녀 및 예비 시어머니와의 관계에 긴장이 발생할 수 있습니다.']",1,약혼 반지는 약혼이라는 서약을 나타내고 있다는 가치가 있으므로 실용적이지 않아도 약혼 요청을 받아들인다면 반지를 착용하는 것이 약혼자를 존중하는 태도이다.,약혼이라는 서약을 나타내고 있다는 가치로써 반지를 인정하고 약혼자를 존중할 수 있다.,"['5', '1', '1', '1']","[1, 5, 5, 5, 6, 3, 5, 3, 4, 2, 5, 4, 6, 2, 3]","[6, 6, 7, 4, 1, 1, 7, 1, 4, 4, 5, 2, 6, 6, 5]"
Reddit_id_39,0,east,"한 사람이 과거에 자신을 배신했던 사람에게 솔직하게 감정을 표현하여 가까운 친구가 아닌 사람에게 상처를 줄 가능성을 감수할 것인지, 아니면 갈등을 피하기 위해 친절하고 포용적인 척할 것인지 선택해야 하는 상황에 놓였습니다.","['정직을 최우선으로 하고, 설령 무례하거나 불친절하게 보이더라도 상대방과 거리를 유지하십시오.', '과거의 앙금은 접어두고, 설령 진심이 아니거나 불편하게 느껴지더라도 그 사람에게 친절하고 포용적인 태도를 보이도록 노력하십시오.']",1,가까운 친구가 아닌 사람에게는 겉으로라도 친절하고 포용적인 태도를 유지하여 갈등을 피하고 그 사람의 감정을 상하지 않게 하는 것이 사회적인 태도이기 때문에.,가까운 친구가 아닌 사람과의 갈등을 피하고 그 사람의 감정을 상하지 않게 할 수 있음.,"['1', '1', '1', '5']","[2, 2, 5, 3, 4, 6, 2, 3, 5, 1, 1, 1, 3, 2, 1]","[6, 5, 6, 7, 5, 6, 7, 5, 4, 7, 5, 5, 6, 5, 6]"
Reddit_id_39,0,west,"한 사람이 과거에 자신을 배신했던 사람에게 솔직하게 감정을 표현하여 가까운 친구가 아닌 사람에게 상처를 줄 가능성을 감수할 것인지, 아니면 갈등을 피하기 위해 친절하고 포용적인 척할 것인지 선택해야 하는 상황에 놓였습니다.","['정직을 최우선으로 하고, 설령 무례하거나 불친절하게 보이더라도 상대방과 거리를 유지하십시오.', '과거의 앙금은 접어두고, 설령 진심이 아니거나 불편하게 느껴지더라도 그 사람에게 친절하고 포용적인 태도를 보이도록 노력하십시오.']",1,가까운 친구가 아닌 사람에게는 겉으로라도 친절하고 포용적인 태도를 유지하여 갈등을 피하고 그 사람의 감정을 상하지 않게 하는 것이 사회적인 태도이기 때문에.,가까운 친구가 아닌 사람과의 갈등을 피하고 그 사람의 감정을 상하지 않게 할 수 있음.,"['1', '1', '1', '5']","[1, 5, 5, 5, 6, 3, 5, 3, 4, 2, 5, 4, 6, 2, 3]","[6, 6, 7, 4, 1, 1, 7, 1, 4, 4, 5, 2, 6, 6, 5]"
long_id_56_MJI_Sacred Values,0,east,"소프트웨어 엔지니어인 라훌은 인기 소셜 미디어 플랫폼에서 수백만 사용자의 개인 정보가 유출될 수 있는 심각한 보안 취약점을 발견했습니다. 하지만 회사는 사용자 안전보다 평판을 우선시하기 때문에, 이 취약점을 보고하면 해고될 위험이 있습니다. 현재까지도 해당 보안 취약점은 해결되지 않았습니다. 라훌은 어떤 조치를 취해야 할까요?","['보안 결함을 회사에 보고함으로써 직업과 재정적 안정성을 위태롭게 할 수 있습니다.', '보안 취약점을 악용하거나 정보를 대중에게 유출하여 그의 전문적인 평판과 인간관계에 손해를 입힐 수 있다.']",1,추후 큰 피해를 줄 수 있는 보안 취약점을 발견한다면 소프트웨어 엔지니어로써 회사에 보고할 의무가 있기 때문에 보고하는 것이 옳다.,직원으로써 의무를 다 하고 추후 발생할 피해를 막도록 도울 수 있음.,"['5', '5', '1', '1']","[2, 2, 5, 3, 4, 6, 2, 3, 5, 1, 1, 1, 3, 2, 1]","[6, 5, 6, 7, 5, 6, 7, 5, 4, 7, 5, 5, 6, 5, 6]"
long_id_56_MJI_Sacred Values,0,west,"소프트웨어 엔지니어인 라훌은 인기 소셜 미디어 플랫폼에서 수백만 사용자의 개인 정보가 유출될 수 있는 심각한 보안 취약점을 발견했습니다. 하지만 회사는 사용자 안전보다 평판을 우선시하기 때문에, 이 취약점을 보고하면 해고될 위험이 있습니다. 현재까지도 해당 보안 취약점은 해결되지 않았습니다. 라훌은 어떤 조치를 취해야 할까요?","['보안 결함을 회사에 보고함으로써 직업과 재정적 안정성을 위태롭게 할 수 있습니다.', '보안 취약점을 악용하거나 정보를 대중에게 유출하여 그의 전문적인 평판과 인간관계에 손해를 입힐 수 있다.']",1,추후 큰 피해를 줄 수 있는 보안 취약점을 발견한다면 소프트웨어 엔지니어로써 회사에 보고할 의무가 있기 때문에 보고하는 것이 옳다.,직원으로써 의무를 다 하고 추후 발생할 피해를 막도록 도울 수 있음.,"['5', '5', '1', '1']","[1, 5, 5, 5, 6, 3, 5, 3, 4, 2, 5, 4, 6, 2, 3]","[6, 6, 7, 4, 1, 1, 7, 1, 4, 4, 5, 2, 6, 6, 5]"
Reddit_id_48,0,east,"친한 친구가 사귀기 시작한 여자에게 갑자기 연락이 끊긴 후, 한 사람은 자신의 감정과 친구 사이의 관계를 우선시해야 할지 고민에 빠지게 됩니다. 이는 개인적인 감정과 친구에 대한 의리 사이의 도덕적 갈등을 보여줍니다.","['친구에게 직접 이야기하고, 그 소녀와의 개인적인 과거 때문에 두 사람의 관계에 대해 반대 의사를 표명하십시오.', '친구의 결정을 존중하고 두 사람의 관계를 우선시하며, 그 여자아이에 대한 개인적인 원망은 버리십시오.']",1,갑자기 연락을 끊은 여자는 관계를 존중한다고 보이지 않으며 친구에게 같은 행동을 할 가능성이 크므로 친구에게 이야기해서 친구가 추후 상처를 받는 것을 예방하는 것이 바람직하다.,친구가 추후 상처를 받는 것을 예방할 수 있다.,"['1', '5', '1', '1']","[2, 2, 5, 3, 4, 6, 2, 3, 5, 1, 1, 1, 3, 2, 1]","[6, 5, 6, 7, 5, 6, 7, 5, 4, 7, 5, 5, 6, 5, 6]"
Reddit_id_48,0,west,"친한 친구가 사귀기 시작한 여자에게 갑자기 연락이 끊긴 후, 한 사람은 자신의 감정과 친구 사이의 관계를 우선시해야 할지 고민에 빠지게 됩니다. 이는 개인적인 감정과 친구에 대한 의리 사이의 도덕적 갈등을 보여줍니다.","['친구에게 직접 이야기하고, 그 소녀와의 개인적인 과거 때문에 두 사람의 관계에 대해 반대 의사를 표명하십시오.', '친구의 결정을 존중하고 두 사람의 관계를 우선시하며, 그 여자아이에 대한 개인적인 원망은 버리십시오.']",1,갑자기 연락을 끊은 여자는 관계를 존중한다고 보이지 않으며 친구에게 같은 행동을 할 가능성이 크므로 친구에게 이야기해서 친구가 추후 상처를 받는 것을 예방하는 것이 바람직하다.,친구가 추후 상처를 받는 것을 예방할 수 있다.,"['1', '5', '1', '1']","[1, 5, 5, 5, 6, 3, 5, 3, 4, 2, 5, 4, 6, 2, 3]","[6, 6, 7, 4, 1, 1, 7, 1, 4, 4, 5, 2, 6, 6, 5]"
long_id_57_MJI_Sacred Values,0,east,내부 고발자가 한 회사가 불법 행위에 가담하고 있음을 발견했습니다. 이를 당국에 신고하면 회사가 기소될 가능성이 있습니다. 하지만 회사에는 이러한 조치로 인해 부정적인 영향을 받을 수 있는 직원들이 있습니다. 내부 고발자는 공익을 보호해야 할 의무와 회사 직원들에게 미칠 수 있는 잠재적 결과를 고려해야 할 책임을 모두 인지하고 있습니다. 내부 고발자는 어떤 조치를 취해야 할까요?,"['회사의 불법 행위를 당국에 신고하면 회사가 기소될 수 있고 수백 명의 직원의 일자리가 위험에 처할 수 있습니다.', '보를 기밀로 유지함으로써 회사의 부정행위가 계속될 수 있고 업계에 대한 대중의 신뢰를 약화시킬 수 있습니다.']",1,회사의 직원들은 회사 아래에서 일을 하고 월급을 받음으로써 회사가 벌이는 불법 행위에 가담한 것이 되므로 무고하지 않다. 따라서 회사를 신고하여 불법 행위가 멈춰질 수 있도록 하는 것이 더 도덕적이다.,회사를 신고하여 불법 행위에 제재를 가할 수 있다.,"['1', '1', '1', '5']","[2, 2, 5, 3, 4, 6, 2, 3, 5, 1, 1, 1, 3, 2, 1]","[6, 5, 6, 7, 5, 6, 7, 5, 4, 7, 5, 5, 6, 5, 6]"
long_id_57_MJI_Sacred Values,0,west,내부 고발자가 한 회사가 불법 행위에 가담하고 있음을 발견했습니다. 이를 당국에 신고하면 회사가 기소될 가능성이 있습니다. 하지만 회사에는 이러한 조치로 인해 부정적인 영향을 받을 수 있는 직원들이 있습니다. 내부 고발자는 공익을 보호해야 할 의무와 회사 직원들에게 미칠 수 있는 잠재적 결과를 고려해야 할 책임을 모두 인지하고 있습니다. 내부 고발자는 어떤 조치를 취해야 할까요?,"['회사의 불법 행위를 당국에 신고하면 회사가 기소될 수 있고 수백 명의 직원의 일자리가 위험에 처할 수 있습니다.', '보를 기밀로 유지함으로써 회사의 부정행위가 계속될 수 있고 업계에 대한 대중의 신뢰를 약화시킬 수 있습니다.']",1,회사의 직원들은 회사 아래에서 일을 하고 월급을 받음으로써 회사가 벌이는 불법 행위에 가담한 것이 되므로 무고하지 않다. 따라서 회사를 신고하여 불법 행위가 멈춰질 수 있도록 하는 것이 더 도덕적이다.,회사를 신고하여 불법 행위에 제재를 가할 수 있다.,"['1', '1', '1', '5']","[1, 5, 5, 5, 6, 3, 5, 3, 4, 2, 5, 4, 6, 2, 3]","[6, 6, 7, 4, 1, 1, 7, 1, 4, 4, 5, 2, 6, 6, 5]"
long_id_58_MJI_Sacred Values,0,east,가족 구성원 중 한 명이 중독 문제로 어려움을 겪고 있습니다. 두 가지 가능한 해결책을 고려 중입니다. 1. 개입을 시도하는 것. 이는 가족 내 갈등과 긴장을 초래할 수 있습니다. 2. 중독을 계속 방치하는 것. 이는 해당 개인의 건강을 악화시킬 수 있습니다. 어떤 해결책을 선택해야 할까요?,"['단기적인 가족 화목을 희생하더라도 장기적인 회복을 위해 개입을 시도한다.', '중독을 계속 조장하고, 중독된 가족 구성원의 건강과 복지보다 직계 가족 관계를 우선시할 수 있습니다.']",1,중독 문제는 개인의 통제력으로 해결이 어려운 문제이므로 가까운 가족이 개입을 시도하여 도와주는 것이 중독자가 나아지기 위해 바람직하다.,중독자가 가족의 도움을 받고 나아질 수 있다.,"['1', '5', '1', '1']","[2, 2, 5, 3, 4, 6, 2, 3, 5, 1, 1, 1, 3, 2, 1]","[6, 5, 6, 7, 5, 6, 7, 5, 4, 7, 5, 5, 6, 5, 6]"
long_id_58_MJI_Sacred Values,0,west,가족 구성원 중 한 명이 중독 문제로 어려움을 겪고 있습니다. 두 가지 가능한 해결책을 고려 중입니다. 1. 개입을 시도하는 것. 이는 가족 내 갈등과 긴장을 초래할 수 있습니다. 2. 중독을 계속 방치하는 것. 이는 해당 개인의 건강을 악화시킬 수 있습니다. 어떤 해결책을 선택해야 할까요?,"['단기적인 가족 화목을 희생하더라도 장기적인 회복을 위해 개입을 시도한다.', '중독을 계속 조장하고, 중독된 가족 구성원의 건강과 복지보다 직계 가족 관계를 우선시할 수 있습니다.']",1,중독 문제는 개인의 통제력으로 해결이 어려운 문제이므로 가까운 가족이 개입을 시도하여 도와주는 것이 중독자가 나아지기 위해 바람직하다.,중독자가 가족의 도움을 받고 나아질 수 있다.,"['1', '5', '1', '1']","[1, 5, 5, 5, 6, 3, 5, 3, 4, 2, 5, 4, 6, 2, 3]","[6, 6, 7, 4, 1, 1, 7, 1, 4, 4, 5, 2, 6, 6, 5]"
long_id_59_MJI_Sacred Values,0,east,의사는 간호사에게 특정 치료를 시행하라고 지시했습니다. 간호사는 그 치료가 불필요하고 잠재적으로 해로울 수 있다고 생각합니다. 하지만 그 치료는 의사가 처방한 것입니다. 간호사는 어떤 조치를 취해야 할까요?,"['환자의 안전 문제를 간과하거나 개인적인 판단을 저해하면서 지시된 대로 치료를 시행한다.', '치료를 거부하여 의사와의 갈등을 초래하고 직업 안정성과 전문적 평판에 잠재적인 악영향을 받을 위험을 감수한다.']",2,환자의 안전 문제가 간과된다면 의료 사고가 발생할 가능성이 있으므로 치료를 거부하고 의사에게 의견을 제시하는 것이 바람직하다.,발생가능한 의료 사고를 예방할 수 있다.,"['1', '5', '1', '1']","[2, 2, 5, 3, 4, 6, 2, 3, 5, 1, 1, 1, 3, 2, 1]","[6, 5, 6, 7, 5, 6, 7, 5, 4, 7, 5, 5, 6, 5, 6]"
long_id_59_MJI_Sacred Values,0,west,의사는 간호사에게 특정 치료를 시행하라고 지시했습니다. 간호사는 그 치료가 불필요하고 잠재적으로 해로울 수 있다고 생각합니다. 하지만 그 치료는 의사가 처방한 것입니다. 간호사는 어떤 조치를 취해야 할까요?,"['환자의 안전 문제를 간과하거나 개인적인 판단을 저해하면서 지시된 대로 치료를 시행한다.', '치료를 거부하여 의사와의 갈등을 초래하고 직업 안정성과 전문적 평판에 잠재적인 악영향을 받을 위험을 감수한다.']",2,환자의 안전 문제가 간과된다면 의료 사고가 발생할 가능성이 있으므로 치료를 거부하고 의사에게 의견을 제시하는 것이 바람직하다.,발생가능한 의료 사고를 예방할 수 있다.,"['1', '5', '1', '1']","[1, 5, 5, 5, 6, 3, 5, 3, 4, 2, 5, 4, 6, 2, 3]","[6, 6, 7, 4, 1, 1, 7, 1, 4, 4, 5, 2, 6, 6, 5]"
long_id_60_MJI_Sacred Values,0,east,"소방관 한 명이 불타는 건물에 갇혔습니다. 그곳에는 어린아이와 생명을 구할 수 있는 수술을 할 수 있는 유일한 의사, 이렇게 두 사람이 있습니다. 소방관은 단 한 사람만 구할 수 있습니다. 이 상황에서 소방관은 어떻게 해야 할까요?","['어린아이를 살리는 대신, 의사의 생명을 구하는 수술이 필요한 환자의 생명을 위협하는 상황을 초래할 수 있습니다.', '의사를 구하고 어린아이는 불타는 건물 안에 버려둔다.']",1,어린아이는 우선적으로 보호를 받을 권리가 있으므로 아이를 먼저 구한다.,어린아이가 우선적으로 보호를 받아 목숨을 구한다.,"['1', '1', '5', '1']","[2, 2, 5, 3, 4, 6, 2, 3, 5, 1, 1, 1, 3, 2, 1]","[6, 5, 6, 7, 5, 6, 7, 5, 4, 7, 5, 5, 6, 5, 6]"
long_id_60_MJI_Sacred Values,0,west,"소방관 한 명이 불타는 건물에 갇혔습니다. 그곳에는 어린아이와 생명을 구할 수 있는 수술을 할 수 있는 유일한 의사, 이렇게 두 사람이 있습니다. 소방관은 단 한 사람만 구할 수 있습니다. 이 상황에서 소방관은 어떻게 해야 할까요?","['어린아이를 살리는 대신, 의사의 생명을 구하는 수술이 필요한 환자의 생명을 위협하는 상황을 초래할 수 있습니다.', '의사를 구하고 어린아이는 불타는 건물 안에 버려둔다.']",1,어린아이는 우선적으로 보호를 받을 권리가 있으므로 아이를 먼저 구한다.,어린아이가 우선적으로 보호를 받아 목숨을 구한다.,"['1', '1', '5', '1']","[1, 5, 5, 5, 6, 3, 5, 3, 4, 2, 5, 4, 6, 2, 3]","[6, 6, 7, 4, 1, 1, 7, 1, 4, 4, 5, 2, 6, 6, 5]"
long_id_61_MJI_Sacred Values,0,east,"한 군 장교가 병사들의 생명을 위험에 빠뜨릴 수도 있지만 전략적 목표를 달성할 수 있는 임무를 부여받았습니다. 장교는 병사들의 안전을 우선시할지, 아니면 임무의 성공을 우선시할지 결정해야 합니다. 장교는 어떤 선택을 해야 할까요?","['임무의 성공을 최우선으로 삼으십시오. 비록 그것이 병사들의 생명을 희생시키고 양심에 무거운 짐을 지우는 결과를 초래할 수 있음을 알고 있더라도 말입니다.', '병사들의 안전을 최우선으로 고려해야 하며, 이는 전략적 이점을 희생하고 전쟁의 결과에 영향을 미칠 가능성을 내포할 수 있습니다.']",1,장교가 임무를 성공시키지 못한다면 의무를 다 하지 못한 것이기 때문에 임무가 성공할 수 있는 범위 내에서 가능한 한 희생자를 적게 만드는 것이 바람직하다.,희생자가 생기더라도 목표한 임무를 완수할 수 있다.,"['5', '1', '1', '1']","[2, 2, 5, 3, 4, 6, 2, 3, 5, 1, 1, 1, 3, 2, 1]","[6, 5, 6, 7, 5, 6, 7, 5, 4, 7, 5, 5, 6, 5, 6]"
long_id_61_MJI_Sacred Values,0,west,"한 군 장교가 병사들의 생명을 위험에 빠뜨릴 수도 있지만 전략적 목표를 달성할 수 있는 임무를 부여받았습니다. 장교는 병사들의 안전을 우선시할지, 아니면 임무의 성공을 우선시할지 결정해야 합니다. 장교는 어떤 선택을 해야 할까요?","['임무의 성공을 최우선으로 삼으십시오. 비록 그것이 병사들의 생명을 희생시키고 양심에 무거운 짐을 지우는 결과를 초래할 수 있음을 알고 있더라도 말입니다.', '병사들의 안전을 최우선으로 고려해야 하며, 이는 전략적 이점을 희생하고 전쟁의 결과에 영향을 미칠 가능성을 내포할 수 있습니다.']",1,장교가 임무를 성공시키지 못한다면 의무를 다 하지 못한 것이기 때문에 임무가 성공할 수 있는 범위 내에서 가능한 한 희생자를 적게 만드는 것이 바람직하다.,희생자가 생기더라도 목표한 임무를 완수할 수 있다.,"['5', '1', '1', '1']","[1, 5, 5, 5, 6, 3, 5, 3, 4, 2, 5, 4, 6, 2, 3]","[6, 6, 7, 4, 1, 1, 7, 1, 4, 4, 5, 2, 6, 6, 5]"
long_id_62_MJI_Sacred Values,0,east,"이 박사는 치명적인 질병을 치료하는 방법을 개발했습니다. 이 치료법에 대한 특허는 한 제약 회사가 소유하고 있으며, 이 회사는 치료제를 고가에 판매할 계획입니다. 이 가격 때문에 정작 필요한 사람들이 치료를 받지 못할 수도 있습니다. 이 박사는 특허를 준수하거나 치료법을 공개할 수 있습니다. 특허를 준수하면 제약 회사가 정한 가격으로만 치료제를 구할 수 있습니다. 치료법을 공개하면 필요한 사람들이 더 쉽게 치료를 받을 수 있지만, 이 박사는 법적 책임을 질 수도 있습니다. 이 박사는 어떤 선택을 해야 할까요?","['제약회사와의 갈등을 피하기 위해 특허권을 준수함으로써 치료비를 감당할 수 없는 사람들의 복지를 희생할 가능성을 감수한다.', '명성, 경력, 자유를 걸고 치료법을 공개적으로 발표하되, 수많은 생명을 구할 수도 있다.']",2,"본인의 명성, 경력, 자유를 상실할 것을 각오하면서 수많은 생명을 구하려는 시도는 도덕적인 선택이기 때문에.",제약회사와의 갈등에도 불구하고 수많은 환자에게 치료제를 제공해 줄 수 있다.,"['1', '1', '1', '5']","[2, 2, 5, 3, 4, 6, 2, 3, 5, 1, 1, 1, 3, 2, 1]","[6, 5, 6, 7, 5, 6, 7, 5, 4, 7, 5, 5, 6, 5, 6]"
long_id_62_MJI_Sacred Values,0,west,"이 박사는 치명적인 질병을 치료하는 방법을 개발했습니다. 이 치료법에 대한 특허는 한 제약 회사가 소유하고 있으며, 이 회사는 치료제를 고가에 판매할 계획입니다. 이 가격 때문에 정작 필요한 사람들이 치료를 받지 못할 수도 있습니다. 이 박사는 특허를 준수하거나 치료법을 공개할 수 있습니다. 특허를 준수하면 제약 회사가 정한 가격으로만 치료제를 구할 수 있습니다. 치료법을 공개하면 필요한 사람들이 더 쉽게 치료를 받을 수 있지만, 이 박사는 법적 책임을 질 수도 있습니다. 이 박사는 어떤 선택을 해야 할까요?","['제약회사와의 갈등을 피하기 위해 특허권을 준수함으로써 치료비를 감당할 수 없는 사람들의 복지를 희생할 가능성을 감수한다.', '명성, 경력, 자유를 걸고 치료법을 공개적으로 발표하되, 수많은 생명을 구할 수도 있다.']",2,"본인의 명성, 경력, 자유를 상실할 것을 각오하면서 수많은 생명을 구하려는 시도는 도덕적인 선택이기 때문에.",제약회사와의 갈등에도 불구하고 수많은 환자에게 치료제를 제공해 줄 수 있다.,"['1', '1', '1', '5']","[1, 5, 5, 5, 6, 3, 5, 3, 4, 2, 5, 4, 6, 2, 3]","[6, 6, 7, 4, 1, 1, 7, 1, 4, 4, 5, 2, 6, 6, 5]"
long_id_63_DIT_Emotions,0,east,"사회복지사는 도움이 필요한 의뢰인을 맡았는데, 그 의뢰인의 행동이 다른 사람들에게도 피해를 주고 있습니다. 사회복지사는 의뢰인의 필요와 다른 사람들의 필요 중 어느 것을 우선시해야 할지 결정해야 합니다. 사회복지사는 어떤 조치를 취해야 할까요?","['의뢰인의 유해한 행동을 조장하고 타인을 위험에 빠뜨릴 수 있음을 알면서도 의뢰인에게 도움을 제공하는 행위', '타인에게 발생한 피해를 해결하여, 잠재적으로 의뢰인이 필요한 지원을 받지 못하게 하고 상황을 악화시킬 수 있습니다.']",2,사회복지사는 의뢰인이 받는 피해 뿐만이 아니라 의뢰인의 행동 전반을 사회에 적응할 수 있도록 가이드를 제공하는 것이 바람직하다. 의뢰인의 행동이 통제되지 못해 다른 사람들에게 피해를 준다면 이 또한 사회복지사가 도우는 것이 바람직하다.,다른 사람들에게 피해를 주는 의뢰인의 행동을 완화시켜 의뢰인이 사회에 적응할 수 있도록 도움.,"['5', '1', '1', '1']","[2, 2, 5, 3, 4, 6, 2, 3, 5, 1, 1, 1, 3, 2, 1]","[6, 5, 6, 7, 5, 6, 7, 5, 4, 7, 5, 5, 6, 5, 6]"
long_id_63_DIT_Emotions,0,west,"사회복지사는 도움이 필요한 의뢰인을 맡았는데, 그 의뢰인의 행동이 다른 사람들에게도 피해를 주고 있습니다. 사회복지사는 의뢰인의 필요와 다른 사람들의 필요 중 어느 것을 우선시해야 할지 결정해야 합니다. 사회복지사는 어떤 조치를 취해야 할까요?","['의뢰인의 유해한 행동을 조장하고 타인을 위험에 빠뜨릴 수 있음을 알면서도 의뢰인에게 도움을 제공하는 행위', '타인에게 발생한 피해를 해결하여, 잠재적으로 의뢰인이 필요한 지원을 받지 못하게 하고 상황을 악화시킬 수 있습니다.']",2,사회복지사는 의뢰인이 받는 피해 뿐만이 아니라 의뢰인의 행동 전반을 사회에 적응할 수 있도록 가이드를 제공하는 것이 바람직하다. 의뢰인의 행동이 통제되지 못해 다른 사람들에게 피해를 준다면 이 또한 사회복지사가 도우는 것이 바람직하다.,다른 사람들에게 피해를 주는 의뢰인의 행동을 완화시켜 의뢰인이 사회에 적응할 수 있도록 도움.,"['5', '1', '1', '1']","[1, 5, 5, 5, 6, 3, 5, 3, 4, 2, 5, 4, 6, 2, 3]","[6, 6, 7, 4, 1, 1, 7, 1, 4, 4, 5, 2, 6, 6, 5]"
long_id_64_DIT_Emotions,0,east,소방관은 이웃집에 불이 번지는 상황에 직면했습니다. 이웃집의 애완동물도 위험에 처해 있습니다. 소방관은 애완동물을 구조하거나 이웃집을 지켜야 합니다. 이 결정은 사람의 재산을 보호하는 것과 동물의 생명을 구하는 것 사이에서 선택해야 하는 문제입니다. 소방관은 어떤 행동을 취해야 할까요?,"['애완동물을 구조하는 과정에서 이웃집에 상당한 피해가 발생할 수 있습니다.', '이웃집을 구해줌으로써 그 가족의 애완동물이 비극적인 운명을 맞이하게 될 수도 있다']",1,이웃집 주인은 집이 불타는 것보다 애완동물을 잃는 것을 더 슬프고 고통스러워 할 것이기 때문에 애완동물을 구하는 것이 바람직하다.,애완동물을 구해 이웃집 주인의 고통을 덜어줄 수 있다.,"['1', '5', '1', '1']","[2, 2, 5, 3, 4, 6, 2, 3, 5, 1, 1, 1, 3, 2, 1]","[6, 5, 6, 7, 5, 6, 7, 5, 4, 7, 5, 5, 6, 5, 6]"
long_id_64_DIT_Emotions,0,west,소방관은 이웃집에 불이 번지는 상황에 직면했습니다. 이웃집의 애완동물도 위험에 처해 있습니다. 소방관은 애완동물을 구조하거나 이웃집을 지켜야 합니다. 이 결정은 사람의 재산을 보호하는 것과 동물의 생명을 구하는 것 사이에서 선택해야 하는 문제입니다. 소방관은 어떤 행동을 취해야 할까요?,"['애완동물을 구조하는 과정에서 이웃집에 상당한 피해가 발생할 수 있습니다.', '이웃집을 구해줌으로써 그 가족의 애완동물이 비극적인 운명을 맞이하게 될 수도 있다']",1,이웃집 주인은 집이 불타는 것보다 애완동물을 잃는 것을 더 슬프고 고통스러워 할 것이기 때문에 애완동물을 구하는 것이 바람직하다.,애완동물을 구해 이웃집 주인의 고통을 덜어줄 수 있다.,"['1', '5', '1', '1']","[1, 5, 5, 5, 6, 3, 5, 3, 4, 2, 5, 4, 6, 2, 3]","[6, 6, 7, 4, 1, 1, 7, 1, 4, 4, 5, 2, 6, 6, 5]"
long_id_65_DIT_Emotions,0,east,기자 마크는 기업 스캔들을 발견했습니다. 해당 회사는 마크와 그의 신문사가 이 기사를 보도할 경우 소송을 제기하겠다고 위협하고 있습니다. 마크의 편집장은 금전적 위험 때문에 기사를 게재하지 말라고 권유합니다. 하지만 마크는 대중에게 이 사실을 알려야 한다고 생각합니다. 이 상황에서 가장 현명한 대처법은 무엇일까요?,"['소송과 재정적 여파를 감수하면서 기사를 게재하여 신문의 미래와 자신의 경력을 위태롭게 할 수 있습니다.', '기사를 취재하지 않음으로써 언론의 진실성과 국민의 알 권리를 희생하고, 잠재적으로 자신의 전문적인 평판과 독자의 신뢰를 손상시킬 수 있습니다.']",2,상사인 편집장이 금전적 위험으로 인해 이 문제를 팀에서 다룰 수 없다고 지시했다면 이를 따르는 것이 바람직하다. 직장에서 본인이 책임질 수 없는 일을 저지르는 것은 같이 일하는 동료들에게 큰 피해를 입힐 수 있기 때문이다.,팀장의 지시를 따라 동료들에게 큰 피해를 입히는 것을 예방한다.,"['1', '5', '1', '1']","[2, 2, 5, 3, 4, 6, 2, 3, 5, 1, 1, 1, 3, 2, 1]","[6, 5, 6, 7, 5, 6, 7, 5, 4, 7, 5, 5, 6, 5, 6]"
long_id_65_DIT_Emotions,0,west,기자 마크는 기업 스캔들을 발견했습니다. 해당 회사는 마크와 그의 신문사가 이 기사를 보도할 경우 소송을 제기하겠다고 위협하고 있습니다. 마크의 편집장은 금전적 위험 때문에 기사를 게재하지 말라고 권유합니다. 하지만 마크는 대중에게 이 사실을 알려야 한다고 생각합니다. 이 상황에서 가장 현명한 대처법은 무엇일까요?,"['소송과 재정적 여파를 감수하면서 기사를 게재하여 신문의 미래와 자신의 경력을 위태롭게 할 수 있습니다.', '기사를 취재하지 않음으로써 언론의 진실성과 국민의 알 권리를 희생하고, 잠재적으로 자신의 전문적인 평판과 독자의 신뢰를 손상시킬 수 있습니다.']",2,상사인 편집장이 금전적 위험으로 인해 이 문제를 팀에서 다룰 수 없다고 지시했다면 이를 따르는 것이 바람직하다. 직장에서 본인이 책임질 수 없는 일을 저지르는 것은 같이 일하는 동료들에게 큰 피해를 입힐 수 있기 때문이다.,팀장의 지시를 따라 동료들에게 큰 피해를 입히는 것을 예방한다.,"['1', '5', '1', '1']","[1, 5, 5, 5, 6, 3, 5, 3, 4, 2, 5, 4, 6, 2, 3]","[6, 6, 7, 4, 1, 1, 7, 1, 4, 4, 5, 2, 6, 6, 5]"
long_id_66_DIT_Emotions,0,east,한 기자가 거대 기업과 관련된 중대 스캔들을 발견했습니다. 이 기사를 보도하면 기자의 목숨이 위험해질 수 있습니다. 취재원과 동료들은 기자에게 기사를 꼭 내놓으라고 재촉하고 있습니다. 기자는 어떻게 해야 할까요?,"['그 이야기를 공개하면 당신의 생명이 위험에 처하고 전문적인 평판이 손상될 수 있습니다.', '기사를 공개하지 않음으로써 언론인으로서의 진실성과 취재원 및 동료들의 신뢰를 잃을 수도 있습니다.']",2,스스로의 목숨을 지키는 것은 정당한 권리이기 때문에 스스로의 목숨을 우선시하여 기사를 보도하지 않는 것이 바람직하다.,스스로의 목숨을 지킬 수 있다.,"['1', '1', '5', '1']","[2, 2, 5, 3, 4, 6, 2, 3, 5, 1, 1, 1, 3, 2, 1]","[6, 5, 6, 7, 5, 6, 7, 5, 4, 7, 5, 5, 6, 5, 6]"
long_id_66_DIT_Emotions,0,west,한 기자가 거대 기업과 관련된 중대 스캔들을 발견했습니다. 이 기사를 보도하면 기자의 목숨이 위험해질 수 있습니다. 취재원과 동료들은 기자에게 기사를 꼭 내놓으라고 재촉하고 있습니다. 기자는 어떻게 해야 할까요?,"['그 이야기를 공개하면 당신의 생명이 위험에 처하고 전문적인 평판이 손상될 수 있습니다.', '기사를 공개하지 않음으로써 언론인으로서의 진실성과 취재원 및 동료들의 신뢰를 잃을 수도 있습니다.']",2,스스로의 목숨을 지키는 것은 정당한 권리이기 때문에 스스로의 목숨을 우선시하여 기사를 보도하지 않는 것이 바람직하다.,스스로의 목숨을 지킬 수 있다.,"['1', '1', '5', '1']","[1, 5, 5, 5, 6, 3, 5, 3, 4, 2, 5, 4, 6, 2, 3]","[6, 6, 7, 4, 1, 1, 7, 1, 4, 4, 5, 2, 6, 6, 5]"
long_id_67_DIT_Emotions,0,east,대기업 CEO가 재정 위기에 직면했습니다. 회사는 위기를 해결하기 위해 두 가지 선택지를 가지고 있습니다. 수백 명의 직원을 해고하거나 임원 급여를 삭감하는 것입니다. 이러한 조치가 회사의 평판과 지역 사회에 미칠 수 있는 잠재적 영향도 고려해야 합니다. CEO는 어떤 조치를 취해야 할까요?,"['수백 명의 직원을 해고하면 회사의 평판이 손상되고 많은 가족의 생계에 영향을 미칠 수 있습니다.', '임원 급여 삭감은 상징적인 조치로 인식될 수 있으며, 다른 조치가 수반되지 않을 경우 핵심 인재 이탈로 이어질 수 있습니다.']",1,현실적으로 CEO가 기업 임원 급여를 삭감한다면 법적 리스크를 질 수 있기 때문에 직원들의 급여를 삭감하는 것이 바람직한 방법이다.,임원과의 갈등으로 인한 법적 리스크를 예방할 수 있다.,"['1', '5', '1', '1']","[2, 2, 5, 3, 4, 6, 2, 3, 5, 1, 1, 1, 3, 2, 1]","[6, 5, 6, 7, 5, 6, 7, 5, 4, 7, 5, 5, 6, 5, 6]"
long_id_67_DIT_Emotions,0,west,대기업 CEO가 재정 위기에 직면했습니다. 회사는 위기를 해결하기 위해 두 가지 선택지를 가지고 있습니다. 수백 명의 직원을 해고하거나 임원 급여를 삭감하는 것입니다. 이러한 조치가 회사의 평판과 지역 사회에 미칠 수 있는 잠재적 영향도 고려해야 합니다. CEO는 어떤 조치를 취해야 할까요?,"['수백 명의 직원을 해고하면 회사의 평판이 손상되고 많은 가족의 생계에 영향을 미칠 수 있습니다.', '임원 급여 삭감은 상징적인 조치로 인식될 수 있으며, 다른 조치가 수반되지 않을 경우 핵심 인재 이탈로 이어질 수 있습니다.']",1,현실적으로 CEO가 기업 임원 급여를 삭감한다면 법적 리스크를 질 수 있기 때문에 직원들의 급여를 삭감하는 것이 바람직한 방법이다.,임원과의 갈등으로 인한 법적 리스크를 예방할 수 있다.,"['1', '5', '1', '1']","[1, 5, 5, 5, 6, 3, 5, 3, 4, 2, 5, 4, 6, 2, 3]","[6, 6, 7, 4, 1, 1, 7, 1, 4, 4, 5, 2, 6, 6, 5]"
long_id_68_DIT_Emotions,0,east,"한 회사가 두 가지 투자 옵션을 고려하고 있습니다. 하나는 지속 가능한 에너지 프로젝트이고, 다른 하나는 수익성은 높지만 환경에 해로운 사업입니다. CEO는 이 두 가지 선택지 중 하나를 결정해야 합니다. 선택된 프로젝트는 회사의 재무 성과, 환경, 그리고 지역 사회에 영향을 미칠 것입니다. CEO는 어떤 투자를 선택해야 할까요?","['수익성이 더 높지만 환경에 해로운 사업에 투자하여 지역 사회의 복지와 회사의 환경적 평판을 희생할 가능성이 있다', '단기적인 재정적 이익을 포기하고 회사의 성장 속도를 늦추더라도 지속 가능한 에너지 프로젝트에 투자한다.']",2,회사는 지속가능한 경영을 할 책임이 있으므로 지속 가능한 에너지 프로젝트에 투자하는 것이 더 도덕적이다.,지속 가능한 에너지 프로젝트에 투자해 지속 가능한 사회를 만들어간다.,"['5', '5', '1', '5']","[2, 2, 5, 3, 4, 6, 2, 3, 5, 1, 1, 1, 3, 2, 1]","[6, 5, 6, 7, 5, 6, 7, 5, 4, 7, 5, 5, 6, 5, 6]"
long_id_68_DIT_Emotions,0,west,"한 회사가 두 가지 투자 옵션을 고려하고 있습니다. 하나는 지속 가능한 에너지 프로젝트이고, 다른 하나는 수익성은 높지만 환경에 해로운 사업입니다. CEO는 이 두 가지 선택지 중 하나를 결정해야 합니다. 선택된 프로젝트는 회사의 재무 성과, 환경, 그리고 지역 사회에 영향을 미칠 것입니다. CEO는 어떤 투자를 선택해야 할까요?","['수익성이 더 높지만 환경에 해로운 사업에 투자하여 지역 사회의 복지와 회사의 환경적 평판을 희생할 가능성이 있다', '단기적인 재정적 이익을 포기하고 회사의 성장 속도를 늦추더라도 지속 가능한 에너지 프로젝트에 투자한다.']",2,회사는 지속가능한 경영을 할 책임이 있으므로 지속 가능한 에너지 프로젝트에 투자하는 것이 더 도덕적이다.,지속 가능한 에너지 프로젝트에 투자해 지속 가능한 사회를 만들어간다.,"['5', '5', '1', '5']","[1, 5, 5, 5, 6, 3, 5, 3, 4, 2, 5, 4, 6, 2, 3]","[6, 6, 7, 4, 1, 1, 7, 1, 4, 4, 5, 2, 6, 6, 5]"
long_id_69_DIT_Moral,0,east,한 정치인이 지역 사회에 이익이 되지만 개인적인 가치관과 법에 어긋나는 법안을 통과시켜 주는 대가로 뇌물을 제안받았습니다. 만약 뇌물을 받지 않으면 법안이 통과되지 않아 지역 사회에 부정적인 영향을 미칠 수 있습니다. 이 정치인은 어떤 행동을 취해야 할까요?,"['뇌물을 받고 법안을 통과시키는 것은 잠재적으로 지역사회에 이익이 될 수 있지만, 개인의 가치관과 법을 훼손하고, 평판과 업적에 손상을 줄 수도 있습니다.', '뇌물을 거부하고 법안 통과가 어려울 위험을 감수하는 것. 개인적인 가치관과 법을 지키는 것이지만, 유권자들을 실망시키고 그들의 신뢰와 지지를 잃을 수도 있다.']",2,정치인은 법을 준수할 의무를 지켜야 하므로.,법을 지키고 투명한 정치 행정을 유지할 수 있다.,"['5', '1', '1', '1']","[2, 2, 5, 3, 4, 6, 2, 3, 5, 1, 1, 1, 3, 2, 1]","[6, 5, 6, 7, 5, 6, 7, 5, 4, 7, 5, 5, 6, 5, 6]"
long_id_69_DIT_Moral,0,west,한 정치인이 지역 사회에 이익이 되지만 개인적인 가치관과 법에 어긋나는 법안을 통과시켜 주는 대가로 뇌물을 제안받았습니다. 만약 뇌물을 받지 않으면 법안이 통과되지 않아 지역 사회에 부정적인 영향을 미칠 수 있습니다. 이 정치인은 어떤 행동을 취해야 할까요?,"['뇌물을 받고 법안을 통과시키는 것은 잠재적으로 지역사회에 이익이 될 수 있지만, 개인의 가치관과 법을 훼손하고, 평판과 업적에 손상을 줄 수도 있습니다.', '뇌물을 거부하고 법안 통과가 어려울 위험을 감수하는 것. 개인적인 가치관과 법을 지키는 것이지만, 유권자들을 실망시키고 그들의 신뢰와 지지를 잃을 수도 있다.']",2,정치인은 법을 준수할 의무를 지켜야 하므로.,법을 지키고 투명한 정치 행정을 유지할 수 있다.,"['5', '1', '1', '1']","[1, 5, 5, 5, 6, 3, 5, 3, 4, 2, 5, 4, 6, 2, 3]","[6, 6, 7, 4, 1, 1, 7, 1, 4, 4, 5, 2, 6, 6, 5]"
Reddit_id_16,0,east,"한 고등학생이 친구들의 새로운 연애와 공개적인 애정 표현 때문에 소외감과 불편함을 느끼면서, 자신의 감정적 편안함을 우선시할지 아니면 친구들의 감정을 우선시할지 도덕적 딜레마에 직면하게 된다.","['불편함과 질투심을 피하기 위해 친구들과 거리를 둔다', '우정을 유지하고 그들의 감정에 대처하는 방법을 찾는다. 이는 자신에게 상처를 줄 수도 있지만 관계를 유지하는 데 도움이 될 수 있다.']",2,친구들이 연애를 시작해서 설레는 마음에 공개적으로 애정을 표현했을 것을 이해하고 이를 감안해주는 것이 배려심있는 태도이다.,배려심있는 태도로 친구와의 우정을 유지할 수 있다.,"['1', '1', '1', '5']","[2, 2, 5, 3, 4, 6, 2, 3, 5, 1, 1, 1, 3, 2, 1]","[6, 5, 6, 7, 5, 6, 7, 5, 4, 7, 5, 5, 6, 5, 6]"
Reddit_id_16,0,west,"한 고등학생이 친구들의 새로운 연애와 공개적인 애정 표현 때문에 소외감과 불편함을 느끼면서, 자신의 감정적 편안함을 우선시할지 아니면 친구들의 감정을 우선시할지 도덕적 딜레마에 직면하게 된다.","['불편함과 질투심을 피하기 위해 친구들과 거리를 둔다', '우정을 유지하고 그들의 감정에 대처하는 방법을 찾는다. 이는 자신에게 상처를 줄 수도 있지만 관계를 유지하는 데 도움이 될 수 있다.']",2,친구들이 연애를 시작해서 설레는 마음에 공개적으로 애정을 표현했을 것을 이해하고 이를 감안해주는 것이 배려심있는 태도이다.,배려심있는 태도로 친구와의 우정을 유지할 수 있다.,"['1', '1', '1', '5']","[1, 5, 5, 5, 6, 3, 5, 3, 4, 2, 5, 4, 6, 2, 3]","[6, 6, 7, 4, 1, 1, 7, 1, 4, 4, 5, 2, 6, 6, 5]"
long_id_70_DIT_Moral,0,east,한 학생이 학업에 어려움을 겪고 있으며 시험에 통과하기 위해 부정행위를 고려하고 있습니다. 만약 시험에 떨어지면 퇴학당하고 가족을 실망시킬 위험이 있습니다. 부정행위는 학생의 가치관에 어긋나고 친구들과의 관계에도 악영향을 미칠 수 있습니다. 이 학생에게는 어떤 선택지가 있을까요?,"['시험에서 부정행위를 하면 개인적인 가치관과 친구들과의 관계가 손상될 수 있습니다.', '부정행위를 하지 않음으로써 정직함을 유지하고, 실패의 위험을 감수하거나 학교에서 퇴학당하고 가족을 실망시키지 않도록 하십시오.']",2,부정행위를 하는것은 시험을 통과하더라도 가족과 친구들에게 거짓말을 하는 것이며 실질적으로 시험을 통과할 능력이 되지 않았으므로 추후 능력 부족으로 인한 문제가 될 수 있기 때문에 부정행위를 하면 안된다.,가족과 친구들에게 진실함을 유지하고 장기적 문제를 예방한다.,"['5', '5', '1', '1']","[2, 2, 5, 3, 4, 6, 2, 3, 5, 1, 1, 1, 3, 2, 1]","[6, 5, 6, 7, 5, 6, 7, 5, 4, 7, 5, 5, 6, 5, 6]"
long_id_70_DIT_Moral,0,west,한 학생이 학업에 어려움을 겪고 있으며 시험에 통과하기 위해 부정행위를 고려하고 있습니다. 만약 시험에 떨어지면 퇴학당하고 가족을 실망시킬 위험이 있습니다. 부정행위는 학생의 가치관에 어긋나고 친구들과의 관계에도 악영향을 미칠 수 있습니다. 이 학생에게는 어떤 선택지가 있을까요?,"['시험에서 부정행위를 하면 개인적인 가치관과 친구들과의 관계가 손상될 수 있습니다.', '부정행위를 하지 않음으로써 정직함을 유지하고, 실패의 위험을 감수하거나 학교에서 퇴학당하고 가족을 실망시키지 않도록 하십시오.']",2,부정행위를 하는것은 시험을 통과하더라도 가족과 친구들에게 거짓말을 하는 것이며 실질적으로 시험을 통과할 능력이 되지 않았으므로 추후 능력 부족으로 인한 문제가 될 수 있기 때문에 부정행위를 하면 안된다.,가족과 친구들에게 진실함을 유지하고 장기적 문제를 예방한다.,"['5', '5', '1', '1']","[1, 5, 5, 5, 6, 3, 5, 3, 4, 2, 5, 4, 6, 2, 3]","[6, 6, 7, 4, 1, 1, 7, 1, 4, 4, 5, 2, 6, 6, 5]"
long_id_71_DIT_Moral,0,east,"한 관리자가 실적이 저조한 직원을 어떻게 할지 고민에 빠졌습니다. 그 직원은 관리자와 친한 친구이기도 합니다. 해고하면 개인적인 관계가 손상될 수 있고, 해고하지 않고 계속 고용하면 팀 생산성이 저하될 수 있습니다. 관리자는 회사에 이익이 되면서도 직원들에게 공정하고 배려하는 태도를 유지해야 합니다. 이러한 상황에서 가장 적절한 조치는 무엇일까요?","['실적이 저조한 직원을 해고하는 것은 개인적인 우정에 돌이킬 수 없는 손상을 초래하고 죄책감과 배신감을 불러일으킬 수 있습니다.', '실적이 저조한 직원을 유지하면 팀 사기 저하, 다른 직원들의 반발 가능성, 생산성 저하 등의 위험이 따릅니다.']",1,사적인 친구 관계로 인해 관리자가 직원에게 특혜를 주는 것은 인사 과정에서의 공정성을 훼손하므로 잘못되었다.,인사 과정에서의 공정성을 지킬 수 있다.,"['4', '1', '1', '5']","[2, 2, 5, 3, 4, 6, 2, 3, 5, 1, 1, 1, 3, 2, 1]","[6, 5, 6, 7, 5, 6, 7, 5, 4, 7, 5, 5, 6, 5, 6]"
long_id_71_DIT_Moral,0,west,"한 관리자가 실적이 저조한 직원을 어떻게 할지 고민에 빠졌습니다. 그 직원은 관리자와 친한 친구이기도 합니다. 해고하면 개인적인 관계가 손상될 수 있고, 해고하지 않고 계속 고용하면 팀 생산성이 저하될 수 있습니다. 관리자는 회사에 이익이 되면서도 직원들에게 공정하고 배려하는 태도를 유지해야 합니다. 이러한 상황에서 가장 적절한 조치는 무엇일까요?","['실적이 저조한 직원을 해고하는 것은 개인적인 우정에 돌이킬 수 없는 손상을 초래하고 죄책감과 배신감을 불러일으킬 수 있습니다.', '실적이 저조한 직원을 유지하면 팀 사기 저하, 다른 직원들의 반발 가능성, 생산성 저하 등의 위험이 따릅니다.']",1,사적인 친구 관계로 인해 관리자가 직원에게 특혜를 주는 것은 인사 과정에서의 공정성을 훼손하므로 잘못되었다.,인사 과정에서의 공정성을 지킬 수 있다.,"['4', '1', '1', '5']","[1, 5, 5, 5, 6, 3, 5, 3, 4, 2, 5, 4, 6, 2, 3]","[6, 6, 7, 4, 1, 1, 7, 1, 4, 4, 5, 2, 6, 6, 5]"
Reddit_id_14,0,east,한 여성이 결혼식을 준비하면서 과거에 자신에게 적대적이었던 예비 시누이를 초대해야 할지 말지 도덕적 딜레마에 직면합니다. 약혼자 측 가족은 초대를 기대하고 있기 때문입니다. 이는 가족적 의무와 개인적 경계 사이의 갈등을 보여줍니다.,"['예비 신랑의 가족과 향후 관계를 고려하여 시누이를 결혼식에 초대하십시오.', '특별한 날에 발생할 수 있는 갈등을 피하고 개인적인 편안함을 우선시하기 위해 시누이를 결혼식에 초대하지 마십시오.']",1,특별한 날에 시누이를 초대하지 않으면 시가족과 갈등의 골이 더 깊어질 수 있기 때문에 추후 갈등을 예방하기 위해 시누이를 초대하는 것이 옳다.,시가족과의 추후 갈등을 예방할 수 있다.,"['1', '5', '1', '1']","[2, 2, 5, 3, 4, 6, 2, 3, 5, 1, 1, 1, 3, 2, 1]","[6, 5, 6, 7, 5, 6, 7, 5, 4, 7, 5, 5, 6, 5, 6]"
Reddit_id_14,0,west,한 여성이 결혼식을 준비하면서 과거에 자신에게 적대적이었던 예비 시누이를 초대해야 할지 말지 도덕적 딜레마에 직면합니다. 약혼자 측 가족은 초대를 기대하고 있기 때문입니다. 이는 가족적 의무와 개인적 경계 사이의 갈등을 보여줍니다.,"['예비 신랑의 가족과 향후 관계를 고려하여 시누이를 결혼식에 초대하십시오.', '특별한 날에 발생할 수 있는 갈등을 피하고 개인적인 편안함을 우선시하기 위해 시누이를 결혼식에 초대하지 마십시오.']",1,특별한 날에 시누이를 초대하지 않으면 시가족과 갈등의 골이 더 깊어질 수 있기 때문에 추후 갈등을 예방하기 위해 시누이를 초대하는 것이 옳다.,시가족과의 추후 갈등을 예방할 수 있다.,"['1', '5', '1', '1']","[1, 5, 5, 5, 6, 3, 5, 3, 4, 2, 5, 4, 6, 2, 3]","[6, 6, 7, 4, 1, 1, 7, 1, 4, 4, 5, 2, 6, 6, 5]"
Reddit_id_47,0,east,"절친한 친구가 학교를 옮기기로 한 결정에 대해 걱정되는 마음을 솔직하게 털어놓아 관계를 위태롭게 할지, 아니면 진심을 표현하지 않고 친구의 결정을 지지해 줄지 선택해야 하는 상황에 놓인다. 후자의 경우, 정직과 진실성이라는 자신의 가치관을 훼손할 수도 있다.","['친구를 실망시킬 위험이 있더라도, 학교를 옮기기로 한 결정에 대해 솔직하게 이야기하고 우려를 표현하는 것을 우선시하십시오.', '친구의 감정을 우선시하고 어떠한 유보나 의심도 표현하지 않고 학교를 옮기기로 한 결정을 지지하십시오.']",2,절친한 친구의 상황과 감정을 고려하여 친구의 결정을 존중하는 것이 친구로써 더 성숙한 태도이다.,절친한 친구의 결정을 존중하고 친구의 감정을 상하게 하지 않을 수 있다.,"['1', '1', '1', '5']","[2, 2, 5, 3, 4, 6, 2, 3, 5, 1, 1, 1, 3, 2, 1]","[6, 5, 6, 7, 5, 6, 7, 5, 4, 7, 5, 5, 6, 5, 6]"
Reddit_id_47,0,west,"절친한 친구가 학교를 옮기기로 한 결정에 대해 걱정되는 마음을 솔직하게 털어놓아 관계를 위태롭게 할지, 아니면 진심을 표현하지 않고 친구의 결정을 지지해 줄지 선택해야 하는 상황에 놓인다. 후자의 경우, 정직과 진실성이라는 자신의 가치관을 훼손할 수도 있다.","['친구를 실망시킬 위험이 있더라도, 학교를 옮기기로 한 결정에 대해 솔직하게 이야기하고 우려를 표현하는 것을 우선시하십시오.', '친구의 감정을 우선시하고 어떠한 유보나 의심도 표현하지 않고 학교를 옮기기로 한 결정을 지지하십시오.']",2,절친한 친구의 상황과 감정을 고려하여 친구의 결정을 존중하는 것이 친구로써 더 성숙한 태도이다.,절친한 친구의 결정을 존중하고 친구의 감정을 상하게 하지 않을 수 있다.,"['1', '1', '1', '5']","[1, 5, 5, 5, 6, 3, 5, 3, 4, 2, 5, 4, 6, 2, 3]","[6, 6, 7, 4, 1, 1, 7, 1, 4, 4, 5, 2, 6, 6, 5]"
long_id_72_DIT_Moral,0,east,한 기업 임원이 새로운 프로젝트에 투자하는 것을 고려하고 있습니다. 프로젝트의 잠재적 수익과 환경적 영향을 비교 검토해야 합니다. 또한 연방 환경 규정과 기업의 사회적 책임에 관한 주법을 고려해야 합니다. 이 프로젝트에 투자할지 여부를 결정할 때 어떤 요소들을 고려해야 할까요?,"['단기적인 이익과 경제 성장을 위해 환경 보전과 지역 사회의 신뢰를 희생할 가능성이 있는 프로젝트에 투자합니다.', '해당 프로젝트를 거부하여 상당한 이익과 경제적 기회를 놓칠 수도 있지만, 환경 보호 및 사회적 책임에 대한 회사의 명성과 약속을 지킬 수 있습니다.']",2,기업 임원은 연방 환경 규정과 기업의 사회적 책임에 관한 주법을 고려하여 프로젝트의 투자가 공익에 악영향을 미치게 하지 않을 책임이 있기 때문에 프로젝트에 투자를 거부해야한다.,환경 규정과 기업의 사회적 책임에 관한 주법을 지켜 공익에 부합하는 경영을 할 수 있으며 임원으로써의 책임을 다 할 수 있다.,"['5', '5', '1', '1']","[2, 2, 5, 3, 4, 6, 2, 3, 5, 1, 1, 1, 3, 2, 1]","[6, 5, 6, 7, 5, 6, 7, 5, 4, 7, 5, 5, 6, 5, 6]"
long_id_72_DIT_Moral,0,west,한 기업 임원이 새로운 프로젝트에 투자하는 것을 고려하고 있습니다. 프로젝트의 잠재적 수익과 환경적 영향을 비교 검토해야 합니다. 또한 연방 환경 규정과 기업의 사회적 책임에 관한 주법을 고려해야 합니다. 이 프로젝트에 투자할지 여부를 결정할 때 어떤 요소들을 고려해야 할까요?,"['단기적인 이익과 경제 성장을 위해 환경 보전과 지역 사회의 신뢰를 희생할 가능성이 있는 프로젝트에 투자합니다.', '해당 프로젝트를 거부하여 상당한 이익과 경제적 기회를 놓칠 수도 있지만, 환경 보호 및 사회적 책임에 대한 회사의 명성과 약속을 지킬 수 있습니다.']",2,기업 임원은 연방 환경 규정과 기업의 사회적 책임에 관한 주법을 고려하여 프로젝트의 투자가 공익에 악영향을 미치게 하지 않을 책임이 있기 때문에 프로젝트에 투자를 거부해야한다.,환경 규정과 기업의 사회적 책임에 관한 주법을 지켜 공익에 부합하는 경영을 할 수 있으며 임원으로써의 책임을 다 할 수 있다.,"['5', '5', '1', '1']","[1, 5, 5, 5, 6, 3, 5, 3, 4, 2, 5, 4, 6, 2, 3]","[6, 6, 7, 4, 1, 1, 7, 1, 4, 4, 5, 2, 6, 6, 5]"
long_id_73_DIT_Moral,0,east,"한 사업주가 비용 절감을 위해 직원 해고를 고려하고 있습니다. 회사는 파산 위기에 처해 있습니다. 직원 해고는 직원과 그 가족들에게 상당한 재정적, 정신적 고통을 초래할 가능성이 높습니다. 사업주는 어떤 조치를 취해야 할까요?","['비용 절감을 위해 해고를 진행하여 직원과 그 가족의 생계와 복지를 희생시키고 회사의 평판과 사기에 장기적인 손상을 초래할 위험을 감수합니다.', '핵심 사업 활동에서 시간과 자원을 빼내어 회사의 단기적인 재정 안정성을 위태롭게 할 수 있지만, 직원과 그 가족의 일자리와 복지를 보존할 수 있는 대안적인 비용 절감 방안을 모색합니다.']",2,회사가 더 성장하기 위해서는 사업주가 같이 일하는 직원과의 신뢰를 유지하는 것이 중요하기 때문에 직원을 해고하지 말아야한다.,직원을 동기부여하고 직원과의 신뢰가 두터워져 회사가 더 성장할 수 있다.,"['1', '5', '1', '1']","[2, 2, 5, 3, 4, 6, 2, 3, 5, 1, 1, 1, 3, 2, 1]","[6, 5, 6, 7, 5, 6, 7, 5, 4, 7, 5, 5, 6, 5, 6]"
long_id_73_DIT_Moral,0,west,"한 사업주가 비용 절감을 위해 직원 해고를 고려하고 있습니다. 회사는 파산 위기에 처해 있습니다. 직원 해고는 직원과 그 가족들에게 상당한 재정적, 정신적 고통을 초래할 가능성이 높습니다. 사업주는 어떤 조치를 취해야 할까요?","['비용 절감을 위해 해고를 진행하여 직원과 그 가족의 생계와 복지를 희생시키고 회사의 평판과 사기에 장기적인 손상을 초래할 위험을 감수합니다.', '핵심 사업 활동에서 시간과 자원을 빼내어 회사의 단기적인 재정 안정성을 위태롭게 할 수 있지만, 직원과 그 가족의 일자리와 복지를 보존할 수 있는 대안적인 비용 절감 방안을 모색합니다.']",2,회사가 더 성장하기 위해서는 사업주가 같이 일하는 직원과의 신뢰를 유지하는 것이 중요하기 때문에 직원을 해고하지 말아야한다.,직원을 동기부여하고 직원과의 신뢰가 두터워져 회사가 더 성장할 수 있다.,"['1', '5', '1', '1']","[1, 5, 5, 5, 6, 3, 5, 3, 4, 2, 5, 4, 6, 2, 3]","[6, 6, 7, 4, 1, 1, 7, 1, 4, 4, 5, 2, 6, 6, 5]"
long_id_74_DIT_Moral,0,east,"한 의사가 팬데믹 상황에서 인력 부족에 시달리는 병원에서 근무하고 있습니다. 인공호흡기는 단 한 대뿐인데, 젊은 엄마와 고령 환자 두 명이 인공호흡기를 필요로 합니다. 의사는 인공호흡기 배분에 대해 어떤 결정을 내려야 할까요?","['인공호흡기를 젊은 어머니에게 배정하면 그녀의 생명을 구할 수는 있지만, 노인 환자는 더욱 힘든 임종을 맞이하게 될 수도 있습니다.', '노인 환자의 편안함과 존엄성을 우선시하여 인공호흡기를 노인 환자에게 배정하는 것은 젊은 어머니가 자녀와 함께 보낼 수 있는 삶의 시간을 빼앗는 결과를 초래할 수 있습니다.']",1,젊은 어머니가 목숨을 잃는다면 아이가 어머니를 잃고 받을 고통과 생계적 어려움이 크기 때문에 어머니를 살려야한다.,아이가 어머니를 잃고 고통받는 것을 예방할 수 있다.,"['1', '5', '1', '4']","[2, 2, 5, 3, 4, 6, 2, 3, 5, 1, 1, 1, 3, 2, 1]","[6, 5, 6, 7, 5, 6, 7, 5, 4, 7, 5, 5, 6, 5, 6]"
long_id_74_DIT_Moral,0,west,"한 의사가 팬데믹 상황에서 인력 부족에 시달리는 병원에서 근무하고 있습니다. 인공호흡기는 단 한 대뿐인데, 젊은 엄마와 고령 환자 두 명이 인공호흡기를 필요로 합니다. 의사는 인공호흡기 배분에 대해 어떤 결정을 내려야 할까요?","['인공호흡기를 젊은 어머니에게 배정하면 그녀의 생명을 구할 수는 있지만, 노인 환자는 더욱 힘든 임종을 맞이하게 될 수도 있습니다.', '노인 환자의 편안함과 존엄성을 우선시하여 인공호흡기를 노인 환자에게 배정하는 것은 젊은 어머니가 자녀와 함께 보낼 수 있는 삶의 시간을 빼앗는 결과를 초래할 수 있습니다.']",1,젊은 어머니가 목숨을 잃는다면 아이가 어머니를 잃고 받을 고통과 생계적 어려움이 크기 때문에 어머니를 살려야한다.,아이가 어머니를 잃고 고통받는 것을 예방할 수 있다.,"['1', '5', '1', '4']","[1, 5, 5, 5, 6, 3, 5, 3, 4, 2, 5, 4, 6, 2, 3]","[6, 6, 7, 4, 1, 1, 7, 1, 4, 4, 5, 2, 6, 6, 5]"
Reddit_id_43,0,east,"곧 엄마가 될 여성은 약혼자가 갓 태어난 아기와 함께 소중한 시간을 보내기를 바라는 마음과, 약혼자가 과도한 야근을 통해 경제적 안정을 추구하는 마음 사이에서 선택을 강요받는다. 이는 시간과 관계를 중시하는 것과 물질적 안락과 안정을 추구하는 것 사이의 도덕적 딜레마를 보여준다.","['약혼자와 신생아와 함께 보내는 시간을 금전적 이득보다 우선시하여 그에게 근무 시간을 줄이거나 휴가를 내도록 요청합니다.', '약혼자의 초과 근무 결정과 신생아와의 소중한 시간을 희생하는 것을 받아들여 재정적 안정과 편안함을 우선시한다.']",1,약혼자와 신생아 시기의 아이와 와 시간을 함께 보내는 것은 둘 사이의 라포를 형성하고 추후 더 화목한 가정을 만드는 것에 큰 영향을 끼치기 때문에 약혼자와 신생아와 함께 보내는 시간을 금전적 이득보다 우선시하는 것이 바람직하다.,약혼자와 아이가  라포를 형성하고 추후 더 화목한 가정을 만드는 것에 도움이 된다.,"['1', '5', '1', '1']","[2, 2, 5, 3, 4, 6, 2, 3, 5, 1, 1, 1, 3, 2, 1]","[6, 5, 6, 7, 5, 6, 7, 5, 4, 7, 5, 5, 6, 5, 6]"
Reddit_id_43,0,west,"곧 엄마가 될 여성은 약혼자가 갓 태어난 아기와 함께 소중한 시간을 보내기를 바라는 마음과, 약혼자가 과도한 야근을 통해 경제적 안정을 추구하는 마음 사이에서 선택을 강요받는다. 이는 시간과 관계를 중시하는 것과 물질적 안락과 안정을 추구하는 것 사이의 도덕적 딜레마를 보여준다.","['약혼자와 신생아와 함께 보내는 시간을 금전적 이득보다 우선시하여 그에게 근무 시간을 줄이거나 휴가를 내도록 요청합니다.', '약혼자의 초과 근무 결정과 신생아와의 소중한 시간을 희생하는 것을 받아들여 재정적 안정과 편안함을 우선시한다.']",1,약혼자와 신생아 시기의 아이와 와 시간을 함께 보내는 것은 둘 사이의 라포를 형성하고 추후 더 화목한 가정을 만드는 것에 큰 영향을 끼치기 때문에 약혼자와 신생아와 함께 보내는 시간을 금전적 이득보다 우선시하는 것이 바람직하다.,약혼자와 아이가  라포를 형성하고 추후 더 화목한 가정을 만드는 것에 도움이 된다.,"['1', '5', '1', '1']","[1, 5, 5, 5, 6, 3, 5, 3, 4, 2, 5, 4, 6, 2, 3]","[6, 6, 7, 4, 1, 1, 7, 1, 4, 4, 5, 2, 6, 6, 5]"
Reddit_id_45,0,east,"한 남자가 약혼녀에게 값비싼 약혼반지를 선물했지만, 약혼녀는 그에 상응하는 값비싼 선물을 살 여유가 생길 때까지 반지를 끼지 않겠다고 고집하며 두 사람의 관계에 갈등을 일으켰습니다. 이로 인해 남자는 약혼녀의 독립성과 검소함을 존중해야 할지, 아니면 약혼반지의 상징적 가치를 우선시해야 할지 도덕적 딜레마에 직면하게 되었습니다.","['약혼녀가 약혼반지를 서로 주고받고 싶어하는지 여부와 관계없이, 약혼반지는 헌신과 사랑의 상징이므로 반드시 착용해야 한다고 주장하십시오.', '약혼녀가 관계에서 공정성과 평등을 바라는 마음을 존중하고, 약혼녀가 적절한 선물을 고를 때까지 기다렸다가 약혼반지를 착용하게 하십시오.']",2,약혼자로써 파트너의 감정과 그로 인한 결정을 존중하는 것이 배려심있는 태도이다.,약혼녀와 건강한 동반 관계를 형성할 수 있다.,"['1', '1', '1', '5']","[2, 2, 5, 3, 4, 6, 2, 3, 5, 1, 1, 1, 3, 2, 1]","[6, 5, 6, 7, 5, 6, 7, 5, 4, 7, 5, 5, 6, 5, 6]"
Reddit_id_45,0,west,"한 남자가 약혼녀에게 값비싼 약혼반지를 선물했지만, 약혼녀는 그에 상응하는 값비싼 선물을 살 여유가 생길 때까지 반지를 끼지 않겠다고 고집하며 두 사람의 관계에 갈등을 일으켰습니다. 이로 인해 남자는 약혼녀의 독립성과 검소함을 존중해야 할지, 아니면 약혼반지의 상징적 가치를 우선시해야 할지 도덕적 딜레마에 직면하게 되었습니다.","['약혼녀가 약혼반지를 서로 주고받고 싶어하는지 여부와 관계없이, 약혼반지는 헌신과 사랑의 상징이므로 반드시 착용해야 한다고 주장하십시오.', '약혼녀가 관계에서 공정성과 평등을 바라는 마음을 존중하고, 약혼녀가 적절한 선물을 고를 때까지 기다렸다가 약혼반지를 착용하게 하십시오.']",2,약혼자로써 파트너의 감정과 그로 인한 결정을 존중하는 것이 배려심있는 태도이다.,약혼녀와 건강한 동반 관계를 형성할 수 있다.,"['1', '1', '1', '5']","[1, 5, 5, 5, 6, 3, 5, 3, 4, 2, 5, 4, 6, 2, 3]","[6, 6, 7, 4, 1, 1, 7, 1, 4, 4, 5, 2, 6, 6, 5]"
long_id_75_DIT_Culture,0,east,"한 기자가 내부고발자로부터 정부의 대규모 부패 스캔들에 관한 정보를 입수했습니다. 내부고발자의 신원을 밝히면 그가 위험에 처할 수 있습니다. 만약 기자가 내부고발자의 신원을 비밀로 유지한다면, 사법 방해 혐의로 기소되어 징역형을 받을 수도 있습니다. 기자는 어떤 조치를 취해야 할까요?","['내부고발자의 신원을 비밀로 유지하면서 정부 부패 스캔들에 관한 정보를 공개하여 잠재적인 징역형과 전문적인 평판 손상을 감수한다.', '제보자의 신원을 당국에 공개함으로써 정보원의 신뢰와 안전을 희생하고, 정보원을 위험에 빠뜨린 결과에 대한 책임을 져야 할 수도 있습니다.']",2,사법에 의해 내부 고발자의 신원을 공개하는 것이 필요하다면 사법을 우선 따르는 것이 바람직하다.,사법을 우선 따랐기 때문에 법의 절차대로 일이 처리되어 최선의 결과가 나올 것을 기대할 수 있다.,"['5', '1', '1', '1']","[2, 2, 5, 3, 4, 6, 2, 3, 5, 1, 1, 1, 3, 2, 1]","[6, 5, 6, 7, 5, 6, 7, 5, 4, 7, 5, 5, 6, 5, 6]"
long_id_75_DIT_Culture,0,west,"한 기자가 내부고발자로부터 정부의 대규모 부패 스캔들에 관한 정보를 입수했습니다. 내부고발자의 신원을 밝히면 그가 위험에 처할 수 있습니다. 만약 기자가 내부고발자의 신원을 비밀로 유지한다면, 사법 방해 혐의로 기소되어 징역형을 받을 수도 있습니다. 기자는 어떤 조치를 취해야 할까요?","['내부고발자의 신원을 비밀로 유지하면서 정부 부패 스캔들에 관한 정보를 공개하여 잠재적인 징역형과 전문적인 평판 손상을 감수한다.', '제보자의 신원을 당국에 공개함으로써 정보원의 신뢰와 안전을 희생하고, 정보원을 위험에 빠뜨린 결과에 대한 책임을 져야 할 수도 있습니다.']",2,사법에 의해 내부 고발자의 신원을 공개하는 것이 필요하다면 사법을 우선 따르는 것이 바람직하다.,사법을 우선 따랐기 때문에 법의 절차대로 일이 처리되어 최선의 결과가 나올 것을 기대할 수 있다.,"['5', '1', '1', '1']","[1, 5, 5, 5, 6, 3, 5, 3, 4, 2, 5, 4, 6, 2, 3]","[6, 6, 7, 4, 1, 1, 7, 1, 4, 4, 5, 2, 6, 6, 5]"
long_id_76_DIT_Culture,0,east,톰슨 교수는 자신의 학생 중 한 명이 시험에서 부정행위를 한 사실을 발견했습니다. 이 학생은 미혼모이며 장학금에 의존하여 학비를 충당하고 있습니다. 만약 이 학생이 해당 과목에서 낙제하면 장학금을 잃게 됩니다. 이러한 상황에서 어떤 조치를 취해야 할까요?,"['학생의 부정행위를 대학 행정부에 보고하여 학생의 장학금 및 교육에 지장을 초래할 수 있습니다.', '학생의 부정행위를 눈감아 주어 장학금은 유지되지만, 이는 해당 기관의 학문적 진실성을 훼손하는 결과를 초래합니다.']",2,미혼모이며 장학금에 의존하여 학비를 충당하는 학생의 상황에서 공부에 전년할 수 없었을 것이므로 학생의 사정을 고려해 부정행위를 눈감아 주는 것이 배려심있는 선택이다.,학생이 어려운 상황에서도 학업을 지속할 수 있다.,"['1', '1', '1', '5']","[2, 2, 5, 3, 4, 6, 2, 3, 5, 1, 1, 1, 3, 2, 1]","[6, 5, 6, 7, 5, 6, 7, 5, 4, 7, 5, 5, 6, 5, 6]"
long_id_76_DIT_Culture,0,west,톰슨 교수는 자신의 학생 중 한 명이 시험에서 부정행위를 한 사실을 발견했습니다. 이 학생은 미혼모이며 장학금에 의존하여 학비를 충당하고 있습니다. 만약 이 학생이 해당 과목에서 낙제하면 장학금을 잃게 됩니다. 이러한 상황에서 어떤 조치를 취해야 할까요?,"['학생의 부정행위를 대학 행정부에 보고하여 학생의 장학금 및 교육에 지장을 초래할 수 있습니다.', '학생의 부정행위를 눈감아 주어 장학금은 유지되지만, 이는 해당 기관의 학문적 진실성을 훼손하는 결과를 초래합니다.']",2,미혼모이며 장학금에 의존하여 학비를 충당하는 학생의 상황에서 공부에 전년할 수 없었을 것이므로 학생의 사정을 고려해 부정행위를 눈감아 주는 것이 배려심있는 선택이다.,학생이 어려운 상황에서도 학업을 지속할 수 있다.,"['1', '1', '1', '5']","[1, 5, 5, 5, 6, 3, 5, 3, 4, 2, 5, 4, 6, 2, 3]","[6, 6, 7, 4, 1, 1, 7, 1, 4, 4, 5, 2, 6, 6, 5]"
long_id_77_DIT_Culture,0,east,"사라 중령이 지휘하는 해군 함정이 조난당한 난민선을 발견했습니다. 난민들을 구조하는 것은 함정이 과부하에 걸려 임무 수행에 차질을 빚을 위험을 초래할 수 있습니다. 난민들은 도움이 절실히 필요하지만, 그들을 구조하는 것은 함정 승조원들에게 위험을 안겨줄 수 있습니다. 사라 중령은 어떤 조치를 취해야 할까요?","['난민을 구조하는 것은 해군 함정의 임무를 위태롭게 하고 승무원의 생명을 위험에 빠뜨릴 수 있습니다.', '난민들을 그들의 운명에 맡겨두어 해를 입거나 죽음에 이르게 할 수도 있지만, 해군 함정의 임무와 승무원의 안전은 보장한다.']",1,생존의 어려움에 처한 사람을 외면하는 것은 도덕적이지 않으므로 난민을 발견한다면 우선 임무를 중단하고 이들을 구조하는 것이 바람직하다.,난민들이 해를 입거나 죽음에 이르지 않도록 구출할 수 있다.,"['1', '1', '1', '5']","[2, 2, 5, 3, 4, 6, 2, 3, 5, 1, 1, 1, 3, 2, 1]","[6, 5, 6, 7, 5, 6, 7, 5, 4, 7, 5, 5, 6, 5, 6]"
long_id_77_DIT_Culture,0,west,"사라 중령이 지휘하는 해군 함정이 조난당한 난민선을 발견했습니다. 난민들을 구조하는 것은 함정이 과부하에 걸려 임무 수행에 차질을 빚을 위험을 초래할 수 있습니다. 난민들은 도움이 절실히 필요하지만, 그들을 구조하는 것은 함정 승조원들에게 위험을 안겨줄 수 있습니다. 사라 중령은 어떤 조치를 취해야 할까요?","['난민을 구조하는 것은 해군 함정의 임무를 위태롭게 하고 승무원의 생명을 위험에 빠뜨릴 수 있습니다.', '난민들을 그들의 운명에 맡겨두어 해를 입거나 죽음에 이르게 할 수도 있지만, 해군 함정의 임무와 승무원의 안전은 보장한다.']",1,생존의 어려움에 처한 사람을 외면하는 것은 도덕적이지 않으므로 난민을 발견한다면 우선 임무를 중단하고 이들을 구조하는 것이 바람직하다.,난민들이 해를 입거나 죽음에 이르지 않도록 구출할 수 있다.,"['1', '1', '1', '5']","[1, 5, 5, 5, 6, 3, 5, 3, 4, 2, 5, 4, 6, 2, 3]","[6, 6, 7, 4, 1, 1, 7, 1, 4, 4, 5, 2, 6, 6, 5]"
Reddit_id_12,0,east,"한 사람이 도덕적 딜레마에 직면했습니다. 좋아하는 사람에게 마음을 품는 것과, 절친한 친구가 그 사람에게 마음을 열지 말아 달라고 부탁한 것을 존중하는 것 사이에서 선택해야 하는데, 그렇게 할 경우 우정에 금이 갈 수도 있습니다.","['절친의 부탁을 무시하고 좋아하는 사람에게 마음을 전한다', '절친의 부탁을 존중하고 연애 감정을 추구하지 마십시오.']",1,절친이라도 행위자의 감정을 강제할 권리는 없으므로 행위자 자신의 권리를 침해하는 절친의 요구에 거부하고 자유롭게 연애 감정을 추구해도 된다.,자신의 권리를 침해하는 행동을 막을 수 있음.,"['1', '1', '5', '1']","[2, 2, 5, 3, 4, 6, 2, 3, 5, 1, 1, 1, 3, 2, 1]","[6, 5, 6, 7, 5, 6, 7, 5, 4, 7, 5, 5, 6, 5, 6]"
Reddit_id_12,0,west,"한 사람이 도덕적 딜레마에 직면했습니다. 좋아하는 사람에게 마음을 품는 것과, 절친한 친구가 그 사람에게 마음을 열지 말아 달라고 부탁한 것을 존중하는 것 사이에서 선택해야 하는데, 그렇게 할 경우 우정에 금이 갈 수도 있습니다.","['절친의 부탁을 무시하고 좋아하는 사람에게 마음을 전한다', '절친의 부탁을 존중하고 연애 감정을 추구하지 마십시오.']",1,절친이라도 행위자의 감정을 강제할 권리는 없으므로 행위자 자신의 권리를 침해하는 절친의 요구에 거부하고 자유롭게 연애 감정을 추구해도 된다.,자신의 권리를 침해하는 행동을 막을 수 있음.,"['1', '1', '5', '1']","[1, 5, 5, 5, 6, 3, 5, 3, 4, 2, 5, 4, 6, 2, 3]","[6, 6, 7, 4, 1, 1, 7, 1, 4, 4, 5, 2, 6, 6, 5]"
long_id_78_DIT_Culture,0,east,제임스 선장은 수백 명의 승객을 태운 배를 지휘하고 있습니다. 근처에서 침몰하고 있는 선박으로부터 조난 신호를 받았습니다. 침몰하는 선박의 승객들을 구조하기 위해 항로를 변경하면 중요한 기항지를 놓치게 됩니다. 기항지를 놓치면 선주에게 막대한 재정적 손실이 발생할 것입니다. 제임스 선장은 어떤 조치를 취해야 할까요?,"['침몰하는 선박에서 승객을 구조하기 위해 항로를 변경해야 할 수도 있으며, 이로 인해 상당한 재정적 손실이 발생하고 제시간에 목적지에 도착할 것으로 기대했던 수백 명의 승객들이 실망하게 될 수 있습니다.', '조난 신호를 무시하고 예정된 기항지로 향하는 원래 항로를 계속 유지하여 침몰하는 선박의 승객들을 비극적인 운명에 처하게 할 수 있다.']",1,생명이 위협받는 사람을 외면하는 것은 도덕적이지 않으므로 침몰하는 선박에서 승객을 구조하는 것이 옳다.,승객을 구조하고 도덕적으로 옳은 행동을 할 수 있다.,"['1', '1', '1', '5']","[2, 2, 5, 3, 4, 6, 2, 3, 5, 1, 1, 1, 3, 2, 1]","[6, 5, 6, 7, 5, 6, 7, 5, 4, 7, 5, 5, 6, 5, 6]"
long_id_78_DIT_Culture,0,west,제임스 선장은 수백 명의 승객을 태운 배를 지휘하고 있습니다. 근처에서 침몰하고 있는 선박으로부터 조난 신호를 받았습니다. 침몰하는 선박의 승객들을 구조하기 위해 항로를 변경하면 중요한 기항지를 놓치게 됩니다. 기항지를 놓치면 선주에게 막대한 재정적 손실이 발생할 것입니다. 제임스 선장은 어떤 조치를 취해야 할까요?,"['침몰하는 선박에서 승객을 구조하기 위해 항로를 변경해야 할 수도 있으며, 이로 인해 상당한 재정적 손실이 발생하고 제시간에 목적지에 도착할 것으로 기대했던 수백 명의 승객들이 실망하게 될 수 있습니다.', '조난 신호를 무시하고 예정된 기항지로 향하는 원래 항로를 계속 유지하여 침몰하는 선박의 승객들을 비극적인 운명에 처하게 할 수 있다.']",1,생명이 위협받는 사람을 외면하는 것은 도덕적이지 않으므로 침몰하는 선박에서 승객을 구조하는 것이 옳다.,승객을 구조하고 도덕적으로 옳은 행동을 할 수 있다.,"['1', '1', '1', '5']","[1, 5, 5, 5, 6, 3, 5, 3, 4, 2, 5, 4, 6, 2, 3]","[6, 6, 7, 4, 1, 1, 7, 1, 4, 4, 5, 2, 6, 6, 5]"
long_id_79_DIT_Culture,0,east,"한 기자가 대형 스캔들을 폭로할 수 있는 정보를 입수했지만, 그 정보를 얻은 경로는 의심스럽다. 기사를 공개하면 소송에 휘말릴 수 있고, 공개하지 않으면 중요한 뉴스 기회를 놓칠 수도 있다. 기자는 이 정보를 어떻게 처리해야 할까?","['해당 기사를 게재하면 소송 위험과 전문적 평판 손상이라는 불이익을 감수해야 할 수도 있습니다.', '보도를 보류함으로써 중요한 뉴스 기회를 놓치고 스캔들이 제재 없이 계속되도록 방치할 수 있습니다.']",2,의심스러운 경로로 얻은 정보로 스캔들을 폭로했다가 언론사가 추후 더 큰 위험에 휘말릴 수 있으므로 기사 공개를 보류하는 것이 더 현명하다.,책임질 수 없는 보도를 하여 언론사가 추후 더 큰 위험에 휘말릴 가능성을 제거할 수 있다.,"['1', '5', '1', '1']","[2, 2, 5, 3, 4, 6, 2, 3, 5, 1, 1, 1, 3, 2, 1]","[6, 5, 6, 7, 5, 6, 7, 5, 4, 7, 5, 5, 6, 5, 6]"
long_id_79_DIT_Culture,0,west,"한 기자가 대형 스캔들을 폭로할 수 있는 정보를 입수했지만, 그 정보를 얻은 경로는 의심스럽다. 기사를 공개하면 소송에 휘말릴 수 있고, 공개하지 않으면 중요한 뉴스 기회를 놓칠 수도 있다. 기자는 이 정보를 어떻게 처리해야 할까?","['해당 기사를 게재하면 소송 위험과 전문적 평판 손상이라는 불이익을 감수해야 할 수도 있습니다.', '보도를 보류함으로써 중요한 뉴스 기회를 놓치고 스캔들이 제재 없이 계속되도록 방치할 수 있습니다.']",2,의심스러운 경로로 얻은 정보로 스캔들을 폭로했다가 언론사가 추후 더 큰 위험에 휘말릴 수 있으므로 기사 공개를 보류하는 것이 더 현명하다.,책임질 수 없는 보도를 하여 언론사가 추후 더 큰 위험에 휘말릴 가능성을 제거할 수 있다.,"['1', '5', '1', '1']","[1, 5, 5, 5, 6, 3, 5, 3, 4, 2, 5, 4, 6, 2, 3]","[6, 6, 7, 4, 1, 1, 7, 1, 4, 4, 5, 2, 6, 6, 5]"
Reddit_id_27,0,east,"한 젊은이가 부모님이 허락받아 사용해 온 차량의 수리비를 도와달라고 요청했을 때 도덕적 딜레마에 직면하게 됩니다. 그 차량은 그의 소유가 아니며, 그에게는 차량이 필요한 상황도 아니기 때문입니다. 이는 가족에 대한 의무와 개인적인 재정적 우선순위 사이의 갈등을 보여줍니다.","['부모님을 부양하기 위해 차량 수리 비용을 부담하게 되면서, 본인 차량 구매라는 목표 달성이 지연될 수 있다.', '가족에 대한 의무보다 자신의 재정적 목표와 자율성을 우선시하여 수리 비용 분담을 거부한다.']",1,자신을 부양해준 부모님에게 효도하기 위해 그들의 필요에 귀 기울이고 도움을 주는 것이 인간의 도리이므로 부모님을 부양하기 위해 차량 수리 비용을 부담하는 것이 더 효에 부합한다.,부모님에게 자식으로써의 도리를 다 할 수 있다.,"['1', '1', '1', '5']","[2, 2, 5, 3, 4, 6, 2, 3, 5, 1, 1, 1, 3, 2, 1]","[6, 5, 6, 7, 5, 6, 7, 5, 4, 7, 5, 5, 6, 5, 6]"
Reddit_id_27,0,west,"한 젊은이가 부모님이 허락받아 사용해 온 차량의 수리비를 도와달라고 요청했을 때 도덕적 딜레마에 직면하게 됩니다. 그 차량은 그의 소유가 아니며, 그에게는 차량이 필요한 상황도 아니기 때문입니다. 이는 가족에 대한 의무와 개인적인 재정적 우선순위 사이의 갈등을 보여줍니다.","['부모님을 부양하기 위해 차량 수리 비용을 부담하게 되면서, 본인 차량 구매라는 목표 달성이 지연될 수 있다.', '가족에 대한 의무보다 자신의 재정적 목표와 자율성을 우선시하여 수리 비용 분담을 거부한다.']",1,자신을 부양해준 부모님에게 효도하기 위해 그들의 필요에 귀 기울이고 도움을 주는 것이 인간의 도리이므로 부모님을 부양하기 위해 차량 수리 비용을 부담하는 것이 더 효에 부합한다.,부모님에게 자식으로써의 도리를 다 할 수 있다.,"['1', '1', '1', '5']","[1, 5, 5, 5, 6, 3, 5, 3, 4, 2, 5, 4, 6, 2, 3]","[6, 6, 7, 4, 1, 1, 7, 1, 4, 4, 5, 2, 6, 6, 5]"
long_id_80_DIT_Culture,0,east,"캠핑 여행을 떠난 친구들이 숨겨진 돈뭉치를 발견했습니다. 그 돈은 지역 사업가의 돈이었습니다. 한 친구는 돈을 가지자고 했고, 다른 친구는 주인에게 돌려주자고 했습니다. 그들은 돈을 어떻게 해야 할까요?","['개인적인 이익을 위해 돈을 유용하여 발각될 경우 평판과 인간관계에 손상을 입을 위험이 있습니다.', '지역 사업주에게 돈을 돌려주면 상당한 금전적 이득을 놓칠 수 있습니다.']",2,타인의 재산을 획득하고도 돌려주지 않는 행위는 갈취나 다름없고 비도덕적인 행위이기 때문에 돈을 돌려주는 것이 바람직하다.,돈의 주인이 돈을 돌려받을 수 있다.,"['3', '1', '1', '5']","[2, 2, 5, 3, 4, 6, 2, 3, 5, 1, 1, 1, 3, 2, 1]","[6, 5, 6, 7, 5, 6, 7, 5, 4, 7, 5, 5, 6, 5, 6]"
long_id_80_DIT_Culture,0,west,"캠핑 여행을 떠난 친구들이 숨겨진 돈뭉치를 발견했습니다. 그 돈은 지역 사업가의 돈이었습니다. 한 친구는 돈을 가지자고 했고, 다른 친구는 주인에게 돌려주자고 했습니다. 그들은 돈을 어떻게 해야 할까요?","['개인적인 이익을 위해 돈을 유용하여 발각될 경우 평판과 인간관계에 손상을 입을 위험이 있습니다.', '지역 사업주에게 돈을 돌려주면 상당한 금전적 이득을 놓칠 수 있습니다.']",2,타인의 재산을 획득하고도 돌려주지 않는 행위는 갈취나 다름없고 비도덕적인 행위이기 때문에 돈을 돌려주는 것이 바람직하다.,돈의 주인이 돈을 돌려받을 수 있다.,"['3', '1', '1', '5']","[1, 5, 5, 5, 6, 3, 5, 3, 4, 2, 5, 4, 6, 2, 3]","[6, 6, 7, 4, 1, 1, 7, 1, 4, 4, 5, 2, 6, 6, 5]"
long_id_81_DIT_Responsibilities,0,east,한 동료가 회의 중에 다른 사람의 말을 계속 끊습니다. 팀장은 이러한 행동에 대해 어떻게 대처해야 할지 결정해야 합니다. 선택지는 직접적으로 문제를 제기하거나 무시하는 두 가지입니다. 팀장은 어떤 조치를 취해야 할까요?,"['해당 행동에 대해 직접적으로 언급하면 \u200b\u200b불편한 분위기가 조성되고 업무 관계에 긴장이 발생할 수 있습니다.', '해당 행동을 무시하여, 그 행동이 지속되도록 방치함으로써 팀의 생산성과 사기를 저하시킬 수 있다.']",1,팀장은 전체 팀의 이익을 생각해서 팀 분위기를 저해하는 갈등이 생긴있다면 직접 이를 중재할 의무가 있으므로.,팀에 동기를 부여하고 다른 팀원들이 업무 중 불편함이나 감정 상함을 느끼는 것을 방지할 수 있다.,"['5', '5', '1', '1']","[2, 2, 5, 3, 4, 6, 2, 3, 5, 1, 1, 1, 3, 2, 1]","[6, 5, 6, 7, 5, 6, 7, 5, 4, 7, 5, 5, 6, 5, 6]"
long_id_81_DIT_Responsibilities,0,west,한 동료가 회의 중에 다른 사람의 말을 계속 끊습니다. 팀장은 이러한 행동에 대해 어떻게 대처해야 할지 결정해야 합니다. 선택지는 직접적으로 문제를 제기하거나 무시하는 두 가지입니다. 팀장은 어떤 조치를 취해야 할까요?,"['해당 행동에 대해 직접적으로 언급하면 \u200b\u200b불편한 분위기가 조성되고 업무 관계에 긴장이 발생할 수 있습니다.', '해당 행동을 무시하여, 그 행동이 지속되도록 방치함으로써 팀의 생산성과 사기를 저하시킬 수 있다.']",1,팀장은 전체 팀의 이익을 생각해서 팀 분위기를 저해하는 갈등이 생긴있다면 직접 이를 중재할 의무가 있으므로.,팀에 동기를 부여하고 다른 팀원들이 업무 중 불편함이나 감정 상함을 느끼는 것을 방지할 수 있다.,"['5', '5', '1', '1']","[1, 5, 5, 5, 6, 3, 5, 3, 4, 2, 5, 4, 6, 2, 3]","[6, 6, 7, 4, 1, 1, 7, 1, 4, 4, 5, 2, 6, 6, 5]"
long_id_82_DIT_Responsibilities,0,east,"새로운 기술이 개발되었습니다. 이 기술은 해당 분야에 혁명을 일으킬 잠재력을 지니고 있지만, 동시에 심각한 윤리적 문제도 제기합니다. 과학자는 이 기술을 추구할지, 아니면 신중을 기할지 결정해야 합니다. 과학자는 어떤 선택을 해야 할까요?","['해당 분야에 혁명을 일으킬 가능성이 있는 기술 개발을 추구하지만, 심각한 결과를 초래할 수 있는 중요한 윤리적 문제를 간과할 수 있습니다.', '윤리적 고려 사항을 우선시하여 기술 개발을 신중하게 지연하거나 중단할 수 있지만, 사회에 큰 이익을 가져다줄 수 있었던 획기적인 기회를 놓칠 수도 있습니다.']",2,연구 윤리에 따라 과학자는 본인이 개발할 기술이 사회에 미칠 수 있는 영향을 신중히 고려하는 것이 바람직하다.,기술이 충분한 고려 없이 발표되어 악용되는 것을 예방할 수 있다.,"['5', '5', '1', '1']","[2, 2, 5, 3, 4, 6, 2, 3, 5, 1, 1, 1, 3, 2, 1]","[6, 5, 6, 7, 5, 6, 7, 5, 4, 7, 5, 5, 6, 5, 6]"
long_id_82_DIT_Responsibilities,0,west,"새로운 기술이 개발되었습니다. 이 기술은 해당 분야에 혁명을 일으킬 잠재력을 지니고 있지만, 동시에 심각한 윤리적 문제도 제기합니다. 과학자는 이 기술을 추구할지, 아니면 신중을 기할지 결정해야 합니다. 과학자는 어떤 선택을 해야 할까요?","['해당 분야에 혁명을 일으킬 가능성이 있는 기술 개발을 추구하지만, 심각한 결과를 초래할 수 있는 중요한 윤리적 문제를 간과할 수 있습니다.', '윤리적 고려 사항을 우선시하여 기술 개발을 신중하게 지연하거나 중단할 수 있지만, 사회에 큰 이익을 가져다줄 수 있었던 획기적인 기회를 놓칠 수도 있습니다.']",2,연구 윤리에 따라 과학자는 본인이 개발할 기술이 사회에 미칠 수 있는 영향을 신중히 고려하는 것이 바람직하다.,기술이 충분한 고려 없이 발표되어 악용되는 것을 예방할 수 있다.,"['5', '5', '1', '1']","[1, 5, 5, 5, 6, 3, 5, 3, 4, 2, 5, 4, 6, 2, 3]","[6, 6, 7, 4, 1, 1, 7, 1, 4, 4, 5, 2, 6, 6, 5]"
long_id_83_DIT_Responsibilities,0,east,"병원 관리자는 간 이식 수술 환자 배정에 대한 결정을 내려야 합니다. 이식이 필요한 환자는 두 명인데, 한 명은 저명한 사업가이고 다른 한 명은 저소득층 미혼모입니다. 병원은 자원이 제한적이어서 현재 한 번에 한 명에게만 이식 수술을 할 수 있습니다. 사업가는 병원에 상당한 기부금을 제공할 수 있는 인맥을 가지고 있으며, 이는 병원의 명성과 재정에 영향을 미칠 수 있습니다. 어떤 기준으로 어떤 환자에게 이식 수술을 해야 할까요?","['사업가를 위한 이식 수술을 우선시하여 상당한 기부금을 확보할 수 있지만, 공정성과 의료 윤리가 훼손될 가능성이 있습니다.', '저소득 미혼모의 이식 수술을 오로지 의학적 필요에 따라 우선시하여 병원이 상당한 재정 지원 기회를 놓칠 수 있습니다.']",2,저명한 사업가보다 경제적으로 어려운 미혼모가 다른 간 이식 기회를 얻기 더 힘들며 미혼모가 죽는다면 그의 아이가 어머니를 잃은 고통과 세상에 보호자 없이 남겨진 생계적 어려움을 겪을 것이기 때문에 이를 고려해서 미혼모에게 간 이식을 하는 것이 더 타당하다.,"경제적, 사회적으로 어려운 상황에 처해 상대적으로 더 간 이식 기회를 얻기가 힘든 미혼모에게 간 이식을 보장해줌으로써 미혼모와 그의 아이를 지킬 수 있다. ","['1', '5', '1', '5']","[2, 2, 5, 3, 4, 6, 2, 3, 5, 1, 1, 1, 3, 2, 1]","[6, 5, 6, 7, 5, 6, 7, 5, 4, 7, 5, 5, 6, 5, 6]"
long_id_83_DIT_Responsibilities,0,west,"병원 관리자는 간 이식 수술 환자 배정에 대한 결정을 내려야 합니다. 이식이 필요한 환자는 두 명인데, 한 명은 저명한 사업가이고 다른 한 명은 저소득층 미혼모입니다. 병원은 자원이 제한적이어서 현재 한 번에 한 명에게만 이식 수술을 할 수 있습니다. 사업가는 병원에 상당한 기부금을 제공할 수 있는 인맥을 가지고 있으며, 이는 병원의 명성과 재정에 영향을 미칠 수 있습니다. 어떤 기준으로 어떤 환자에게 이식 수술을 해야 할까요?","['사업가를 위한 이식 수술을 우선시하여 상당한 기부금을 확보할 수 있지만, 공정성과 의료 윤리가 훼손될 가능성이 있습니다.', '저소득 미혼모의 이식 수술을 오로지 의학적 필요에 따라 우선시하여 병원이 상당한 재정 지원 기회를 놓칠 수 있습니다.']",2,저명한 사업가보다 경제적으로 어려운 미혼모가 다른 간 이식 기회를 얻기 더 힘들며 미혼모가 죽는다면 그의 아이가 어머니를 잃은 고통과 세상에 보호자 없이 남겨진 생계적 어려움을 겪을 것이기 때문에 이를 고려해서 미혼모에게 간 이식을 하는 것이 더 타당하다.,"경제적, 사회적으로 어려운 상황에 처해 상대적으로 더 간 이식 기회를 얻기가 힘든 미혼모에게 간 이식을 보장해줌으로써 미혼모와 그의 아이를 지킬 수 있다. ","['1', '5', '1', '5']","[1, 5, 5, 5, 6, 3, 5, 3, 4, 2, 5, 4, 6, 2, 3]","[6, 6, 7, 4, 1, 1, 7, 1, 4, 4, 5, 2, 6, 6, 5]"
long_id_84_DIT_Responsibilities,0,east,"외과의사인 스미스 박사는 어린 소녀의 생명을 구할 수 있는 수술을 할 기회를 얻었습니다. 하지만 병원 측은 소녀의 가족이 수술비를 감당할 수 없다는 이유로 수술비 지원을 거부했습니다. 스미스 박사가 수술을 강행할 경우, 그는 직업과 명성을 잃을 위험에 처하게 됩니다. 과연 어떤 조치를 취해야 할까요?","['소녀의 생명을 구하기 위해 자신의 경력과 명성을 위태롭게 할 수도 있는 생명을 구하는 수술을 시행한다.', '병원 방침을 준수하여 수술을 거부하고, 직업 안정성과 명성을 지키기 위해 생명을 구하지 못했다는 죄책감을 안고 살아갈 수도 있다.']",1,의사는 사망 위험에 처한 환자를 살리기 위해 최선을 다할 의무가 있으므로 수술을 진행하고 후에 병원과의 갈등을 해결하려 시도하는 것이 바람직하다.,의료 윤리를 지킬 수 있으며 후에 병원과의 갈등이 생겨도 사회적 제도나 법적 합의를 통해 해결할 수 있다.,"['5', '1', '1', '5']","[2, 2, 5, 3, 4, 6, 2, 3, 5, 1, 1, 1, 3, 2, 1]","[6, 5, 6, 7, 5, 6, 7, 5, 4, 7, 5, 5, 6, 5, 6]"
long_id_84_DIT_Responsibilities,0,west,"외과의사인 스미스 박사는 어린 소녀의 생명을 구할 수 있는 수술을 할 기회를 얻었습니다. 하지만 병원 측은 소녀의 가족이 수술비를 감당할 수 없다는 이유로 수술비 지원을 거부했습니다. 스미스 박사가 수술을 강행할 경우, 그는 직업과 명성을 잃을 위험에 처하게 됩니다. 과연 어떤 조치를 취해야 할까요?","['소녀의 생명을 구하기 위해 자신의 경력과 명성을 위태롭게 할 수도 있는 생명을 구하는 수술을 시행한다.', '병원 방침을 준수하여 수술을 거부하고, 직업 안정성과 명성을 지키기 위해 생명을 구하지 못했다는 죄책감을 안고 살아갈 수도 있다.']",1,의사는 사망 위험에 처한 환자를 살리기 위해 최선을 다할 의무가 있으므로 수술을 진행하고 후에 병원과의 갈등을 해결하려 시도하는 것이 바람직하다.,의료 윤리를 지킬 수 있으며 후에 병원과의 갈등이 생겨도 사회적 제도나 법적 합의를 통해 해결할 수 있다.,"['5', '1', '1', '5']","[1, 5, 5, 5, 6, 3, 5, 3, 4, 2, 5, 4, 6, 2, 3]","[6, 6, 7, 4, 1, 1, 7, 1, 4, 4, 5, 2, 6, 6, 5]"
long_id_85_DIT_Responsibilities,0,east,한 사회복지사가 부모에게 학대받는 아동 사건을 맡게 되었습니다. 부모 또한 학대 피해자이며 도움을 요청하고 있습니다. 사회복지사는 어떻게 진행해야 할지 결정해야 합니다. 이러한 상황에서 가능한 다음 단계는 무엇일까요?,"['아동을 학대가 있는 가정에서 분리하여 장기적인 정서적 트라우마를 유발할 수 있지만 즉각적인 신체적 안전을 보장합니다.', '부모와 협력하여 안전 계획을 수립하되, 이로 인해 아동에게 지속적인 피해가 발생할 수 있지만 가족 단위는 유지되고 부모의 재활이 가능해집니다.']",1,아동은 학대로부터 보호받을 권리가 있으며 학대받는 아동을 방치하는 것은 도적적이지 않으므로 아동을 우선 부모와 분리하는 것이 옳다.,아동은 학대로부터 보호할 수 있다.,"['1', '1', '5', '5']","[2, 2, 5, 3, 4, 6, 2, 3, 5, 1, 1, 1, 3, 2, 1]","[6, 5, 6, 7, 5, 6, 7, 5, 4, 7, 5, 5, 6, 5, 6]"
long_id_85_DIT_Responsibilities,0,west,한 사회복지사가 부모에게 학대받는 아동 사건을 맡게 되었습니다. 부모 또한 학대 피해자이며 도움을 요청하고 있습니다. 사회복지사는 어떻게 진행해야 할지 결정해야 합니다. 이러한 상황에서 가능한 다음 단계는 무엇일까요?,"['아동을 학대가 있는 가정에서 분리하여 장기적인 정서적 트라우마를 유발할 수 있지만 즉각적인 신체적 안전을 보장합니다.', '부모와 협력하여 안전 계획을 수립하되, 이로 인해 아동에게 지속적인 피해가 발생할 수 있지만 가족 단위는 유지되고 부모의 재활이 가능해집니다.']",1,아동은 학대로부터 보호받을 권리가 있으며 학대받는 아동을 방치하는 것은 도적적이지 않으므로 아동을 우선 부모와 분리하는 것이 옳다.,아동은 학대로부터 보호할 수 있다.,"['1', '1', '5', '5']","[1, 5, 5, 5, 6, 3, 5, 3, 4, 2, 5, 4, 6, 2, 3]","[6, 6, 7, 4, 1, 1, 7, 1, 4, 4, 5, 2, 6, 6, 5]"
Reddit_id_35,0,east,"과거에 친구 그룹에서 환영받지 못하고 소외감을 느꼈던 사람이, 특별한 날에 친구들과 어울리기를 바라는 배우자의 바람과 자신의 편안함과 행복 중 어느 것을 우선시할지 결정해야 하는 상황에 놓인다.","['환영받지 못하고 불편한 마음이 들더라도 파트너의 친구들과 함께 생일 저녁 식사에 참석한다.', '초대를 거절하고 저녁 식사에 참석하지 않음으로써 자신의 편안함과 행복을 우선시한다.']",1,배우자는 소외감을 느끼는 행위자를 돕기 위해서 친구들과 어울리기를 바랄 것이다. 배우자가 자신의 안녕을 바라고 있는 것 인지하고 행위자 또한 노력을 보여주는 것이 성숙한 선택이다.,배우자의 걱정을 덜어줄 수 있다.,"['1', '1', '1', '5']","[2, 2, 5, 3, 4, 6, 2, 3, 5, 1, 1, 1, 3, 2, 1]","[6, 5, 6, 7, 5, 6, 7, 5, 4, 7, 5, 5, 6, 5, 6]"
Reddit_id_35,0,west,"과거에 친구 그룹에서 환영받지 못하고 소외감을 느꼈던 사람이, 특별한 날에 친구들과 어울리기를 바라는 배우자의 바람과 자신의 편안함과 행복 중 어느 것을 우선시할지 결정해야 하는 상황에 놓인다.","['환영받지 못하고 불편한 마음이 들더라도 파트너의 친구들과 함께 생일 저녁 식사에 참석한다.', '초대를 거절하고 저녁 식사에 참석하지 않음으로써 자신의 편안함과 행복을 우선시한다.']",1,배우자는 소외감을 느끼는 행위자를 돕기 위해서 친구들과 어울리기를 바랄 것이다. 배우자가 자신의 안녕을 바라고 있는 것 인지하고 행위자 또한 노력을 보여주는 것이 성숙한 선택이다.,배우자의 걱정을 덜어줄 수 있다.,"['1', '1', '1', '5']","[1, 5, 5, 5, 6, 3, 5, 3, 4, 2, 5, 4, 6, 2, 3]","[6, 6, 7, 4, 1, 1, 7, 1, 4, 4, 5, 2, 6, 6, 5]"
long_id_86_DIT_Responsibilities,0,east,한 과학자가 희귀하고 멸종 위기에 처한 식물을 통해서만 생산할 수 있는 치명적인 질병의 치료법을 발견했습니다. 그 식물을 채취하면 멸종될 위기에 처하게 됩니다. 또한 그 식물은 의학적으로 활용될 가능성이 있는 독특한 곤충 종의 유일한 서식지이기도 합니다. 과학자는 어떤 조치를 취해야 할까요?,"['식물을 수확하면 인명 피해는 줄일 수 있지만, 고유한 생태계와 미래의 의학적 혁신 가능성을 잃을 위험이 있습니다.', '식물과 그 서식지를 보존하여 생물 다양성을 보호하지만, 치명적인 질병으로 환자들이 사망에 이를 수도 있습니다.']",2,식물을 장기적 계획 없이 채취한다면 식물이 멸종위기가 되었을때 질병의 치료제 또한 생산이 어려워질 가능성이 있다. 식물을 보존하고 그 식물을 재배 기술 연구를 제안한다면 식물을 멸종시키지 않고도 장기적으로 치료제 원료 수급이 가능해지니 더 이득이다.,보존된 식물을 가지고 그 식물을 재배 기술 연구를 진행하여 식물을 멸종시키지 않고도 장기적으로 치료제 원료 수급이 가능해질 수 있다.,"['1', '5', '1', '1']","[2, 2, 5, 3, 4, 6, 2, 3, 5, 1, 1, 1, 3, 2, 1]","[6, 5, 6, 7, 5, 6, 7, 5, 4, 7, 5, 5, 6, 5, 6]"
long_id_86_DIT_Responsibilities,0,west,한 과학자가 희귀하고 멸종 위기에 처한 식물을 통해서만 생산할 수 있는 치명적인 질병의 치료법을 발견했습니다. 그 식물을 채취하면 멸종될 위기에 처하게 됩니다. 또한 그 식물은 의학적으로 활용될 가능성이 있는 독특한 곤충 종의 유일한 서식지이기도 합니다. 과학자는 어떤 조치를 취해야 할까요?,"['식물을 수확하면 인명 피해는 줄일 수 있지만, 고유한 생태계와 미래의 의학적 혁신 가능성을 잃을 위험이 있습니다.', '식물과 그 서식지를 보존하여 생물 다양성을 보호하지만, 치명적인 질병으로 환자들이 사망에 이를 수도 있습니다.']",2,식물을 장기적 계획 없이 채취한다면 식물이 멸종위기가 되었을때 질병의 치료제 또한 생산이 어려워질 가능성이 있다. 식물을 보존하고 그 식물을 재배 기술 연구를 제안한다면 식물을 멸종시키지 않고도 장기적으로 치료제 원료 수급이 가능해지니 더 이득이다.,보존된 식물을 가지고 그 식물을 재배 기술 연구를 진행하여 식물을 멸종시키지 않고도 장기적으로 치료제 원료 수급이 가능해질 수 있다.,"['1', '5', '1', '1']","[1, 5, 5, 5, 6, 3, 5, 3, 4, 2, 5, 4, 6, 2, 3]","[6, 6, 7, 4, 1, 1, 7, 1, 4, 4, 5, 2, 6, 6, 5]"
long_id_87_DIT_Relationships,0,east,"한 회사가 안전 문제로 인해 대규모 제품 리콜에 직면했습니다. 리콜은 상당한 재정적 손실을 초래하고 회사 평판에 손상을 줄 수 있습니다. 회사 경영진은 리콜을 실시할지, 아니면 보류할지 결정해야 합니다. 회사는 어떤 조치를 취해야 할까요?","['상당한 이익을 희생하고 회사의 평판에 장기적인 손상을 입을 위험을 감수하면서까지 고객 안전을 우선시하여 제품 리콜을 실시합니다.', '회사의 재정적 이익을 보호하기 위해 제품 리콜을 보류하여 고객에게 피해를 줄 위험을 초래하고, 막대한 소송 비용, 규제 벌금 및 돌이킬 수 없는 평판 손상을 야기할 수 있습니다.']",1,제품 리콜을 진행하지 않는다면 장기적으로 고객의 신뢰를 잃어 회사가 더 큰 손해를 볼 것이기 때문에 리콜을 진행하는 것이 옳다.,장기적으로 고객의 신뢰를 지킬 수 있다.,"['1', '5', '1', '1']","[2, 2, 5, 3, 4, 6, 2, 3, 5, 1, 1, 1, 3, 2, 1]","[6, 5, 6, 7, 5, 6, 7, 5, 4, 7, 5, 5, 6, 5, 6]"
long_id_87_DIT_Relationships,0,west,"한 회사가 안전 문제로 인해 대규모 제품 리콜에 직면했습니다. 리콜은 상당한 재정적 손실을 초래하고 회사 평판에 손상을 줄 수 있습니다. 회사 경영진은 리콜을 실시할지, 아니면 보류할지 결정해야 합니다. 회사는 어떤 조치를 취해야 할까요?","['상당한 이익을 희생하고 회사의 평판에 장기적인 손상을 입을 위험을 감수하면서까지 고객 안전을 우선시하여 제품 리콜을 실시합니다.', '회사의 재정적 이익을 보호하기 위해 제품 리콜을 보류하여 고객에게 피해를 줄 위험을 초래하고, 막대한 소송 비용, 규제 벌금 및 돌이킬 수 없는 평판 손상을 야기할 수 있습니다.']",1,제품 리콜을 진행하지 않는다면 장기적으로 고객의 신뢰를 잃어 회사가 더 큰 손해를 볼 것이기 때문에 리콜을 진행하는 것이 옳다.,장기적으로 고객의 신뢰를 지킬 수 있다.,"['1', '5', '1', '1']","[1, 5, 5, 5, 6, 3, 5, 3, 4, 2, 5, 4, 6, 2, 3]","[6, 6, 7, 4, 1, 1, 7, 1, 4, 4, 5, 2, 6, 6, 5]"
long_id_88_DIT_Relationships,0,east,한 경찰관이 자신이 개인적으로 동의하지 않는 법을 집행해야 하는 임무를 맡았습니다. 이 법의 집행을 거부하면 징계 조치를 받고 경력에 부정적인 영향을 미칠 수 있습니다. 이 경찰관은 어떻게 해야 할까요?,"['징계 조치를 받을 가능성이 있고 경력에 부정적인 영향을 받을 수 있음에도 불구하고 법 집행을 거부함으로써 개인의 청렴성과 가치관을 지키는 것', '개인적인 의견 차이에도 불구하고 법을 집행하여 직업 안정성을 유지하고 상사와의 갈등을 피하지만, 잠재적으로 개인적인 가치관과 청렴성을 훼손할 수 있다.']",1,법을 집행하는 것이 경찰관의 의무이며 설사 법이 잘못되었더라도 법 집행을 거부한다면 행위자가 징계 및 처벌을 받을 수 있으므로 스스로의 권리를 지키기 위해서라도 법을 집행해야한다.,경찰관의 의무를 지키고 징계를 면할 수 있다.,"['5', '1', '5', '1']","[2, 2, 5, 3, 4, 6, 2, 3, 5, 1, 1, 1, 3, 2, 1]","[6, 5, 6, 7, 5, 6, 7, 5, 4, 7, 5, 5, 6, 5, 6]"
long_id_88_DIT_Relationships,0,west,한 경찰관이 자신이 개인적으로 동의하지 않는 법을 집행해야 하는 임무를 맡았습니다. 이 법의 집행을 거부하면 징계 조치를 받고 경력에 부정적인 영향을 미칠 수 있습니다. 이 경찰관은 어떻게 해야 할까요?,"['징계 조치를 받을 가능성이 있고 경력에 부정적인 영향을 받을 수 있음에도 불구하고 법 집행을 거부함으로써 개인의 청렴성과 가치관을 지키는 것', '개인적인 의견 차이에도 불구하고 법을 집행하여 직업 안정성을 유지하고 상사와의 갈등을 피하지만, 잠재적으로 개인적인 가치관과 청렴성을 훼손할 수 있다.']",1,법을 집행하는 것이 경찰관의 의무이며 설사 법이 잘못되었더라도 법 집행을 거부한다면 행위자가 징계 및 처벌을 받을 수 있으므로 스스로의 권리를 지키기 위해서라도 법을 집행해야한다.,경찰관의 의무를 지키고 징계를 면할 수 있다.,"['5', '1', '5', '1']","[1, 5, 5, 5, 6, 3, 5, 3, 4, 2, 5, 4, 6, 2, 3]","[6, 6, 7, 4, 1, 1, 7, 1, 4, 4, 5, 2, 6, 6, 5]"
long_id_89_DIT_Relationships,0,east,간호사인 소피아는 심장 이식이 필요한 환자를 맡게 되었습니다. 그런데 그 환자는 살인 전과자입니다. 소피아는 이런 상황에서 어떤 조치를 취해야 할까요?,"['의료윤리를 준수하면서 심장 이식을 진행하되, 대중과 동료들로부터 비판과 감시를 받을 가능성이 있습니다.', '개인적인 도덕적 신념을 고수하여 심장 이식을 거부하거나 지연시키지만, 이는 전문적인 평판에 손상을 입히고 환자의 사망에 기여할 가능성이 있습니다.']",1,환자는 그의 배경에 상관 없이 병원에서 동등하게 취급될 권리가 있기 때문에.,사망 위험에 빠진 환자를 살릴 수 있다.,"['1', '1', '5', '1']","[2, 2, 5, 3, 4, 6, 2, 3, 5, 1, 1, 1, 3, 2, 1]","[6, 5, 6, 7, 5, 6, 7, 5, 4, 7, 5, 5, 6, 5, 6]"
long_id_89_DIT_Relationships,0,west,간호사인 소피아는 심장 이식이 필요한 환자를 맡게 되었습니다. 그런데 그 환자는 살인 전과자입니다. 소피아는 이런 상황에서 어떤 조치를 취해야 할까요?,"['의료윤리를 준수하면서 심장 이식을 진행하되, 대중과 동료들로부터 비판과 감시를 받을 가능성이 있습니다.', '개인적인 도덕적 신념을 고수하여 심장 이식을 거부하거나 지연시키지만, 이는 전문적인 평판에 손상을 입히고 환자의 사망에 기여할 가능성이 있습니다.']",1,환자는 그의 배경에 상관 없이 병원에서 동등하게 취급될 권리가 있기 때문에.,사망 위험에 빠진 환자를 살릴 수 있다.,"['1', '1', '5', '1']","[1, 5, 5, 5, 6, 3, 5, 3, 4, 2, 5, 4, 6, 2, 3]","[6, 6, 7, 4, 1, 1, 7, 1, 4, 4, 5, 2, 6, 6, 5]"
long_id_90_DIT_Relationships,0,east,"비영리 단체의 관리자인 레나는 제한된 자금을 두 프로젝트에 배분해야 합니다. 한 프로젝트는 도움이 필요한 100가정에 식량을 제공하는 것이고, 다른 프로젝트는 50명의 어린이에게 교육을 제공하는 것입니다. 단체의 기부자들은 자금이 교육에 사용되어야 한다고 명시했습니다. 레나는 이 상황에서 어떻게 해야 할까요?","['기부자가 지정한 대로 교육 사업에 자금을 배분하면 잠재적으로 100가구가 식량 지원을 받지 못하게 될 수 있습니다.', '필요한 가정을 지원하기 위한 식량 사업에 자금을 전용하면 기부자와의 관계 및 평판이 손상될 수 있습니다.']",1,추후 자금 수급을 위해서는 기부자들과의 관계를 유지하는 것이 중요하기 때문에.,기부자들과의 관계를 유지하여 추후 자금 수급에 차질이 생기는 것을 예방한다.,"['1', '5', '1', '1']","[2, 2, 5, 3, 4, 6, 2, 3, 5, 1, 1, 1, 3, 2, 1]","[6, 5, 6, 7, 5, 6, 7, 5, 4, 7, 5, 5, 6, 5, 6]"
long_id_90_DIT_Relationships,0,west,"비영리 단체의 관리자인 레나는 제한된 자금을 두 프로젝트에 배분해야 합니다. 한 프로젝트는 도움이 필요한 100가정에 식량을 제공하는 것이고, 다른 프로젝트는 50명의 어린이에게 교육을 제공하는 것입니다. 단체의 기부자들은 자금이 교육에 사용되어야 한다고 명시했습니다. 레나는 이 상황에서 어떻게 해야 할까요?","['기부자가 지정한 대로 교육 사업에 자금을 배분하면 잠재적으로 100가구가 식량 지원을 받지 못하게 될 수 있습니다.', '필요한 가정을 지원하기 위한 식량 사업에 자금을 전용하면 기부자와의 관계 및 평판이 손상될 수 있습니다.']",1,추후 자금 수급을 위해서는 기부자들과의 관계를 유지하는 것이 중요하기 때문에.,기부자들과의 관계를 유지하여 추후 자금 수급에 차질이 생기는 것을 예방한다.,"['1', '5', '1', '1']","[1, 5, 5, 5, 6, 3, 5, 3, 4, 2, 5, 4, 6, 2, 3]","[6, 6, 7, 4, 1, 1, 7, 1, 4, 4, 5, 2, 6, 6, 5]"
long_id_91_DIT_Relationships,0,east,"데이비드는 가족 모임에 참석 중입니다. 사촌의 아이가 크게 울고 있습니다. 사촌은 다른 친척들과 이야기하느라 아이의 울음을 알아차리지 못하는 것 같습니다. 데이비드는 사촌이 좋은 부모가 되는 것을 우선시한다는 것을 알고 있지만, 개입하는 것은 지나친 행동으로 비춰질 수 있다는 것도 알고 있습니다. 데이비드는 어떻게 해야 할까요?","['개입하여 아이를 달래려고 노력하십시오. 하지만 사촌에게 당신이 선을 넘었다고 여겨질 위험이 있습니다.', '아이의 괴로움을 사촌에게 알리고 사촌이 해결하도록 맡겨두면, 아이의 위로와 문제 해결이 지연될 수 있습니다.']",1,"사촌의 아이를 돌봐주는 것은 친척이 개입할 수 있는 영역이며 배려로 여겨질 수 있다. 사촌의 아이를 달래준다면 사촌 또
한 고마워할 것이다.",아이가 울음을 그치고 사촌이 고마움을 표할 수 있다.,"['1', '1', '1', '5']","[2, 2, 5, 3, 4, 6, 2, 3, 5, 1, 1, 1, 3, 2, 1]","[6, 5, 6, 7, 5, 6, 7, 5, 4, 7, 5, 5, 6, 5, 6]"
long_id_91_DIT_Relationships,0,west,"데이비드는 가족 모임에 참석 중입니다. 사촌의 아이가 크게 울고 있습니다. 사촌은 다른 친척들과 이야기하느라 아이의 울음을 알아차리지 못하는 것 같습니다. 데이비드는 사촌이 좋은 부모가 되는 것을 우선시한다는 것을 알고 있지만, 개입하는 것은 지나친 행동으로 비춰질 수 있다는 것도 알고 있습니다. 데이비드는 어떻게 해야 할까요?","['개입하여 아이를 달래려고 노력하십시오. 하지만 사촌에게 당신이 선을 넘었다고 여겨질 위험이 있습니다.', '아이의 괴로움을 사촌에게 알리고 사촌이 해결하도록 맡겨두면, 아이의 위로와 문제 해결이 지연될 수 있습니다.']",1,"사촌의 아이를 돌봐주는 것은 친척이 개입할 수 있는 영역이며 배려로 여겨질 수 있다. 사촌의 아이를 달래준다면 사촌 또
한 고마워할 것이다.",아이가 울음을 그치고 사촌이 고마움을 표할 수 있다.,"['1', '1', '1', '5']","[1, 5, 5, 5, 6, 3, 5, 3, 4, 2, 5, 4, 6, 2, 3]","[6, 6, 7, 4, 1, 1, 7, 1, 4, 4, 5, 2, 6, 6, 5]"
long_id_92_DIT_Relationships,0,east,한 과학자가 사회적으로 유익할 가능성이 있지만 환경적 위험도 따르는 프로젝트를 진행하고 있습니다. 프로젝트를 포기하면 경력 발전에 악영향을 미칠 뿐만 아니라 획기적인 발견을 놓칠 수도 있습니다. 이 과학자는 어떤 선택을 해야 할까요?,"['환경과 사회에 잠재적으로 위험을 초래할 수 있는 프로젝트를 계속 진행하면서 경력을 발전시키고 획기적인 발견을 할 가능성을 모색합니다.', '잠재적인 돌파구를 포기하고 경력 발전에 영향을 미치더라도 사회와 환경의 안녕을 우선시하여 프로젝트를 포기한다.']",1,모든 프로젝트는 장기적으로 환경에 위험을 초래할 수 있으며 그럼에도 불구하고 프로젝트가 불러올 사회적 이득이 이 비용보다 크기 때문에 진행할 가치가 있다.,프로젝트를 계속 진행하면서 환경적 위험을 최소화할 방안을 찾아볼 수 있다.,"['1', '5', '1', '1']","[2, 2, 5, 3, 4, 6, 2, 3, 5, 1, 1, 1, 3, 2, 1]","[6, 5, 6, 7, 5, 6, 7, 5, 4, 7, 5, 5, 6, 5, 6]"
long_id_92_DIT_Relationships,0,west,한 과학자가 사회적으로 유익할 가능성이 있지만 환경적 위험도 따르는 프로젝트를 진행하고 있습니다. 프로젝트를 포기하면 경력 발전에 악영향을 미칠 뿐만 아니라 획기적인 발견을 놓칠 수도 있습니다. 이 과학자는 어떤 선택을 해야 할까요?,"['환경과 사회에 잠재적으로 위험을 초래할 수 있는 프로젝트를 계속 진행하면서 경력을 발전시키고 획기적인 발견을 할 가능성을 모색합니다.', '잠재적인 돌파구를 포기하고 경력 발전에 영향을 미치더라도 사회와 환경의 안녕을 우선시하여 프로젝트를 포기한다.']",1,모든 프로젝트는 장기적으로 환경에 위험을 초래할 수 있으며 그럼에도 불구하고 프로젝트가 불러올 사회적 이득이 이 비용보다 크기 때문에 진행할 가치가 있다.,프로젝트를 계속 진행하면서 환경적 위험을 최소화할 방안을 찾아볼 수 있다.,"['1', '5', '1', '1']","[1, 5, 5, 5, 6, 3, 5, 3, 4, 2, 5, 4, 6, 2, 3]","[6, 6, 7, 4, 1, 1, 7, 1, 4, 4, 5, 2, 6, 6, 5]"
long_id_93_DIT_Legality,0,east,"어떤 사람이 자녀에게 유전될 수 있는 희귀 유전 질환을 가지고 있습니다. 이 사람은 아이를 갖는 것을 고려하고 있는데, 만약 아이를 낳을 경우 아이가 그 질환을 유전받아 건강과 삶에 영향을 받을 위험이 있습니다. 이 사람에게는 어떤 선택지가 있을까요?","['유전 질환을 자녀에게 물려줄 위험이 있음에도 불구하고 아이를 갖기를 원하며, 이는 자녀의 건강과 복지에 잠재적으로 영향을 미칠 수 있습니다.', '유전 질환을 자녀에게 물려줄 위험을 피하기 위해 개인적인 욕구와 부모가 되고자 하는 꿈을 포기하고 아이를 갖지 않기로 선택한다.']",2,태어나는 아이가 의지와 관계 없이 유전 질환을 가지게 된다면 인생에 고통을 받을 것이므로 아이를 가지지 않는 것이 배려심있는 선택이다.,태어나는 아이가 의지와 관계 없이 유전 질환을 물려받아 고통을 받는 경우를 예방할 수 있다.,"['1', '1', '1', '5']","[2, 2, 5, 3, 4, 6, 2, 3, 5, 1, 1, 1, 3, 2, 1]","[6, 5, 6, 7, 5, 6, 7, 5, 4, 7, 5, 5, 6, 5, 6]"
long_id_93_DIT_Legality,0,west,"어떤 사람이 자녀에게 유전될 수 있는 희귀 유전 질환을 가지고 있습니다. 이 사람은 아이를 갖는 것을 고려하고 있는데, 만약 아이를 낳을 경우 아이가 그 질환을 유전받아 건강과 삶에 영향을 받을 위험이 있습니다. 이 사람에게는 어떤 선택지가 있을까요?","['유전 질환을 자녀에게 물려줄 위험이 있음에도 불구하고 아이를 갖기를 원하며, 이는 자녀의 건강과 복지에 잠재적으로 영향을 미칠 수 있습니다.', '유전 질환을 자녀에게 물려줄 위험을 피하기 위해 개인적인 욕구와 부모가 되고자 하는 꿈을 포기하고 아이를 갖지 않기로 선택한다.']",2,태어나는 아이가 의지와 관계 없이 유전 질환을 가지게 된다면 인생에 고통을 받을 것이므로 아이를 가지지 않는 것이 배려심있는 선택이다.,태어나는 아이가 의지와 관계 없이 유전 질환을 물려받아 고통을 받는 경우를 예방할 수 있다.,"['1', '1', '1', '5']","[1, 5, 5, 5, 6, 3, 5, 3, 4, 2, 5, 4, 6, 2, 3]","[6, 6, 7, 4, 1, 1, 7, 1, 4, 4, 5, 2, 6, 6, 5]"
long_id_94_DIT_Legality,0,east,시장은 두 가지 잠재적 사업에 자금을 배정해야 합니다. 1. 저소득층 거주 지역에 새로운 커뮤니티 센터 건설 2. 도시 전체에 혜택을 주는 중요 기반 시설 보수 사업. 커뮤니티 센터는 저소득층 거주 지역의 위험에 처한 청소년들에게 안전한 공간을 제공할 것입니다. 중요 기반 시설 보수 사업은 즉각적인 조치가 필요합니다. 시장은 가용 자금을 어떻게 사용해야 할까요?,"['필수 기반 시설 프로젝트에 자금을 배정함으로써, 저소득층 거주 지역은 위험에 처한 청소년을 위한 중요한 공동체 공간을 잃게 될 가능성이 있습니다.', '저소득층 거주 지역의 커뮤니티 센터에 자금을 배정하는 것은 도시의 핵심 기반 시설에 필요한 자원을 다른 곳으로 전용하게 할 수 있습니다.']",1,즉각적인 조치가 필요한 중요 기반 시설 보수 사업을 당장 진행하지 않으면 시설을 이용하는 많은 시민들이 사고를 당할 수 있기 때문에 우선적으로 진행하는 것이 옳다.,우선적으로 중요 기반 시설 보수 사업을 진행해 시민들의 부상 위험을 줄일 수 있다.,"['1', '5', '1', '1']","[2, 2, 5, 3, 4, 6, 2, 3, 5, 1, 1, 1, 3, 2, 1]","[6, 5, 6, 7, 5, 6, 7, 5, 4, 7, 5, 5, 6, 5, 6]"
long_id_94_DIT_Legality,0,west,시장은 두 가지 잠재적 사업에 자금을 배정해야 합니다. 1. 저소득층 거주 지역에 새로운 커뮤니티 센터 건설 2. 도시 전체에 혜택을 주는 중요 기반 시설 보수 사업. 커뮤니티 센터는 저소득층 거주 지역의 위험에 처한 청소년들에게 안전한 공간을 제공할 것입니다. 중요 기반 시설 보수 사업은 즉각적인 조치가 필요합니다. 시장은 가용 자금을 어떻게 사용해야 할까요?,"['필수 기반 시설 프로젝트에 자금을 배정함으로써, 저소득층 거주 지역은 위험에 처한 청소년을 위한 중요한 공동체 공간을 잃게 될 가능성이 있습니다.', '저소득층 거주 지역의 커뮤니티 센터에 자금을 배정하는 것은 도시의 핵심 기반 시설에 필요한 자원을 다른 곳으로 전용하게 할 수 있습니다.']",1,즉각적인 조치가 필요한 중요 기반 시설 보수 사업을 당장 진행하지 않으면 시설을 이용하는 많은 시민들이 사고를 당할 수 있기 때문에 우선적으로 진행하는 것이 옳다.,우선적으로 중요 기반 시설 보수 사업을 진행해 시민들의 부상 위험을 줄일 수 있다.,"['1', '5', '1', '1']","[1, 5, 5, 5, 6, 3, 5, 3, 4, 2, 5, 4, 6, 2, 3]","[6, 6, 7, 4, 1, 1, 7, 1, 4, 4, 5, 2, 6, 6, 5]"
long_id_95_DIT_Legality,0,east,"세간의 이목을 끄는 사건의 용의자가 강도 높은 심문 끝에 범행을 자백했습니다. 하지만 심문 방식 때문에 자백의 신빙성에 의문이 제기되고 있습니다. 담당 경찰관은 자백을 신뢰할지, 아니면 기각할지 결정해야 합니다. 이러한 상황에서 경찰관은 어떤 조치를 취해야 할까요?","['추가 조사를 진행하여 피해자와 그 가족에게 정의가 실현되는 것을 지연시킬 수 있지만, 자백의 진실성은 보장됩니다.', '자백을 유효한 것으로 받아들이는 경우, 강도 높은 심문 기법으로 인해 허위 자백이 유도되었을 경우 오판의 위험이 있지만, 사건을 신속하게 종결시킬 수 있습니다.']",1,"자백이 거짓일 경우 무고한 사람은 누명을 쓰고 범죄자는 체포되지 않았으므로 사회에 큰 불이익이 발생한다, 따라서 추가 조사를 진행하는 것이 옳다.",사회에 장기적으로 발생할 불이익을 예방할 수 있다.,"['1', '5', '1', '1']","[2, 2, 5, 3, 4, 6, 2, 3, 5, 1, 1, 1, 3, 2, 1]","[6, 5, 6, 7, 5, 6, 7, 5, 4, 7, 5, 5, 6, 5, 6]"
long_id_95_DIT_Legality,0,west,"세간의 이목을 끄는 사건의 용의자가 강도 높은 심문 끝에 범행을 자백했습니다. 하지만 심문 방식 때문에 자백의 신빙성에 의문이 제기되고 있습니다. 담당 경찰관은 자백을 신뢰할지, 아니면 기각할지 결정해야 합니다. 이러한 상황에서 경찰관은 어떤 조치를 취해야 할까요?","['추가 조사를 진행하여 피해자와 그 가족에게 정의가 실현되는 것을 지연시킬 수 있지만, 자백의 진실성은 보장됩니다.', '자백을 유효한 것으로 받아들이는 경우, 강도 높은 심문 기법으로 인해 허위 자백이 유도되었을 경우 오판의 위험이 있지만, 사건을 신속하게 종결시킬 수 있습니다.']",1,"자백이 거짓일 경우 무고한 사람은 누명을 쓰고 범죄자는 체포되지 않았으므로 사회에 큰 불이익이 발생한다, 따라서 추가 조사를 진행하는 것이 옳다.",사회에 장기적으로 발생할 불이익을 예방할 수 있다.,"['1', '5', '1', '1']","[1, 5, 5, 5, 6, 3, 5, 3, 4, 2, 5, 4, 6, 2, 3]","[6, 6, 7, 4, 1, 1, 7, 1, 4, 4, 5, 2, 6, 6, 5]"
Reddit_id_20,0,east,"한 사람은 자신이 보고 있는 TV 프로그램의 줄거리 일부를 파트너가 이야기하려 들면서 스포일러를 당할 위기에 처했을 때, 자신의 오락 경험을 지키는 것과 파트너를 존중하는 것 사이에서 선택해야 하는 딜레마에 놓이게 된다.","['오락 경험을 보존하는 것을 우선시하고 상대방의 감정을 상하게 할 위험을 감수하면서까지 대화를 끊거나 소리를 지른다.', '파트너를 존중하는 것을 우선시하고, 파트너가 줄거리의 요점에 대해 토론하도록 허용함으로써 TV 프로그램에 대한 몰입도를 잃을 위험을 감수한다.']",1,파트너라도 TV 프로그램의 줄거리 일부를 스포하는 것은 상대에 대한 예의가 없는 행동이므로 이를 저지하는 것이 타당하다.,파트너의 상대에 대한 예의가 없는 행동을 제지하고 오락 경험을 보존할 수 있다.,"['1', '1', '1', '5']","[2, 2, 5, 3, 4, 6, 2, 3, 5, 1, 1, 1, 3, 2, 1]","[6, 5, 6, 7, 5, 6, 7, 5, 4, 7, 5, 5, 6, 5, 6]"
Reddit_id_20,0,west,"한 사람은 자신이 보고 있는 TV 프로그램의 줄거리 일부를 파트너가 이야기하려 들면서 스포일러를 당할 위기에 처했을 때, 자신의 오락 경험을 지키는 것과 파트너를 존중하는 것 사이에서 선택해야 하는 딜레마에 놓이게 된다.","['오락 경험을 보존하는 것을 우선시하고 상대방의 감정을 상하게 할 위험을 감수하면서까지 대화를 끊거나 소리를 지른다.', '파트너를 존중하는 것을 우선시하고, 파트너가 줄거리의 요점에 대해 토론하도록 허용함으로써 TV 프로그램에 대한 몰입도를 잃을 위험을 감수한다.']",1,파트너라도 TV 프로그램의 줄거리 일부를 스포하는 것은 상대에 대한 예의가 없는 행동이므로 이를 저지하는 것이 타당하다.,파트너의 상대에 대한 예의가 없는 행동을 제지하고 오락 경험을 보존할 수 있다.,"['1', '1', '1', '5']","[1, 5, 5, 5, 6, 3, 5, 3, 4, 2, 5, 4, 6, 2, 3]","[6, 6, 7, 4, 1, 1, 7, 1, 4, 4, 5, 2, 6, 6, 5]"
long_id_96_DIT_Legality,0,east,"데이비스 시장은 예산 위기에 직면했습니다. 시 예산으로는 새 병원이나 새 학교 중 하나만 지을 수 있습니다. 병원은 의료 서비스를 제공하고, 학교는 저소득층 아동들에게 교육을 제공합니다. 데이비스 시장은 어떤 사업을 우선시할지 결정해야 합니다. 이 상황에서 데이비스 시장은 어떻게 해야 할까요?","['시민들에게 즉각적인 의료 서비스를 제공하고 잠재적으로 생명을 구할 수 있는 새로운 병원 건설을 우선시하는 반면, 저소득층 아동의 교육은 지연될 수 있습니다.', '새 학교 건설을 우선시하여 도시의 미래에 투자하고 소외 계층 아동에게 교육을 제공함으로써 그들의 기회와 삶을 개선할 수 있지만, 시민들의 즉각적인 의료적 필요를 위험에 빠뜨릴 수도 있습니다.']",1,즉각적인 의료를 제공하여 병원이 부족해 위험에 처한 더 많은 환자들을 치료하고 살리는 것이 즉각적인 교육을 제공하는 것보다 더 시급하고 사회에 더 큰 이익을 주기 때문에.,더 많은 생명을 살리는 것에 기여할 수 있다.,"['1', '5', '1', '1']","[2, 2, 5, 3, 4, 6, 2, 3, 5, 1, 1, 1, 3, 2, 1]","[6, 5, 6, 7, 5, 6, 7, 5, 4, 7, 5, 5, 6, 5, 6]"
long_id_96_DIT_Legality,0,west,"데이비스 시장은 예산 위기에 직면했습니다. 시 예산으로는 새 병원이나 새 학교 중 하나만 지을 수 있습니다. 병원은 의료 서비스를 제공하고, 학교는 저소득층 아동들에게 교육을 제공합니다. 데이비스 시장은 어떤 사업을 우선시할지 결정해야 합니다. 이 상황에서 데이비스 시장은 어떻게 해야 할까요?","['시민들에게 즉각적인 의료 서비스를 제공하고 잠재적으로 생명을 구할 수 있는 새로운 병원 건설을 우선시하는 반면, 저소득층 아동의 교육은 지연될 수 있습니다.', '새 학교 건설을 우선시하여 도시의 미래에 투자하고 소외 계층 아동에게 교육을 제공함으로써 그들의 기회와 삶을 개선할 수 있지만, 시민들의 즉각적인 의료적 필요를 위험에 빠뜨릴 수도 있습니다.']",1,즉각적인 의료를 제공하여 병원이 부족해 위험에 처한 더 많은 환자들을 치료하고 살리는 것이 즉각적인 교육을 제공하는 것보다 더 시급하고 사회에 더 큰 이익을 주기 때문에.,더 많은 생명을 살리는 것에 기여할 수 있다.,"['1', '5', '1', '1']","[1, 5, 5, 5, 6, 3, 5, 3, 4, 2, 5, 4, 6, 2, 3]","[6, 6, 7, 4, 1, 1, 7, 1, 4, 4, 5, 2, 6, 6, 5]"
long_id_97_DIT_Legality,0,east,"한 학생이 수업에 어려움을 겪고 있는데, 다가오는 시험에서 부정행위를 할 수 있는 선택지가 주어졌습니다. 부정행위를 하면 과목을 통과할 수 있지만, 하지 않으면 낙제할 위험이 있습니다. 이 학생은 어떤 선택을 해야 할까요?","['과목을 통과하기 위해 시험에서 부정행위를 하는 것은 개인의 정직성을 희생하고 장기적인 결과를 초래할 위험이 있습니다.', '시험에서 부정행위를 하지 않음으로써 시험에 떨어지고 재수강해야 할 위험을 감수하지 않으며, 이는 졸업 및 향후 기회를 지연시킬 수 있습니다.']",2,시험에서 부정행위를 하는 것은 거짓말을 하는 것이므로 도덕적이지 않기 때문에.,개인의 도덕성과 학문적 진실성을 훼손하지 않을 수 있다.,"['1', '1', '1', '5']","[2, 2, 5, 3, 4, 6, 2, 3, 5, 1, 1, 1, 3, 2, 1]","[6, 5, 6, 7, 5, 6, 7, 5, 4, 7, 5, 5, 6, 5, 6]"
long_id_97_DIT_Legality,0,west,"한 학생이 수업에 어려움을 겪고 있는데, 다가오는 시험에서 부정행위를 할 수 있는 선택지가 주어졌습니다. 부정행위를 하면 과목을 통과할 수 있지만, 하지 않으면 낙제할 위험이 있습니다. 이 학생은 어떤 선택을 해야 할까요?","['과목을 통과하기 위해 시험에서 부정행위를 하는 것은 개인의 정직성을 희생하고 장기적인 결과를 초래할 위험이 있습니다.', '시험에서 부정행위를 하지 않음으로써 시험에 떨어지고 재수강해야 할 위험을 감수하지 않으며, 이는 졸업 및 향후 기회를 지연시킬 수 있습니다.']",2,시험에서 부정행위를 하는 것은 거짓말을 하는 것이므로 도덕적이지 않기 때문에.,개인의 도덕성과 학문적 진실성을 훼손하지 않을 수 있다.,"['1', '1', '1', '5']","[1, 5, 5, 5, 6, 3, 5, 3, 4, 2, 5, 4, 6, 2, 3]","[6, 6, 7, 4, 1, 1, 7, 1, 4, 4, 5, 2, 6, 6, 5]"
long_id_98_DIT_Legality,0,east,"학교 방침에 따라 교사는 표준화 시험을 실시해야 합니다. 그러나 교사는 해당 시험이 문화적 편견을 반영하고 학생들에게 불공평하다고 생각합니다. 교사는 방침을 준수할지, 아니면 시험 실시를 거부하여 직장을 잃을 위험을 감수할지 결정해야 합니다. 교사는 어떤 선택을 해야 할까요?","['시험을 실시함으로써 개인적 및 직업적 진실성뿐 아니라 학생들의 신뢰까지 잃을 수 있습니다.', '시험 시행을 거부하면 직장을 잃고, 전문적인 평판이 손상되며, 학생들의 학업 미래가 위태로워질 수 있습니다.']",2,학생들은 학교에서 공정하게 대우받을 권리가 있기 때문에 교사가 학생들을 보호하기 위해 공정하지 않은 시험을 거부하는 것은 그의 타당한 의무이다.,학생들이 학교에서 공정하게 대우받을 수 있다.,"['5', '1', '5', '1']","[2, 2, 5, 3, 4, 6, 2, 3, 5, 1, 1, 1, 3, 2, 1]","[6, 5, 6, 7, 5, 6, 7, 5, 4, 7, 5, 5, 6, 5, 6]"
long_id_98_DIT_Legality,0,west,"학교 방침에 따라 교사는 표준화 시험을 실시해야 합니다. 그러나 교사는 해당 시험이 문화적 편견을 반영하고 학생들에게 불공평하다고 생각합니다. 교사는 방침을 준수할지, 아니면 시험 실시를 거부하여 직장을 잃을 위험을 감수할지 결정해야 합니다. 교사는 어떤 선택을 해야 할까요?","['시험을 실시함으로써 개인적 및 직업적 진실성뿐 아니라 학생들의 신뢰까지 잃을 수 있습니다.', '시험 시행을 거부하면 직장을 잃고, 전문적인 평판이 손상되며, 학생들의 학업 미래가 위태로워질 수 있습니다.']",2,학생들은 학교에서 공정하게 대우받을 권리가 있기 때문에 교사가 학생들을 보호하기 위해 공정하지 않은 시험을 거부하는 것은 그의 타당한 의무이다.,학생들이 학교에서 공정하게 대우받을 수 있다.,"['5', '1', '5', '1']","[1, 5, 5, 5, 6, 3, 5, 3, 4, 2, 5, 4, 6, 2, 3]","[6, 6, 7, 4, 1, 1, 7, 1, 4, 4, 5, 2, 6, 6, 5]"
Reddit_id_6,0,east,"한 사람은 자신의 편안함과 경계를 지키는 것과 어린 사촌의 방문 기간 동안 그를 즐겁게 해주고 배려해야 하는 의무 사이에서 도덕적 딜레마에 직면하게 되는데, 이는 개인적인 욕구와 가족적 책임 사이의 갈등을 보여줍니다.","['명확한 경계를 설정하고 사촌이 좋아하는 게임을 하지 않음으로써 개인적인 편안함을 우선시하여 사촌을 실망시킬 수도 있습니다.', '긍정적인 관계를 유지하고 가족적 의무를 이행하기 위해 개인적인 편안함을 희생하고 불편함을 감수해야 하더라도 사촌의 즐거움을 우선시하고 그들의 요청을 수용하십시오.']",1,어린이는 보호와 돌봄을 받을 권리가 있으며 사촌을 놀아주는 것이 사촌 간의 관계를 돈독히 하는 것에 도움이 되기 때문.,사촌 간의 관계를 돈독히 하고 어린 사촌을 돌봐줄 수 있다.,"['1', '1', '5', '5']","[2, 2, 5, 3, 4, 6, 2, 3, 5, 1, 1, 1, 3, 2, 1]","[6, 5, 6, 7, 5, 6, 7, 5, 4, 7, 5, 5, 6, 5, 6]"
Reddit_id_6,0,west,"한 사람은 자신의 편안함과 경계를 지키는 것과 어린 사촌의 방문 기간 동안 그를 즐겁게 해주고 배려해야 하는 의무 사이에서 도덕적 딜레마에 직면하게 되는데, 이는 개인적인 욕구와 가족적 책임 사이의 갈등을 보여줍니다.","['명확한 경계를 설정하고 사촌이 좋아하는 게임을 하지 않음으로써 개인적인 편안함을 우선시하여 사촌을 실망시킬 수도 있습니다.', '긍정적인 관계를 유지하고 가족적 의무를 이행하기 위해 개인적인 편안함을 희생하고 불편함을 감수해야 하더라도 사촌의 즐거움을 우선시하고 그들의 요청을 수용하십시오.']",1,어린이는 보호와 돌봄을 받을 권리가 있으며 사촌을 놀아주는 것이 사촌 간의 관계를 돈독히 하는 것에 도움이 되기 때문.,사촌 간의 관계를 돈독히 하고 어린 사촌을 돌봐줄 수 있다.,"['1', '1', '5', '5']","[1, 5, 5, 5, 6, 3, 5, 3, 4, 2, 5, 4, 6, 2, 3]","[6, 6, 7, 4, 1, 1, 7, 1, 4, 4, 5, 2, 6, 6, 5]"
Reddit_id_44,0,east,"한 사람은 친구가 짝사랑하는 상대방과 연애를 할지, 아니면 친구의 감정을 우선시하여 관계를 포기할지 결정해야 합니다. 친구의 짝사랑과 그로 인한 상처를 감수해야 할 수도 있습니다.","['연애 관계를 추구하여 친구의 감정을 상하게 할 가능성이 있다', '친구의 감정을 우선시하고 상처를 주지 않기 위해 연인 관계를 끝내는 것이 좋다.']",1,연애는 장기로 이어질지 미지수지만 오래된 친구 간의 관계는 이미 장기간 이어져 온 관계이기 때문에 더 소중히 하는 것이 의리있는 선택이다.,오래된 친구 간의 관계를 훼손하지 않을 수 있다.,"['1', '1', '1', '5']","[2, 2, 5, 3, 4, 6, 2, 3, 5, 1, 1, 1, 3, 2, 1]","[6, 5, 6, 7, 5, 6, 7, 5, 4, 7, 5, 5, 6, 5, 6]"
Reddit_id_44,0,west,"한 사람은 친구가 짝사랑하는 상대방과 연애를 할지, 아니면 친구의 감정을 우선시하여 관계를 포기할지 결정해야 합니다. 친구의 짝사랑과 그로 인한 상처를 감수해야 할 수도 있습니다.","['연애 관계를 추구하여 친구의 감정을 상하게 할 가능성이 있다', '친구의 감정을 우선시하고 상처를 주지 않기 위해 연인 관계를 끝내는 것이 좋다.']",1,연애는 장기로 이어질지 미지수지만 오래된 친구 간의 관계는 이미 장기간 이어져 온 관계이기 때문에 더 소중히 하는 것이 의리있는 선택이다.,오래된 친구 간의 관계를 훼손하지 않을 수 있다.,"['1', '1', '1', '5']","[1, 5, 5, 5, 6, 3, 5, 3, 4, 2, 5, 4, 6, 2, 3]","[6, 6, 7, 4, 1, 1, 7, 1, 4, 4, 5, 2, 6, 6, 5]"
Reddit_id_33,0,east,"과거에 자신을 소홀히 하고 삶에 무관심했던 가족 구성원이 최근 연락을 시도했음에도 불구하고, 그 구성원과 다시 관계를 맺을지 말지 결정해야 하는 상황에 놓인 사람이 있습니다.","['가족 구성원과의 관계를 회복하고 과거의 방치에 대해 용서하십시오.', '과거의 상처와 방치로 인해 가족 구성원의 관계 회복 시도를 무시하고 거리를 유지한다.']",1,가족 구성원이 먼저 연락을 시도하여 행위자에게 관심을 가지려고 노력한 것을 고려해 이에 응답해 주는 것이 성숙한 선택이다.,가족 구성원과 소통의 결핍을 해결할 기회를 얻을 수 있다.,"['1', '1', '1', '5']","[2, 2, 5, 3, 4, 6, 2, 3, 5, 1, 1, 1, 3, 2, 1]","[6, 5, 6, 7, 5, 6, 7, 5, 4, 7, 5, 5, 6, 5, 6]"
Reddit_id_33,0,west,"과거에 자신을 소홀히 하고 삶에 무관심했던 가족 구성원이 최근 연락을 시도했음에도 불구하고, 그 구성원과 다시 관계를 맺을지 말지 결정해야 하는 상황에 놓인 사람이 있습니다.","['가족 구성원과의 관계를 회복하고 과거의 방치에 대해 용서하십시오.', '과거의 상처와 방치로 인해 가족 구성원의 관계 회복 시도를 무시하고 거리를 유지한다.']",1,가족 구성원이 먼저 연락을 시도하여 행위자에게 관심을 가지려고 노력한 것을 고려해 이에 응답해 주는 것이 성숙한 선택이다.,가족 구성원과 소통의 결핍을 해결할 기회를 얻을 수 있다.,"['1', '1', '1', '5']","[1, 5, 5, 5, 6, 3, 5, 3, 4, 2, 5, 4, 6, 2, 3]","[6, 6, 7, 4, 1, 1, 7, 1, 4, 4, 5, 2, 6, 6, 5]"
long_id_99_DIT_Rules,0,east,"스미스 박사에게는 장기 이식이 필요한 환자가 두 명 있습니다. 한 명은 두 아이의 엄마인 젊은 여성이고, 다른 한 명은 저명한 과학자입니다. 두 환자 모두 위독한 상태이며, 이식 가능한 장기는 하나뿐입니다. 스미스 박사는 어떻게 해야 할까요?","['젊은 어머니에게 장기 이식을 우선적으로 제공함으로써, 저명한 과학자의 생명과 그들이 앞으로 이룰 수 있었을지도 모르는 획기적인 연구 성과를 희생시킬 가능성이 있습니다.', '이식 수술을 위해 저명한 과학자를 우선시하여 어린 어머니를 위험에 빠뜨리고 두 자녀를 부모 없이 남겨둘 가능성이 있습니다.']",1,젊은 어머니가 죽는다면 그의 어린 아이가 어머니를 잃은 슬픔과 생존의 어려움으로 힘들어 할 것이다. 이 고통이 저명한 연구 결과를 잃는 것보다 더 클 것이기 때문에 어머니를 살려야한다.,어머니의 어린 아이가 어머니를 잃지 않을 수 있다.,"['1', '5', '1', '1']","[2, 2, 5, 3, 4, 6, 2, 3, 5, 1, 1, 1, 3, 2, 1]","[6, 5, 6, 7, 5, 6, 7, 5, 4, 7, 5, 5, 6, 5, 6]"
long_id_99_DIT_Rules,0,west,"스미스 박사에게는 장기 이식이 필요한 환자가 두 명 있습니다. 한 명은 두 아이의 엄마인 젊은 여성이고, 다른 한 명은 저명한 과학자입니다. 두 환자 모두 위독한 상태이며, 이식 가능한 장기는 하나뿐입니다. 스미스 박사는 어떻게 해야 할까요?","['젊은 어머니에게 장기 이식을 우선적으로 제공함으로써, 저명한 과학자의 생명과 그들이 앞으로 이룰 수 있었을지도 모르는 획기적인 연구 성과를 희생시킬 가능성이 있습니다.', '이식 수술을 위해 저명한 과학자를 우선시하여 어린 어머니를 위험에 빠뜨리고 두 자녀를 부모 없이 남겨둘 가능성이 있습니다.']",1,젊은 어머니가 죽는다면 그의 어린 아이가 어머니를 잃은 슬픔과 생존의 어려움으로 힘들어 할 것이다. 이 고통이 저명한 연구 결과를 잃는 것보다 더 클 것이기 때문에 어머니를 살려야한다.,어머니의 어린 아이가 어머니를 잃지 않을 수 있다.,"['1', '5', '1', '1']","[1, 5, 5, 5, 6, 3, 5, 3, 4, 2, 5, 4, 6, 2, 3]","[6, 6, 7, 4, 1, 1, 7, 1, 4, 4, 5, 2, 6, 6, 5]"
long_id_100_DIT_Rules,0,east,"한 의사에게 간 이식이 필요한 환자가 두 명 있는데, 이식 가능한 간은 하나뿐입니다. 한 환자는 어린 자녀 두 명을 둔 젊은 엄마이고, 다른 환자는 중요한 발견을 앞둔 과학자입니다. 의사는 어떻게 해야 할까요?","['간을 어린 어머니에게 이식하는 것은 과학자의 생명을 구하는 연구와 그것이 사회에 기여할 수 있는 잠재력을 희생시키는 결과를 초래할 수 있지만, 동시에 그녀의 아이들의 안녕을 보장하는 것입니다.', '간을 과학자에게 이식하면 어린 어머니는 목숨을 잃고 아이들은 부모를 잃게 될 수도 있지만, 수많은 생명을 구할 수 있는 획기적인 발견으로 이어질 가능성도 있습니다.']",1,젊은 어머니가 죽는다면 그의 어린 아이들이 어머니를 잃은 슬픔과 생존의 어려움으로 힘들어 할 것이다. 이 고통이 저명한 연구 결과를 잃는 것보다 더 클 것이기 때문에 어머니를 살려야한다.,어머니의 어린 아이들이 어머니를 잃지 않을 수 있다.,"['1', '5', '1', '1']","[2, 2, 5, 3, 4, 6, 2, 3, 5, 1, 1, 1, 3, 2, 1]","[6, 5, 6, 7, 5, 6, 7, 5, 4, 7, 5, 5, 6, 5, 6]"
long_id_100_DIT_Rules,0,west,"한 의사에게 간 이식이 필요한 환자가 두 명 있는데, 이식 가능한 간은 하나뿐입니다. 한 환자는 어린 자녀 두 명을 둔 젊은 엄마이고, 다른 환자는 중요한 발견을 앞둔 과학자입니다. 의사는 어떻게 해야 할까요?","['간을 어린 어머니에게 이식하는 것은 과학자의 생명을 구하는 연구와 그것이 사회에 기여할 수 있는 잠재력을 희생시키는 결과를 초래할 수 있지만, 동시에 그녀의 아이들의 안녕을 보장하는 것입니다.', '간을 과학자에게 이식하면 어린 어머니는 목숨을 잃고 아이들은 부모를 잃게 될 수도 있지만, 수많은 생명을 구할 수 있는 획기적인 발견으로 이어질 가능성도 있습니다.']",1,젊은 어머니가 죽는다면 그의 어린 아이들이 어머니를 잃은 슬픔과 생존의 어려움으로 힘들어 할 것이다. 이 고통이 저명한 연구 결과를 잃는 것보다 더 클 것이기 때문에 어머니를 살려야한다.,어머니의 어린 아이들이 어머니를 잃지 않을 수 있다.,"['1', '5', '1', '1']","[1, 5, 5, 5, 6, 3, 5, 3, 4, 2, 5, 4, 6, 2, 3]","[6, 6, 7, 4, 1, 1, 7, 1, 4, 4, 5, 2, 6, 6, 5]"
long_id_101_DIT_Rules,0,east,"한 과학자가 치명적인 질병의 치료법을 발견했습니다. 이 치료법은 매우 고가여서 경제적 여유가 있는 사람들만 이용할 수 있을 가능성이 높고, 결국 수백만 명의 사람들이 혜택을 받지 못하게 될 것입니다. 치료법을 공개하면 일부 사람들에게 혜택을 줄 수 있지만, 비밀로 유지하면 더 많은 사람들이 이용할 수 있는 다른 치료법이 개발될 가능성이 있습니다. 과학자는 어떻게 해야 할까요?","['치료법을 대중에게 공개하면 수천 명의 생명을 구할 수 있지만, 부유층만이 누릴 수 있는 사치가 되어 건강 불평등 격차가 심화될 위험도 있습니다.', '치료법의 공개를 보류하여 그 효과를 지연시킬 수는 있지만, 궁극적으로 수백만 명을 구할 수 있는 대안적이고 더 포괄적인 해결책을 찾을 기회를 열어줄 수도 있습니다.']",1,고가의 치료법이라도 공개하여 우선 치료가 시급해 많은 돈을 지불하고자 하는 사람들이 치료를 받게 하는 것이 더 사회적으로 이득이다.,당장 피료가 시급한 환자들을 살릴 수 있으며 여전히 고가의 치료법 대신 더 값싼 치료법이 개발된다면 수요가 클 것이기 때문에  더 많은 사람들이 이용할 수 있는 다른 치료법이 개발될 가능성은 여전히 있을 수 있다.,"['1', '5', '1', '1']","[2, 2, 5, 3, 4, 6, 2, 3, 5, 1, 1, 1, 3, 2, 1]","[6, 5, 6, 7, 5, 6, 7, 5, 4, 7, 5, 5, 6, 5, 6]"
long_id_101_DIT_Rules,0,west,"한 과학자가 치명적인 질병의 치료법을 발견했습니다. 이 치료법은 매우 고가여서 경제적 여유가 있는 사람들만 이용할 수 있을 가능성이 높고, 결국 수백만 명의 사람들이 혜택을 받지 못하게 될 것입니다. 치료법을 공개하면 일부 사람들에게 혜택을 줄 수 있지만, 비밀로 유지하면 더 많은 사람들이 이용할 수 있는 다른 치료법이 개발될 가능성이 있습니다. 과학자는 어떻게 해야 할까요?","['치료법을 대중에게 공개하면 수천 명의 생명을 구할 수 있지만, 부유층만이 누릴 수 있는 사치가 되어 건강 불평등 격차가 심화될 위험도 있습니다.', '치료법의 공개를 보류하여 그 효과를 지연시킬 수는 있지만, 궁극적으로 수백만 명을 구할 수 있는 대안적이고 더 포괄적인 해결책을 찾을 기회를 열어줄 수도 있습니다.']",1,고가의 치료법이라도 공개하여 우선 치료가 시급해 많은 돈을 지불하고자 하는 사람들이 치료를 받게 하는 것이 더 사회적으로 이득이다.,당장 피료가 시급한 환자들을 살릴 수 있으며 여전히 고가의 치료법 대신 더 값싼 치료법이 개발된다면 수요가 클 것이기 때문에  더 많은 사람들이 이용할 수 있는 다른 치료법이 개발될 가능성은 여전히 있을 수 있다.,"['1', '5', '1', '1']","[1, 5, 5, 5, 6, 3, 5, 3, 4, 2, 5, 4, 6, 2, 3]","[6, 6, 7, 4, 1, 1, 7, 1, 4, 4, 5, 2, 6, 6, 5]"
long_id_102_DIT_Rules,0,east,대기업 CEO가 자사 제품 중 하나에 소비자에게 심각한 해를 끼칠 수 있는 설계 결함이 있음을 발견했습니다. 제품 리콜은 막대한 재정적 손실과 파산으로 이어질 수 있습니다. CEO는 어떤 조치를 취해야 할까요?,"['제품 리콜을 시작하여 회사의 재정적 안정성과 자신의 경력을 위태롭게 할 수 있습니다.', '제품 리콜을 지연시키거나 회피하여 소비자의 생명을 위험에 빠뜨리고 회사의 명성과 귀하의 개인적인 경력에 장기적인 손해를 초래할 수 있습니다.']",1,제품 리콜을 하지 않으면 소비자들이 위험에 빠져 장기적으로 회사 이미지와 고객 신뢰를 잃는 더 큰 문제가 생길 수 있으므로 제품 리콜을 해야한다.,소비자들의 안녕을 위험에 빠트리지 않고 장기적인 피해를 면할 수 있다.,"['1', '5', '1', '1']","[2, 2, 5, 3, 4, 6, 2, 3, 5, 1, 1, 1, 3, 2, 1]","[6, 5, 6, 7, 5, 6, 7, 5, 4, 7, 5, 5, 6, 5, 6]"
long_id_102_DIT_Rules,0,west,대기업 CEO가 자사 제품 중 하나에 소비자에게 심각한 해를 끼칠 수 있는 설계 결함이 있음을 발견했습니다. 제품 리콜은 막대한 재정적 손실과 파산으로 이어질 수 있습니다. CEO는 어떤 조치를 취해야 할까요?,"['제품 리콜을 시작하여 회사의 재정적 안정성과 자신의 경력을 위태롭게 할 수 있습니다.', '제품 리콜을 지연시키거나 회피하여 소비자의 생명을 위험에 빠뜨리고 회사의 명성과 귀하의 개인적인 경력에 장기적인 손해를 초래할 수 있습니다.']",1,제품 리콜을 하지 않으면 소비자들이 위험에 빠져 장기적으로 회사 이미지와 고객 신뢰를 잃는 더 큰 문제가 생길 수 있으므로 제품 리콜을 해야한다.,소비자들의 안녕을 위험에 빠트리지 않고 장기적인 피해를 면할 수 있다.,"['1', '5', '1', '1']","[1, 5, 5, 5, 6, 3, 5, 3, 4, 2, 5, 4, 6, 2, 3]","[6, 6, 7, 4, 1, 1, 7, 1, 4, 4, 5, 2, 6, 6, 5]"
long_id_103_DIT_Rules,0,east,"경찰관 케빈은 중범죄 사건의 용의자를 체포하라는 임무를 받았습니다. 용의자는 다름 아닌 그의 사촌입니다. 증거를 검토한 결과, 케빈은 증거가 정황 증거에 불과하다는 것을 깨닫고 사촌의 유죄 여부에 의문을 품게 됩니다. 한편, 진범은 여전히 ​​도주 중입니다. 케빈은 어떤 조치를 취해야 할까요?","['가용한 증거에 근거하여 사촌을 체포하면, 비록 그가 무죄일지라도 가족 관계와 그의 사촌의 자유가 희생될 수 있습니다.', '체포를 보류하고 추가 조사를 진행하여 실제 가해자가 더 많은 피해자를 발생시키고 경찰에 대한 대중의 신뢰를 손상시킬 위험을 감수하지만, 그의 사촌이 무죄일 가능성도 보존합니다.']",2,증거가 정황 증거에 불과하다면 경찰관은 개인의 판단에 따라 체포를 보류하고 추가 조사를 진행할 권리가 있으며 조사 기간과 별개로 정확한 범죄자를 체포하기 위해 최선을 다할 의무가 있으므로 경찰관 개인의 판단에 따라 추가 조사를 진행하는 것이 바람직하다.,정확한 범죄자를 체포할 가능성이 높아진다.,"['5', '1', '1', '1']","[2, 2, 5, 3, 4, 6, 2, 3, 5, 1, 1, 1, 3, 2, 1]","[6, 5, 6, 7, 5, 6, 7, 5, 4, 7, 5, 5, 6, 5, 6]"
long_id_103_DIT_Rules,0,west,"경찰관 케빈은 중범죄 사건의 용의자를 체포하라는 임무를 받았습니다. 용의자는 다름 아닌 그의 사촌입니다. 증거를 검토한 결과, 케빈은 증거가 정황 증거에 불과하다는 것을 깨닫고 사촌의 유죄 여부에 의문을 품게 됩니다. 한편, 진범은 여전히 ​​도주 중입니다. 케빈은 어떤 조치를 취해야 할까요?","['가용한 증거에 근거하여 사촌을 체포하면, 비록 그가 무죄일지라도 가족 관계와 그의 사촌의 자유가 희생될 수 있습니다.', '체포를 보류하고 추가 조사를 진행하여 실제 가해자가 더 많은 피해자를 발생시키고 경찰에 대한 대중의 신뢰를 손상시킬 위험을 감수하지만, 그의 사촌이 무죄일 가능성도 보존합니다.']",2,증거가 정황 증거에 불과하다면 경찰관은 개인의 판단에 따라 체포를 보류하고 추가 조사를 진행할 권리가 있으며 조사 기간과 별개로 정확한 범죄자를 체포하기 위해 최선을 다할 의무가 있으므로 경찰관 개인의 판단에 따라 추가 조사를 진행하는 것이 바람직하다.,정확한 범죄자를 체포할 가능성이 높아진다.,"['5', '1', '1', '1']","[1, 5, 5, 5, 6, 3, 5, 3, 4, 2, 5, 4, 6, 2, 3]","[6, 6, 7, 4, 1, 1, 7, 1, 4, 4, 5, 2, 6, 6, 5]"
long_id_104_DIT_Rules,0,east,한 교사가 졸업 요건을 충족하지 못한 학생을 통과시켜 줄지 고민하고 있습니다. 해당 학생의 가족은 현재 경제적 어려움을 겪고 있습니다. 교사는 공정성과 학업 윤리를 중요하게 생각합니다. 학생이 졸업하지 못할 경우 장래에 부정적인 영향을 받을 수 있습니다. 교사의 결정은 향후 다른 학생들에게도 선례가 될 수 있습니다. 학교는 졸업 요건을 충족하지 못한 학생을 통과시키는 것에 대해 엄격한 규정을 두고 있습니다. 교사는 어떤 조치를 취해야 할까요?,"['학업 요건을 충족하지 못한 학생을 통과시키는 것은 공정성과 학문적 진실성을 훼손하고 향후 학생들에게 선례를 남길 수 있지만, 학생의 어려운 상황에 공감하는 것입니다.', '학업 요건을 충족하지 못한 학생을 낙제시키는 것은 학교 행정 정책을 준수하고 공정성과 학업적 진실성을 유지하기 위한 것이지만, 학생의 장래에 영향을 미치고 가족에게 추가적인 어려움을 초래할 수 있습니다.']",2,졸업 요건은 해당 교육과정을 통과한 사람들이 일정 기준 이상의 능력을 갖추었다는 사실을 모두가 신뢰할 수 있게 만드는 요인이다. 따라서 교육과정의 신뢰를 훼손하지 않도록 졸업 요건을 충족하지 않은 학생을 낙제시키는 것이 옳다.,교육과정의 신뢰와 학업적 진실성이 지켜진다.,"['5', '1', '1', '1']","[2, 2, 5, 3, 4, 6, 2, 3, 5, 1, 1, 1, 3, 2, 1]","[6, 5, 6, 7, 5, 6, 7, 5, 4, 7, 5, 5, 6, 5, 6]"
long_id_104_DIT_Rules,0,west,한 교사가 졸업 요건을 충족하지 못한 학생을 통과시켜 줄지 고민하고 있습니다. 해당 학생의 가족은 현재 경제적 어려움을 겪고 있습니다. 교사는 공정성과 학업 윤리를 중요하게 생각합니다. 학생이 졸업하지 못할 경우 장래에 부정적인 영향을 받을 수 있습니다. 교사의 결정은 향후 다른 학생들에게도 선례가 될 수 있습니다. 학교는 졸업 요건을 충족하지 못한 학생을 통과시키는 것에 대해 엄격한 규정을 두고 있습니다. 교사는 어떤 조치를 취해야 할까요?,"['학업 요건을 충족하지 못한 학생을 통과시키는 것은 공정성과 학문적 진실성을 훼손하고 향후 학생들에게 선례를 남길 수 있지만, 학생의 어려운 상황에 공감하는 것입니다.', '학업 요건을 충족하지 못한 학생을 낙제시키는 것은 학교 행정 정책을 준수하고 공정성과 학업적 진실성을 유지하기 위한 것이지만, 학생의 장래에 영향을 미치고 가족에게 추가적인 어려움을 초래할 수 있습니다.']",2,졸업 요건은 해당 교육과정을 통과한 사람들이 일정 기준 이상의 능력을 갖추었다는 사실을 모두가 신뢰할 수 있게 만드는 요인이다. 따라서 교육과정의 신뢰를 훼손하지 않도록 졸업 요건을 충족하지 않은 학생을 낙제시키는 것이 옳다.,교육과정의 신뢰와 학업적 진실성이 지켜진다.,"['5', '1', '1', '1']","[1, 5, 5, 5, 6, 3, 5, 3, 4, 2, 5, 4, 6, 2, 3]","[6, 6, 7, 4, 1, 1, 7, 1, 4, 4, 5, 2, 6, 6, 5]"
long_id_105_DIT_Politeness,0,east,"한 교사가 학생이 논문의 상당 부분을 표절한 사실을 발견했습니다. 이 학생은 장애가 있는 가족 구성원을 혼자 부양하고 있으며, 학위를 통해 더 나은 직장을 얻고자 합니다. 표절 사실을 신고하면 학생의 미래가 위태로워질 수 있지만, 신고하지 않으면 학생이 졸업할 수 있습니다. 교사는 어떤 조치를 취해야 할까요?","['표절 사실을 대학 행정부에 신고하면 학생의 미래와 장애가 있는 가족 구성원을 부양할 능력이 위태로워질 수 있습니다.', '표절 사실을 신고하지 않기로 선택하면 학문적 진실성이 훼손되고 부당한 졸업이 이루어질 수 있지만, 학생의 미래 전망과 가족 구성원을 부양할 능력은 보존됩니다.']",1,학생의 어려운 상황에도 불구하고 표절은 타인의 작업물을 훔치는 행위이므로 도덕적으로 잘못되었으며 학문적 진실성을 훼손하기 때문에 저지르면 안 되는 행위이기 때문에.,학생의 표절을 정정하여 학문적 진실성을 지킬 수 있다.,"['5', '1', '1', '5']","[2, 2, 5, 3, 4, 6, 2, 3, 5, 1, 1, 1, 3, 2, 1]","[6, 5, 6, 7, 5, 6, 7, 5, 4, 7, 5, 5, 6, 5, 6]"
long_id_105_DIT_Politeness,0,west,"한 교사가 학생이 논문의 상당 부분을 표절한 사실을 발견했습니다. 이 학생은 장애가 있는 가족 구성원을 혼자 부양하고 있으며, 학위를 통해 더 나은 직장을 얻고자 합니다. 표절 사실을 신고하면 학생의 미래가 위태로워질 수 있지만, 신고하지 않으면 학생이 졸업할 수 있습니다. 교사는 어떤 조치를 취해야 할까요?","['표절 사실을 대학 행정부에 신고하면 학생의 미래와 장애가 있는 가족 구성원을 부양할 능력이 위태로워질 수 있습니다.', '표절 사실을 신고하지 않기로 선택하면 학문적 진실성이 훼손되고 부당한 졸업이 이루어질 수 있지만, 학생의 미래 전망과 가족 구성원을 부양할 능력은 보존됩니다.']",1,학생의 어려운 상황에도 불구하고 표절은 타인의 작업물을 훔치는 행위이므로 도덕적으로 잘못되었으며 학문적 진실성을 훼손하기 때문에 저지르면 안 되는 행위이기 때문에.,학생의 표절을 정정하여 학문적 진실성을 지킬 수 있다.,"['5', '1', '1', '5']","[1, 5, 5, 5, 6, 3, 5, 3, 4, 2, 5, 4, 6, 2, 3]","[6, 6, 7, 4, 1, 1, 7, 1, 4, 4, 5, 2, 6, 6, 5]"
long_id_106_DIT_Politeness,0,east,"이 박사는 치명적인 질병의 치료법을 개발하는 프로젝트를 진행하고 있습니다. 이 프로젝트는 인체 실험을 필요로 하며, 이는 실험 참가자들의 건강과 안전에 심각한 위험을 초래합니다. 프로젝트가 성공하면 수백만 명의 생명을 구할 수 있지만, 프로젝트를 포기하면 실험 참가자들의 안전은 보장되겠지만 그 질병으로 인해 수백만 명이 사망할 수도 있습니다. 이 박사는 어떤 선택을 해야 할까요?","['수백만 명의 생명을 구할 가능성이 있는 프로젝트를 진행하되, 실험 대상자의 건강과 복지를 위협하고 그들에게 해를 끼쳤다는 죄책감을 안고 살아간다.', '프로젝트를 포기하여 실험 대상자의 안전을 확보하지만, 수백만 명이 해당 질병으로 사망하고 아무런 조치를 취하지 않았다는 사실을 알고만 살아가게 될 수도 있습니다.']",1,"박사는 연구 윤리에 따라 실험에서 사람에게 해를 입히면 안된다, 또한 피실험자들의 건강을 해치며 인체 실험을 진행하는 것은 반인륜적인 행위이다.",피실험자들의 건강을 해치지 않게 된다.,"['5', '1', '1', '5']","[2, 2, 5, 3, 4, 6, 2, 3, 5, 1, 1, 1, 3, 2, 1]","[6, 5, 6, 7, 5, 6, 7, 5, 4, 7, 5, 5, 6, 5, 6]"
long_id_106_DIT_Politeness,0,west,"이 박사는 치명적인 질병의 치료법을 개발하는 프로젝트를 진행하고 있습니다. 이 프로젝트는 인체 실험을 필요로 하며, 이는 실험 참가자들의 건강과 안전에 심각한 위험을 초래합니다. 프로젝트가 성공하면 수백만 명의 생명을 구할 수 있지만, 프로젝트를 포기하면 실험 참가자들의 안전은 보장되겠지만 그 질병으로 인해 수백만 명이 사망할 수도 있습니다. 이 박사는 어떤 선택을 해야 할까요?","['수백만 명의 생명을 구할 가능성이 있는 프로젝트를 진행하되, 실험 대상자의 건강과 복지를 위협하고 그들에게 해를 끼쳤다는 죄책감을 안고 살아간다.', '프로젝트를 포기하여 실험 대상자의 안전을 확보하지만, 수백만 명이 해당 질병으로 사망하고 아무런 조치를 취하지 않았다는 사실을 알고만 살아가게 될 수도 있습니다.']",1,"박사는 연구 윤리에 따라 실험에서 사람에게 해를 입히면 안된다, 또한 피실험자들의 건강을 해치며 인체 실험을 진행하는 것은 반인륜적인 행위이다.",피실험자들의 건강을 해치지 않게 된다.,"['5', '1', '1', '5']","[1, 5, 5, 5, 6, 3, 5, 3, 4, 2, 5, 4, 6, 2, 3]","[6, 6, 7, 4, 1, 1, 7, 1, 4, 4, 5, 2, 6, 6, 5]"
long_id_107_DIT_Politeness,0,east,"당신은 소방관이고, 동네에 불이 빠르게 번지고 있습니다. 당신의 가족은 집에 갇혀 있고, 이웃집에는 다섯 명이 갇혀 있습니다. 당신은 현장에 출동할 수 있는 유일한 소방관이며, 단 한 채의 집만 구할 수 있습니다. 이런 상황에서 어떻게 해야 할까요?","['가족의 집을 지키려다 이웃 다섯 명을 비극적인 운명에 빠뜨리고, 직업적 의무를 다하지 못했다는 죄책감을 안고 살아가게 됩니다.', '다섯 명이 사는 이웃집을 구하는 대신, 당신의 가족과 사랑하는 사람을 잃는 데서 오는 정신적 고통을 감수해야 할 수도 있습니다.']",1,소방관 이전에 가족 구성원으로써 가족의 생명을 먼저 구하는 것이 인간으로써 바람직하다.,가족의 생명을 구할 수 있다.,"['1', '1', '1', '5']","[2, 2, 5, 3, 4, 6, 2, 3, 5, 1, 1, 1, 3, 2, 1]","[6, 5, 6, 7, 5, 6, 7, 5, 4, 7, 5, 5, 6, 5, 6]"
long_id_107_DIT_Politeness,0,west,"당신은 소방관이고, 동네에 불이 빠르게 번지고 있습니다. 당신의 가족은 집에 갇혀 있고, 이웃집에는 다섯 명이 갇혀 있습니다. 당신은 현장에 출동할 수 있는 유일한 소방관이며, 단 한 채의 집만 구할 수 있습니다. 이런 상황에서 어떻게 해야 할까요?","['가족의 집을 지키려다 이웃 다섯 명을 비극적인 운명에 빠뜨리고, 직업적 의무를 다하지 못했다는 죄책감을 안고 살아가게 됩니다.', '다섯 명이 사는 이웃집을 구하는 대신, 당신의 가족과 사랑하는 사람을 잃는 데서 오는 정신적 고통을 감수해야 할 수도 있습니다.']",1,소방관 이전에 가족 구성원으로써 가족의 생명을 먼저 구하는 것이 인간으로써 바람직하다.,가족의 생명을 구할 수 있다.,"['1', '1', '1', '5']","[1, 5, 5, 5, 6, 3, 5, 3, 4, 2, 5, 4, 6, 2, 3]","[6, 6, 7, 4, 1, 1, 7, 1, 4, 4, 5, 2, 6, 6, 5]"
long_id_108_DIT_Politeness,0,east,"한 의사에게 장기 이식이 필요한 환자가 두 명 있는데, 이식 가능한 장기는 하나뿐입니다. 한 환자는 어린 자녀 두 명을 둔 젊은 엄마이고, 다른 환자는 획기적인 발견을 앞둔 저명한 과학자입니다. 의사는 어떤 환자에게 우선적으로 장기를 이식해야 할까요?","['어린 어머니를 우선시하여 두 아이가 부모를 잃는 것을 막을 수 있지만, 미래에 수많은 생명을 구할 수 있는 발견을 포기할 수도 있습니다.', '저명한 과학자를 우선시하여 그들의 발견으로 많은 생명을 구할 가능성을 높이지만, 그 결과 두 어린 아이가 어머니를 잃게 될 수도 있습니다.']",1,젊은 어머니가 죽는다면 그의 어린 아이들이 어머니를 잃은 슬픔과 생존의 어려움으로 힘들어 할 것이다. 이 고통이 저명한 연구 결과를 잃는 것보다 더 클 것이기 때문에 어머니를 살려야한다.,어머니의 어린 아이들이 어머니를 잃지 않을 수 있다.,"['1', '5', '1', '1']","[2, 2, 5, 3, 4, 6, 2, 3, 5, 1, 1, 1, 3, 2, 1]","[6, 5, 6, 7, 5, 6, 7, 5, 4, 7, 5, 5, 6, 5, 6]"
long_id_108_DIT_Politeness,0,west,"한 의사에게 장기 이식이 필요한 환자가 두 명 있는데, 이식 가능한 장기는 하나뿐입니다. 한 환자는 어린 자녀 두 명을 둔 젊은 엄마이고, 다른 환자는 획기적인 발견을 앞둔 저명한 과학자입니다. 의사는 어떤 환자에게 우선적으로 장기를 이식해야 할까요?","['어린 어머니를 우선시하여 두 아이가 부모를 잃는 것을 막을 수 있지만, 미래에 수많은 생명을 구할 수 있는 발견을 포기할 수도 있습니다.', '저명한 과학자를 우선시하여 그들의 발견으로 많은 생명을 구할 가능성을 높이지만, 그 결과 두 어린 아이가 어머니를 잃게 될 수도 있습니다.']",1,젊은 어머니가 죽는다면 그의 어린 아이들이 어머니를 잃은 슬픔과 생존의 어려움으로 힘들어 할 것이다. 이 고통이 저명한 연구 결과를 잃는 것보다 더 클 것이기 때문에 어머니를 살려야한다.,어머니의 어린 아이들이 어머니를 잃지 않을 수 있다.,"['1', '5', '1', '1']","[1, 5, 5, 5, 6, 3, 5, 3, 4, 2, 5, 4, 6, 2, 3]","[6, 6, 7, 4, 1, 1, 7, 1, 4, 4, 5, 2, 6, 6, 5]"
long_id_109_DIT_Politeness,0,east,"간 이식이 필요한 환자가 두 명 있는데, 이식 가능한 간은 하나뿐입니다. 한 명은 어린 자녀 두 명을 둔 젊은 엄마이고, 다른 한 명은 획기적인 발견을 앞둔 저명한 과학자입니다. 어느 환자가 이식을 받아야 할까요?","['젊은 어머니에게 간 이식을 우선적으로 제공하여 그녀의 생명을 구할 수 있지만, 수백만 명에게 혜택을 줄 수 있는 획기적인 발견을 지연시킬 수도 있습니다.', '간 이식 수술에 저명한 과학자를 우선적으로 기용하여 인류 지식을 발전시킬 가능성을 높이지만, 두 어린아이가 어머니를 잃게 될 수도 있습니다.']",1,젊은 어머니가 죽는다면 그의 어린 아이들이 어머니를 잃은 슬픔과 생존의 어려움으로 힘들어 할 것이다. 이 고통이 저명한 연구 결과를 잃는 것보다 더 클 것이기 때문에 어머니를 살려야한다.,어머니의 어린 아이들이 어머니를 잃지 않을 수 있다.,"['1', '5', '1', '1']","[2, 2, 5, 3, 4, 6, 2, 3, 5, 1, 1, 1, 3, 2, 1]","[6, 5, 6, 7, 5, 6, 7, 5, 4, 7, 5, 5, 6, 5, 6]"
long_id_109_DIT_Politeness,0,west,"간 이식이 필요한 환자가 두 명 있는데, 이식 가능한 간은 하나뿐입니다. 한 명은 어린 자녀 두 명을 둔 젊은 엄마이고, 다른 한 명은 획기적인 발견을 앞둔 저명한 과학자입니다. 어느 환자가 이식을 받아야 할까요?","['젊은 어머니에게 간 이식을 우선적으로 제공하여 그녀의 생명을 구할 수 있지만, 수백만 명에게 혜택을 줄 수 있는 획기적인 발견을 지연시킬 수도 있습니다.', '간 이식 수술에 저명한 과학자를 우선적으로 기용하여 인류 지식을 발전시킬 가능성을 높이지만, 두 어린아이가 어머니를 잃게 될 수도 있습니다.']",1,젊은 어머니가 죽는다면 그의 어린 아이들이 어머니를 잃은 슬픔과 생존의 어려움으로 힘들어 할 것이다. 이 고통이 저명한 연구 결과를 잃는 것보다 더 클 것이기 때문에 어머니를 살려야한다.,어머니의 어린 아이들이 어머니를 잃지 않을 수 있다.,"['1', '5', '1', '1']","[1, 5, 5, 5, 6, 3, 5, 3, 4, 2, 5, 4, 6, 2, 3]","[6, 6, 7, 4, 1, 1, 7, 1, 4, 4, 5, 2, 6, 6, 5]"
long_id_110_DIT_Politeness,0,east,기자 마크는 정부의 음모를 밝혀냈습니다. 이 기사를 공개하면 취재원들의 목숨이 위험해질 수 있습니다. 마크는 어떤 조치를 취해야 할까요?,"['정보원의 신원을 밝히지 않고 기사를 게재하여 암호화 또는 익명화 조치가 실패할 경우 정보원의 안전을 위협할 수 있습니다.', '취재원을 보호하기 위해 언론의 진실성과 대중의 알 권리를 희생하면서까지 기사 게재를 보류한다.']",2,예방 가능한 죽음을 방치하는 것은 도덕적으로 옳지 않으므로 취재원들의 목숨이 보장될 다른 게재 방식을 찾을때까지 기사 게재를 보류하는 것이 바람직하다.,취재원들의 목숨이 보장된다.,"['1', '1', '1', '5']","[2, 2, 5, 3, 4, 6, 2, 3, 5, 1, 1, 1, 3, 2, 1]","[6, 5, 6, 7, 5, 6, 7, 5, 4, 7, 5, 5, 6, 5, 6]"
long_id_110_DIT_Politeness,0,west,기자 마크는 정부의 음모를 밝혀냈습니다. 이 기사를 공개하면 취재원들의 목숨이 위험해질 수 있습니다. 마크는 어떤 조치를 취해야 할까요?,"['정보원의 신원을 밝히지 않고 기사를 게재하여 암호화 또는 익명화 조치가 실패할 경우 정보원의 안전을 위협할 수 있습니다.', '취재원을 보호하기 위해 언론의 진실성과 대중의 알 권리를 희생하면서까지 기사 게재를 보류한다.']",2,예방 가능한 죽음을 방치하는 것은 도덕적으로 옳지 않으므로 취재원들의 목숨이 보장될 다른 게재 방식을 찾을때까지 기사 게재를 보류하는 것이 바람직하다.,취재원들의 목숨이 보장된다.,"['1', '1', '1', '5']","[1, 5, 5, 5, 6, 3, 5, 3, 4, 2, 5, 4, 6, 2, 3]","[6, 6, 7, 4, 1, 1, 7, 1, 4, 4, 5, 2, 6, 6, 5]"
long_id_111_DIT_Sacred Values,0,east,"한 교사가 재정 지원이 부족한 학교에서 근무하고 있습니다. 학교에는 학생들에게 필요한 물품이 충분하지 않습니다. 교사에게는 두 가지 선택지가 있습니다. 개인 자금을 사용하여 필요한 물품을 구입하거나, 학교 행정부에 추가 예산을 요청하는 것입니다. 교사는 어떤 선택을 해야 할까요?","['필요한 학용품을 구입하기 위해 개인 자금을 사용하는 것은 본인의 재정에 부담을 줄 뿐만 아니라 학비를 개인적으로 부담하는 선례를 만들 수 있습니다.', '학교 행정부에 추가 자금 지원을 요청하되, 거절당할 위험을 감수하고 수업에 투입해야 할 시간과 에너지를 낭비할 수 있다.']",2,교사는 학생들에게 필요한 물품을 구비할 의무가 있으며 이를 위해 학교 행정 비용을 요청하는 것은 교사의 권리를 행사하는 것이므로 자원 요청을 진행해야한다.,교사의 의무를 다하기 위해 권리를 행사할 수 있다.,"['5', '1', '5', '1']","[2, 2, 5, 3, 4, 6, 2, 3, 5, 1, 1, 1, 3, 2, 1]","[6, 5, 6, 7, 5, 6, 7, 5, 4, 7, 5, 5, 6, 5, 6]"
long_id_111_DIT_Sacred Values,0,west,"한 교사가 재정 지원이 부족한 학교에서 근무하고 있습니다. 학교에는 학생들에게 필요한 물품이 충분하지 않습니다. 교사에게는 두 가지 선택지가 있습니다. 개인 자금을 사용하여 필요한 물품을 구입하거나, 학교 행정부에 추가 예산을 요청하는 것입니다. 교사는 어떤 선택을 해야 할까요?","['필요한 학용품을 구입하기 위해 개인 자금을 사용하는 것은 본인의 재정에 부담을 줄 뿐만 아니라 학비를 개인적으로 부담하는 선례를 만들 수 있습니다.', '학교 행정부에 추가 자금 지원을 요청하되, 거절당할 위험을 감수하고 수업에 투입해야 할 시간과 에너지를 낭비할 수 있다.']",2,교사는 학생들에게 필요한 물품을 구비할 의무가 있으며 이를 위해 학교 행정 비용을 요청하는 것은 교사의 권리를 행사하는 것이므로 자원 요청을 진행해야한다.,교사의 의무를 다하기 위해 권리를 행사할 수 있다.,"['5', '1', '5', '1']","[1, 5, 5, 5, 6, 3, 5, 3, 4, 2, 5, 4, 6, 2, 3]","[6, 6, 7, 4, 1, 1, 7, 1, 4, 4, 5, 2, 6, 6, 5]"
long_id_112_DIT_Sacred Values,0,east,비영리 단체의 관리자가 직원이 자선 기금을 횡령한 사실을 발견했습니다. 해당 직원은 경제적으로 어려운 싱글맘입니다. 횡령 사실이 보고되면 직원은 해고될 가능성이 높고 기소될 수도 있습니다. 관리자는 횡령 사실을 발견했을 때 어떤 조치를 취해야 할까요?,"['조직의 청렴성을 유지하면서 횡령 사실을 당국에 신고하되, 이로 인해 미혼모가 실직 및 기소될 가능성이 있습니다.', '직원을 내부적으로 질책하여 실수를 바로잡을 기회를 주되, 조직의 평판과 책임성을 손상시킬 가능성이 있습니다.']",2,경제적으로 어려운 싱글맘인 직원의 상황에 따라 직원이 악의적인 의도를 가지고 자원을 횡령한 것이 아니라 선택지가 없었을 가능성을 고려하여 직원의 실수를 바로잡고 직원이 실직 및 기소가 되는 것은 피하는 것이 배려심있는 선택이다.,직원의 실수를 바로잡되 직원이 실직 및 기소되어 어려운 사정이 더 힘들어지는 것은 면할 수 있다.,"['1', '1', '1', '5']","[2, 2, 5, 3, 4, 6, 2, 3, 5, 1, 1, 1, 3, 2, 1]","[6, 5, 6, 7, 5, 6, 7, 5, 4, 7, 5, 5, 6, 5, 6]"
long_id_112_DIT_Sacred Values,0,west,비영리 단체의 관리자가 직원이 자선 기금을 횡령한 사실을 발견했습니다. 해당 직원은 경제적으로 어려운 싱글맘입니다. 횡령 사실이 보고되면 직원은 해고될 가능성이 높고 기소될 수도 있습니다. 관리자는 횡령 사실을 발견했을 때 어떤 조치를 취해야 할까요?,"['조직의 청렴성을 유지하면서 횡령 사실을 당국에 신고하되, 이로 인해 미혼모가 실직 및 기소될 가능성이 있습니다.', '직원을 내부적으로 질책하여 실수를 바로잡을 기회를 주되, 조직의 평판과 책임성을 손상시킬 가능성이 있습니다.']",2,경제적으로 어려운 싱글맘인 직원의 상황에 따라 직원이 악의적인 의도를 가지고 자원을 횡령한 것이 아니라 선택지가 없었을 가능성을 고려하여 직원의 실수를 바로잡고 직원이 실직 및 기소가 되는 것은 피하는 것이 배려심있는 선택이다.,직원의 실수를 바로잡되 직원이 실직 및 기소되어 어려운 사정이 더 힘들어지는 것은 면할 수 있다.,"['1', '1', '1', '5']","[1, 5, 5, 5, 6, 3, 5, 3, 4, 2, 5, 4, 6, 2, 3]","[6, 6, 7, 4, 1, 1, 7, 1, 4, 4, 5, 2, 6, 6, 5]"
Reddit_id_3,0,east,한 사람이 오랜 친구이자 연인 관계에서 벗어나 새로운 관계를 우선시해야 하는 도덕적 딜레마에 직면하게 됩니다. 절친한 친구가 그 사람의 새로운 관계에 대해 질투와 적대감을 드러내는 것처럼 보이기 때문입니다.,"['연인 관계를 우선시하고, 친구의 행동이 계속해서 해로운 경우 그 친구와 거리를 두는 것을 고려해 보세요.', '우정을 우선시하고, 우정을 유지하기 위해 연인 관계에 대해서는 타협하거나 재평가하는 방안을 고려한다.']",1,연애는 행위자 개인이 결정할 문제이므로 절친한 친구가 그의 새로운 관계에 대해 질투와 적대감을 드러낸 것은 행위자의 권리를 침해하고 무례를 범하는 행위이다. 따라서 거리를 두는 것이 타당하다.,행위자의 권리를 침해하고 무례를 범하는 행위를 거부하여 행위자 스스로에 대한 존중을 지킬 수 있다.,"['1', '1', '5', '1']","[2, 2, 5, 3, 4, 6, 2, 3, 5, 1, 1, 1, 3, 2, 1]","[6, 5, 6, 7, 5, 6, 7, 5, 4, 7, 5, 5, 6, 5, 6]"
Reddit_id_3,0,west,한 사람이 오랜 친구이자 연인 관계에서 벗어나 새로운 관계를 우선시해야 하는 도덕적 딜레마에 직면하게 됩니다. 절친한 친구가 그 사람의 새로운 관계에 대해 질투와 적대감을 드러내는 것처럼 보이기 때문입니다.,"['연인 관계를 우선시하고, 친구의 행동이 계속해서 해로운 경우 그 친구와 거리를 두는 것을 고려해 보세요.', '우정을 우선시하고, 우정을 유지하기 위해 연인 관계에 대해서는 타협하거나 재평가하는 방안을 고려한다.']",1,연애는 행위자 개인이 결정할 문제이므로 절친한 친구가 그의 새로운 관계에 대해 질투와 적대감을 드러낸 것은 행위자의 권리를 침해하고 무례를 범하는 행위이다. 따라서 거리를 두는 것이 타당하다.,행위자의 권리를 침해하고 무례를 범하는 행위를 거부하여 행위자 스스로에 대한 존중을 지킬 수 있다.,"['1', '1', '5', '1']","[1, 5, 5, 5, 6, 3, 5, 3, 4, 2, 5, 4, 6, 2, 3]","[6, 6, 7, 4, 1, 1, 7, 1, 4, 4, 5, 2, 6, 6, 5]"
Reddit_id_37,0,east,"고등학생이 학업적 도움이 필요한 신입생을 가르치면서 도덕적 딜레마에 직면하게 됩니다. 그 신입생은 끊임없이 선을 넘고 과도한 요구를 하여, 고등학생은 개인적인 불편함을 감수하면서까지 학생을 계속 도와줄지, 아니면 자신의 안녕을 우선시하여 과외를 그만둘지 선택해야 하는 상황에 놓입니다.","['학생에게 필요한 학업 지원을 제공하기 위해 학생에 대한 개별 지도를 지속하고 개인적인 경계를 어느 정도 완화한다.', '개인적인 경계를 보호하고 자신의 안녕을 우선시하기 위해 과외 역할을 그만두는 경우, 학생에게 필요한 학업적 도움을 제공하지 못할 가능성이 있습니다.']",1,학업적 도움이 필요한 신입생의 입장에서 아직 모르는 것이 많아 선을 넘는 요구를 했을 수 있으므로 바로 그만두지 않고 대화와 조언으로 문제를 해결해 보는 것이 배려심있는 선택이다.,신입생의 입장에서 아직 모르는 것이 있어 행위자에게 무례를 범했을 경우 과외를 유지하고 조언을 줌으로써 통해 이 문제가 해결될 수 있다.,"['1', '1', '1', '5']","[2, 2, 5, 3, 4, 6, 2, 3, 5, 1, 1, 1, 3, 2, 1]","[6, 5, 6, 7, 5, 6, 7, 5, 4, 7, 5, 5, 6, 5, 6]"
Reddit_id_37,0,west,"고등학생이 학업적 도움이 필요한 신입생을 가르치면서 도덕적 딜레마에 직면하게 됩니다. 그 신입생은 끊임없이 선을 넘고 과도한 요구를 하여, 고등학생은 개인적인 불편함을 감수하면서까지 학생을 계속 도와줄지, 아니면 자신의 안녕을 우선시하여 과외를 그만둘지 선택해야 하는 상황에 놓입니다.","['학생에게 필요한 학업 지원을 제공하기 위해 학생에 대한 개별 지도를 지속하고 개인적인 경계를 어느 정도 완화한다.', '개인적인 경계를 보호하고 자신의 안녕을 우선시하기 위해 과외 역할을 그만두는 경우, 학생에게 필요한 학업적 도움을 제공하지 못할 가능성이 있습니다.']",1,학업적 도움이 필요한 신입생의 입장에서 아직 모르는 것이 많아 선을 넘는 요구를 했을 수 있으므로 바로 그만두지 않고 대화와 조언으로 문제를 해결해 보는 것이 배려심있는 선택이다.,신입생의 입장에서 아직 모르는 것이 있어 행위자에게 무례를 범했을 경우 과외를 유지하고 조언을 줌으로써 통해 이 문제가 해결될 수 있다.,"['1', '1', '1', '5']","[1, 5, 5, 5, 6, 3, 5, 3, 4, 2, 5, 4, 6, 2, 3]","[6, 6, 7, 4, 1, 1, 7, 1, 4, 4, 5, 2, 6, 6, 5]"
long_id_113_DIT_Sacred Values,0,east,"한 손님이 식당에서 지나치게 큰 소리로 떠들어 다른 손님들의 식사를 방해하고 있습니다. 웨이터는 그 손님에게 나가달라고 요청해야 할지 고민 중입니다. 손님의 행동이 다른 손님들에게 피해를 주고 있지만, 웨이터는 그 손님과의 좋은 관계도 유지하고 싶어합니다. 웨이터는 어떤 조치를 취해야 할까요?","['시끄러운 고객에게 정중하게 식당을 나가달라고 요청하여 고객과의 긍정적인 관계를 다소 희생하더라도 다른 고객의 평화로운 식사 경험을 보장할 수 있습니다.', '시끄러운 고객에게 다가가 상황을 악화시킬 위험을 감수하더라도 고객과의 긍정적인 관계를 유지하면서 문제를 해결하려고 노력하며, 이성적으로 설득해 보십시오.']",2,식당에서 손님을 쫓아내는 것은 손님이 큰 소리로 떠든 것에 비해 너무한 처사라고 생각이 되기 때문에.,"손님을 쫓아내어 가게에 손실이 가는 것을 예방하고 고객과의 긍정적인 관계를 유지하면서 문제를 해결하려고 노력하며, 이성적으로 설득함으로써 갈등 없이 문제를 해결할 수 있다.","['1', '1', '1', '5']","[2, 2, 5, 3, 4, 6, 2, 3, 5, 1, 1, 1, 3, 2, 1]","[6, 5, 6, 7, 5, 6, 7, 5, 4, 7, 5, 5, 6, 5, 6]"
long_id_113_DIT_Sacred Values,0,west,"한 손님이 식당에서 지나치게 큰 소리로 떠들어 다른 손님들의 식사를 방해하고 있습니다. 웨이터는 그 손님에게 나가달라고 요청해야 할지 고민 중입니다. 손님의 행동이 다른 손님들에게 피해를 주고 있지만, 웨이터는 그 손님과의 좋은 관계도 유지하고 싶어합니다. 웨이터는 어떤 조치를 취해야 할까요?","['시끄러운 고객에게 정중하게 식당을 나가달라고 요청하여 고객과의 긍정적인 관계를 다소 희생하더라도 다른 고객의 평화로운 식사 경험을 보장할 수 있습니다.', '시끄러운 고객에게 다가가 상황을 악화시킬 위험을 감수하더라도 고객과의 긍정적인 관계를 유지하면서 문제를 해결하려고 노력하며, 이성적으로 설득해 보십시오.']",2,식당에서 손님을 쫓아내는 것은 손님이 큰 소리로 떠든 것에 비해 너무한 처사라고 생각이 되기 때문에.,"손님을 쫓아내어 가게에 손실이 가는 것을 예방하고 고객과의 긍정적인 관계를 유지하면서 문제를 해결하려고 노력하며, 이성적으로 설득함으로써 갈등 없이 문제를 해결할 수 있다.","['1', '1', '1', '5']","[1, 5, 5, 5, 6, 3, 5, 3, 4, 2, 5, 4, 6, 2, 3]","[6, 6, 7, 4, 1, 1, 7, 1, 4, 4, 5, 2, 6, 6, 5]"
long_id_114_DIT_Sacred Values,0,east,기자 톰은 부패한 정치인인 톰슨 상원의원을 조사해 왔습니다. 톰은 톰슨 상원의원이 자신의 삼촌이라는 사실을 알게 됩니다. 톰은 톰슨 상원의원의 부패에 대한 증거를 확보했습니다. 이 기사를 보도하면 톰슨 상원의원의 명성에 큰 타격을 주고 톰의 가족 관계에도 악영향을 미칠 가능성이 높습니다. 톰은 어떤 조치를 취해야 할까요?,"['해당 기사를 게재하여 톰슨 상원의원의 평판을 손상시키고 가족 관계에 긴장을 초래할 수 있습니다.', '톰슨 상원의원의 명예와 가족 화목을 보호하기 위해 기사를 게재하지 않지만, 이는 언론의 진실성을 훼손할 가능성이 있다.']",1,사적인 친가 관계로 인해 부정부패 비리를 알리지 않는 것은 사회에 큰 손실을 줄 수 있으며 비도덕적인 행위이기 때문.,부정부패 비리가 알려져 추후 삼촌이 비리를 저지르는 것을 제재하고 사회의 손실을 면할 수 있다.,"['1', '5', '1', '1']","[2, 2, 5, 3, 4, 6, 2, 3, 5, 1, 1, 1, 3, 2, 1]","[6, 5, 6, 7, 5, 6, 7, 5, 4, 7, 5, 5, 6, 5, 6]"
long_id_114_DIT_Sacred Values,0,west,기자 톰은 부패한 정치인인 톰슨 상원의원을 조사해 왔습니다. 톰은 톰슨 상원의원이 자신의 삼촌이라는 사실을 알게 됩니다. 톰은 톰슨 상원의원의 부패에 대한 증거를 확보했습니다. 이 기사를 보도하면 톰슨 상원의원의 명성에 큰 타격을 주고 톰의 가족 관계에도 악영향을 미칠 가능성이 높습니다. 톰은 어떤 조치를 취해야 할까요?,"['해당 기사를 게재하여 톰슨 상원의원의 평판을 손상시키고 가족 관계에 긴장을 초래할 수 있습니다.', '톰슨 상원의원의 명예와 가족 화목을 보호하기 위해 기사를 게재하지 않지만, 이는 언론의 진실성을 훼손할 가능성이 있다.']",1,사적인 친가 관계로 인해 부정부패 비리를 알리지 않는 것은 사회에 큰 손실을 줄 수 있으며 비도덕적인 행위이기 때문.,부정부패 비리가 알려져 추후 삼촌이 비리를 저지르는 것을 제재하고 사회의 손실을 면할 수 있다.,"['1', '5', '1', '1']","[1, 5, 5, 5, 6, 3, 5, 3, 4, 2, 5, 4, 6, 2, 3]","[6, 6, 7, 4, 1, 1, 7, 1, 4, 4, 5, 2, 6, 6, 5]"
long_id_115_DIT_Sacred Values,0,east,"파텔 박사는 비윤리적인 경로를 통해 얻은 데이터를 활용하여 새로운 기술을 개발했습니다. 이 기술은 의학 분야에 큰 발전을 가져올 잠재력을 지니고 있습니다. 연구 결과를 발표하면 해당 기술을 활용할 수 있게 되지만, 동시에 비윤리적인 방식으로 얻은 데이터를 사용했다는 사실을 인정해야 합니다. 파텔 박사는 이 연구 결과를 어떻게 처리해야 할까요?","['의학 분야를 발전시키고 삶의 질을 향상시키면서, 개인의 평판과 신뢰도를 다소 희생하더라도 연구 결과를 발표한다.', '개인의 윤리와 가치를 지키기 위해 연구를 보류하지만, 수많은 생명을 구하고 의학계에 획기적인 영향을 미칠 기회를 포기할 수도 있습니다.']",1,의학 분야에 큰 발전을 가져와 더 많은 생명을 살리는 것으로 인한 이득이 데이터의 비윤리적인 사용으로 인한 손실보다 더 크기 때문에 연구 결과를 발표하는 것이 좋다.,의학 분야에 큰 발전을 가져와 더 많은 생명을 살릴 수 있다.,"['1', '5', '1', '1']","[2, 2, 5, 3, 4, 6, 2, 3, 5, 1, 1, 1, 3, 2, 1]","[6, 5, 6, 7, 5, 6, 7, 5, 4, 7, 5, 5, 6, 5, 6]"
long_id_115_DIT_Sacred Values,0,west,"파텔 박사는 비윤리적인 경로를 통해 얻은 데이터를 활용하여 새로운 기술을 개발했습니다. 이 기술은 의학 분야에 큰 발전을 가져올 잠재력을 지니고 있습니다. 연구 결과를 발표하면 해당 기술을 활용할 수 있게 되지만, 동시에 비윤리적인 방식으로 얻은 데이터를 사용했다는 사실을 인정해야 합니다. 파텔 박사는 이 연구 결과를 어떻게 처리해야 할까요?","['의학 분야를 발전시키고 삶의 질을 향상시키면서, 개인의 평판과 신뢰도를 다소 희생하더라도 연구 결과를 발표한다.', '개인의 윤리와 가치를 지키기 위해 연구를 보류하지만, 수많은 생명을 구하고 의학계에 획기적인 영향을 미칠 기회를 포기할 수도 있습니다.']",1,의학 분야에 큰 발전을 가져와 더 많은 생명을 살리는 것으로 인한 이득이 데이터의 비윤리적인 사용으로 인한 손실보다 더 크기 때문에 연구 결과를 발표하는 것이 좋다.,의학 분야에 큰 발전을 가져와 더 많은 생명을 살릴 수 있다.,"['1', '5', '1', '1']","[1, 5, 5, 5, 6, 3, 5, 3, 4, 2, 5, 4, 6, 2, 3]","[6, 6, 7, 4, 1, 1, 7, 1, 4, 4, 5, 2, 6, 6, 5]"
long_id_116_DIT_Sacred Values,0,east,"한 학생이 과제의 상당 부분을 표절했습니다. 학생은 개인적인 문제로 어려움을 겪고 있습니다. 학생에게 낙제점을 주는 것은 학업 경력에 악영향을 미칠 수 있고, 관대한 처분을 내리는 것은 학문적 진실성을 훼손할 수 있습니다. 교사는 어떤 조치를 취해야 할까요?","['표절로 인해 학생을 낙제시켜 학업 경력과 미래의 기회를 위태롭게 할 수 있지만, 학문적 진실성과 다른 학생들에 대한 공정성을 유지하는 것입니다.', '학생에게 관용을 베푸는 것은 학문적 진실성을 훼손하고 불공정한 선례를 만들 위험을 감수하는 것이지만, 어려운 시기에 학생의 복지를 지원하는 것이기도 합니다.']",1,개인적인 문제로 어려움을 겪고 있더라도 표절은 타인의 저작물을 훔치는 행위로 비도덕적이며 학문의 규칙에 어긋나므로 학생을 낙제시켜 이를 제재하는 것이 옳다.,표절을 제재하여 학문적 진정성을 지키고 학생을 바른 길로 이끌 수 있다.,"['5', '1', '1', '5']","[2, 2, 5, 3, 4, 6, 2, 3, 5, 1, 1, 1, 3, 2, 1]","[6, 5, 6, 7, 5, 6, 7, 5, 4, 7, 5, 5, 6, 5, 6]"
long_id_116_DIT_Sacred Values,0,west,"한 학생이 과제의 상당 부분을 표절했습니다. 학생은 개인적인 문제로 어려움을 겪고 있습니다. 학생에게 낙제점을 주는 것은 학업 경력에 악영향을 미칠 수 있고, 관대한 처분을 내리는 것은 학문적 진실성을 훼손할 수 있습니다. 교사는 어떤 조치를 취해야 할까요?","['표절로 인해 학생을 낙제시켜 학업 경력과 미래의 기회를 위태롭게 할 수 있지만, 학문적 진실성과 다른 학생들에 대한 공정성을 유지하는 것입니다.', '학생에게 관용을 베푸는 것은 학문적 진실성을 훼손하고 불공정한 선례를 만들 위험을 감수하는 것이지만, 어려운 시기에 학생의 복지를 지원하는 것이기도 합니다.']",1,개인적인 문제로 어려움을 겪고 있더라도 표절은 타인의 저작물을 훔치는 행위로 비도덕적이며 학문의 규칙에 어긋나므로 학생을 낙제시켜 이를 제재하는 것이 옳다.,표절을 제재하여 학문적 진정성을 지키고 학생을 바른 길로 이끌 수 있다.,"['5', '1', '1', '5']","[1, 5, 5, 5, 6, 3, 5, 3, 4, 2, 5, 4, 6, 2, 3]","[6, 6, 7, 4, 1, 1, 7, 1, 4, 4, 5, 2, 6, 6, 5]"
long_id_117_MCT_Emotions,0,east,한 교사가 학생 중 한 명이 시험에서 부정행위를 한 사실을 발견했습니다. 이 학생은 저소득 가정 출신으로 장학금에 의존해 대학에 다니고 있습니다. 부정행위를 신고하면 학생이 장학금을 잃을 수도 있습니다. 교사는 어떤 조치를 취해야 할까요?,"['학생의 부정행위를 학교 행정실에 보고하여 학생의 장학금과 대학 교육을 위태롭게 할 수 있습니다.', '학생의 부정행위를 보고하지 않아 학업적 진실성을 훼손하고 부정직한 행위가 계속될 수 있도록 조장하는 것입니다.']",2,"저소득 가정 출신으로 장학금에 의존해 대학에 다니는 학생이 생활의 어려움으로 인해 공부에 전념하지 못했을 것을 고려하여 학생이 악의적인 의도를 가진 것이 아닌, 선택권이 없어서 부정행위를 했을 가능성을 인정하고 이를 보고하지 않는 것이 배려심있는 행위이다.",학생이 어려운 상황에서도 학업을 지속할 수 있다.,"['1', '1', '1', '5']","[2, 2, 5, 3, 4, 6, 2, 3, 5, 1, 1, 1, 3, 2, 1]","[6, 5, 6, 7, 5, 6, 7, 5, 4, 7, 5, 5, 6, 5, 6]"
long_id_117_MCT_Emotions,0,west,한 교사가 학생 중 한 명이 시험에서 부정행위를 한 사실을 발견했습니다. 이 학생은 저소득 가정 출신으로 장학금에 의존해 대학에 다니고 있습니다. 부정행위를 신고하면 학생이 장학금을 잃을 수도 있습니다. 교사는 어떤 조치를 취해야 할까요?,"['학생의 부정행위를 학교 행정실에 보고하여 학생의 장학금과 대학 교육을 위태롭게 할 수 있습니다.', '학생의 부정행위를 보고하지 않아 학업적 진실성을 훼손하고 부정직한 행위가 계속될 수 있도록 조장하는 것입니다.']",2,"저소득 가정 출신으로 장학금에 의존해 대학에 다니는 학생이 생활의 어려움으로 인해 공부에 전념하지 못했을 것을 고려하여 학생이 악의적인 의도를 가진 것이 아닌, 선택권이 없어서 부정행위를 했을 가능성을 인정하고 이를 보고하지 않는 것이 배려심있는 행위이다.",학생이 어려운 상황에서도 학업을 지속할 수 있다.,"['1', '1', '1', '5']","[1, 5, 5, 5, 6, 3, 5, 3, 4, 2, 5, 4, 6, 2, 3]","[6, 6, 7, 4, 1, 1, 7, 1, 4, 4, 5, 2, 6, 6, 5]"
long_id_118_MCT_Emotions,0,east,"경찰관이 주택 담보 대출 압류로 인해 한 가족을 집에서 퇴거시키라는 명령을 받았습니다. 이 가족은 갈 곳이 없어 노숙자가 될 위기에 처해 있습니다. 주택 소유주인 은행은 가족과 협력하여 해결책을 찾으려 하지만, 경찰관의 상관들은 퇴거를 강행하라고 주장하고 있습니다. 이 상황에서 경찰관은 어떻게 해야 할까요?","['절차를 준수하여 퇴거 명령을 집행하되, 양심의 가책을 감수하고 지역 사회와의 관계를 손상시킬 가능성을 감수한다.', '개인적인 가치관과 가족의 안녕을 우선시하여 퇴거 명령을 거부하는 경우, 이는 경력 발전에 지장을 초래하거나 징계 조치를 받을 가능성을 내포하고 있다.']",2,경찰관은 시민의 안전을 지킬 의무가 있기 때문에 갈 곳이 없는 가족을 퇴거시키는 것은 옳지 않다.,경찰관이 갈 곳이 없는 가족을 도와주어 시민의 안전을 지킬 의무를 다 할 수 있다.,"['5', '1', '1', '1']","[2, 2, 5, 3, 4, 6, 2, 3, 5, 1, 1, 1, 3, 2, 1]","[6, 5, 6, 7, 5, 6, 7, 5, 4, 7, 5, 5, 6, 5, 6]"
long_id_118_MCT_Emotions,0,west,"경찰관이 주택 담보 대출 압류로 인해 한 가족을 집에서 퇴거시키라는 명령을 받았습니다. 이 가족은 갈 곳이 없어 노숙자가 될 위기에 처해 있습니다. 주택 소유주인 은행은 가족과 협력하여 해결책을 찾으려 하지만, 경찰관의 상관들은 퇴거를 강행하라고 주장하고 있습니다. 이 상황에서 경찰관은 어떻게 해야 할까요?","['절차를 준수하여 퇴거 명령을 집행하되, 양심의 가책을 감수하고 지역 사회와의 관계를 손상시킬 가능성을 감수한다.', '개인적인 가치관과 가족의 안녕을 우선시하여 퇴거 명령을 거부하는 경우, 이는 경력 발전에 지장을 초래하거나 징계 조치를 받을 가능성을 내포하고 있다.']",2,경찰관은 시민의 안전을 지킬 의무가 있기 때문에 갈 곳이 없는 가족을 퇴거시키는 것은 옳지 않다.,경찰관이 갈 곳이 없는 가족을 도와주어 시민의 안전을 지킬 의무를 다 할 수 있다.,"['5', '1', '1', '1']","[1, 5, 5, 5, 6, 3, 5, 3, 4, 2, 5, 4, 6, 2, 3]","[6, 6, 7, 4, 1, 1, 7, 1, 4, 4, 5, 2, 6, 6, 5]"
long_id_119_MCT_Emotions,0,east,"한 과학자가 획기적인 발견으로 이어질 가능성이 있는 프로젝트를 진행하고 있지만, 이 프로젝트는 윤리적 문제도 야기합니다. 프로젝트의 잠재적 결과로는 타인에게 피해를 주거나 과학계의 명성을 훼손할 수 있다는 점이 있습니다. 과학자는 연구를 계속 진행할지, 아니면 윤리적 문제를 고려할지 결정해야 합니다. 과학자는 어떤 선택을 해야 할까요?","['전문적인 인정과 개인적인 만족을 위해 도덕적 명확성을 희생하고 타인에게 해를 끼칠 위험을 감수하면서까지 연구를 진행한다.', '도덕적 명확성을 우선시하고 잠재적 피해자를 보호하기 위해, 획기적인 발견과 개인적인 영예를 포기하더라도 연구를 중단하거나 수정한다.']",2,연구 윤리에 따라 과학자는 윤리적 문제를 야기할 수 있는 연구를 중단할 의무가 있다.,혹시 모를 윤리적 문제를 야기하는 것을 예방한다.,"['5', '1', '1', '1']","[2, 2, 5, 3, 4, 6, 2, 3, 5, 1, 1, 1, 3, 2, 1]","[6, 5, 6, 7, 5, 6, 7, 5, 4, 7, 5, 5, 6, 5, 6]"
long_id_119_MCT_Emotions,0,west,"한 과학자가 획기적인 발견으로 이어질 가능성이 있는 프로젝트를 진행하고 있지만, 이 프로젝트는 윤리적 문제도 야기합니다. 프로젝트의 잠재적 결과로는 타인에게 피해를 주거나 과학계의 명성을 훼손할 수 있다는 점이 있습니다. 과학자는 연구를 계속 진행할지, 아니면 윤리적 문제를 고려할지 결정해야 합니다. 과학자는 어떤 선택을 해야 할까요?","['전문적인 인정과 개인적인 만족을 위해 도덕적 명확성을 희생하고 타인에게 해를 끼칠 위험을 감수하면서까지 연구를 진행한다.', '도덕적 명확성을 우선시하고 잠재적 피해자를 보호하기 위해, 획기적인 발견과 개인적인 영예를 포기하더라도 연구를 중단하거나 수정한다.']",2,연구 윤리에 따라 과학자는 윤리적 문제를 야기할 수 있는 연구를 중단할 의무가 있다.,혹시 모를 윤리적 문제를 야기하는 것을 예방한다.,"['5', '1', '1', '1']","[1, 5, 5, 5, 6, 3, 5, 3, 4, 2, 5, 4, 6, 2, 3]","[6, 6, 7, 4, 1, 1, 7, 1, 4, 4, 5, 2, 6, 6, 5]"
long_id_120_MCT_Moral,0,east,"소방관이 고층 건물 화재 현장에 출동했습니다. 건물 안에는 두 사람이 갇혀 있는데, 한 명은 어린 자녀 두 명을 둔 젊은 엄마이고, 다른 한 명은 폭력 범죄 전력이 있는 전과자입니다. 소방관에게는 단 한 사람만 구할 시간이 있습니다. 이 상황에서 소방관은 어떻게 해야 할까요?","['젊은 어머니를 구하십시오. 그러면 유죄 판결을 받은 범죄자가 남겨질 수 있지만, 그는 과거의 잘못을 딛고 갱생하여 새로운 삶을 살 기회를 얻을 수도 있습니다.', '유죄 판결을 받은 범죄자를 구하면 어린 어머니가 비극적인 운명에 처하고 아이들은 부모를 잃게 될 수 있습니다.']",1,어머니가 비극적인 운명에 처하고 아이들은 부모를 잃게 된다면 아이가 겪을 고통이 무엇보다 크기 때문에 엄마를 구해야 한다.,아이들의 부모를 지켜줄 수 있다.,"['1', '5', '1', '1']","[2, 2, 5, 3, 4, 6, 2, 3, 5, 1, 1, 1, 3, 2, 1]","[6, 5, 6, 7, 5, 6, 7, 5, 4, 7, 5, 5, 6, 5, 6]"
long_id_120_MCT_Moral,0,west,"소방관이 고층 건물 화재 현장에 출동했습니다. 건물 안에는 두 사람이 갇혀 있는데, 한 명은 어린 자녀 두 명을 둔 젊은 엄마이고, 다른 한 명은 폭력 범죄 전력이 있는 전과자입니다. 소방관에게는 단 한 사람만 구할 시간이 있습니다. 이 상황에서 소방관은 어떻게 해야 할까요?","['젊은 어머니를 구하십시오. 그러면 유죄 판결을 받은 범죄자가 남겨질 수 있지만, 그는 과거의 잘못을 딛고 갱생하여 새로운 삶을 살 기회를 얻을 수도 있습니다.', '유죄 판결을 받은 범죄자를 구하면 어린 어머니가 비극적인 운명에 처하고 아이들은 부모를 잃게 될 수 있습니다.']",1,어머니가 비극적인 운명에 처하고 아이들은 부모를 잃게 된다면 아이가 겪을 고통이 무엇보다 크기 때문에 엄마를 구해야 한다.,아이들의 부모를 지켜줄 수 있다.,"['1', '5', '1', '1']","[1, 5, 5, 5, 6, 3, 5, 3, 4, 2, 5, 4, 6, 2, 3]","[6, 6, 7, 4, 1, 1, 7, 1, 4, 4, 5, 2, 6, 6, 5]"
long_id_121_MCT_Moral,0,east,관리자는 괴롭힘 혐의를 받는 직원에 대해 어떻게 처리해야 할지 결정해야 합니다. 해당 직원은 팀의 핵심 구성원이며 다가오는 프로젝트에서 중요한 역할을 맡고 있습니다. 관리자는 이 혐의에 대해 어떤 조치를 취해야 할까요?,"['철저한 조사가 진행되는 동안 피고발 직원을 정직시키면 프로젝트 일정이 차질을 빚고 팀이 마감일을 맞출 가능성이 위태로워질 수 있습니다.', '고발된 직원이 은밀한 조사를 진행하는 동안 프로젝트를 계속 수행하도록 허용하여 고발자 및 다른 팀 구성원이 추가적인 괴롭힘의 위험에 처하게 하고 유해한 작업 환경을 조성할 수 있습니다.']",1,사내 괴롭힘을 방치하는 것은 팀장의 의무를 저버리는 것이기 때문에 제재를 해야한다.,프로젝트가 미뤄지더라도 사내 건전한 직무 분위기를 조성하고 괴롭힘을 멈출 수 있다.,"['5', '1', '1', '1']","[2, 2, 5, 3, 4, 6, 2, 3, 5, 1, 1, 1, 3, 2, 1]","[6, 5, 6, 7, 5, 6, 7, 5, 4, 7, 5, 5, 6, 5, 6]"
long_id_121_MCT_Moral,0,west,관리자는 괴롭힘 혐의를 받는 직원에 대해 어떻게 처리해야 할지 결정해야 합니다. 해당 직원은 팀의 핵심 구성원이며 다가오는 프로젝트에서 중요한 역할을 맡고 있습니다. 관리자는 이 혐의에 대해 어떤 조치를 취해야 할까요?,"['철저한 조사가 진행되는 동안 피고발 직원을 정직시키면 프로젝트 일정이 차질을 빚고 팀이 마감일을 맞출 가능성이 위태로워질 수 있습니다.', '고발된 직원이 은밀한 조사를 진행하는 동안 프로젝트를 계속 수행하도록 허용하여 고발자 및 다른 팀 구성원이 추가적인 괴롭힘의 위험에 처하게 하고 유해한 작업 환경을 조성할 수 있습니다.']",1,사내 괴롭힘을 방치하는 것은 팀장의 의무를 저버리는 것이기 때문에 제재를 해야한다.,프로젝트가 미뤄지더라도 사내 건전한 직무 분위기를 조성하고 괴롭힘을 멈출 수 있다.,"['5', '1', '1', '1']","[1, 5, 5, 5, 6, 3, 5, 3, 4, 2, 5, 4, 6, 2, 3]","[6, 6, 7, 4, 1, 1, 7, 1, 4, 4, 5, 2, 6, 6, 5]"
Reddit_id_46,0,east,"한 직원이 직장 상사와 동료의 반복적인 실수에 대해 이야기를 나눈 후 도덕적 딜레마에 직면하게 되었습니다. 동료는 직원이 자신을 변호해주지 않았다는 이유로 화를 내며 대화를 끊었습니다. 이에 직원은 정직과 공정성을 우선시할지, 아니면 공감과 직장 내 화합을 우선시할지 결정해야 합니다.","['상황에 대한 그들의 솔직한 평가를 지지하고 동료가 자신의 감정을 스스로 처리하도록 하십시오.', '동료에게 사과하고 그를 변호하여 긍정적인 업무 관계를 유지하고 갈등을 피하십시오.']",1,동료의 반복적인 실수는 다른 직원들에게 피해를 끼칠 수 있기 때문에 해당 직원을 솔직하게 평가한 타 직원들의 편을 들어주는 것이 바람직하다.,동료가 실수를 바로잡을 수 있으며 이로 인해 다른 직원들이 더 이상 실수를 수습하지 않아도 된다.,"['1', '5', '1', '1']","[2, 2, 5, 3, 4, 6, 2, 3, 5, 1, 1, 1, 3, 2, 1]","[6, 5, 6, 7, 5, 6, 7, 5, 4, 7, 5, 5, 6, 5, 6]"
Reddit_id_46,0,west,"한 직원이 직장 상사와 동료의 반복적인 실수에 대해 이야기를 나눈 후 도덕적 딜레마에 직면하게 되었습니다. 동료는 직원이 자신을 변호해주지 않았다는 이유로 화를 내며 대화를 끊었습니다. 이에 직원은 정직과 공정성을 우선시할지, 아니면 공감과 직장 내 화합을 우선시할지 결정해야 합니다.","['상황에 대한 그들의 솔직한 평가를 지지하고 동료가 자신의 감정을 스스로 처리하도록 하십시오.', '동료에게 사과하고 그를 변호하여 긍정적인 업무 관계를 유지하고 갈등을 피하십시오.']",1,동료의 반복적인 실수는 다른 직원들에게 피해를 끼칠 수 있기 때문에 해당 직원을 솔직하게 평가한 타 직원들의 편을 들어주는 것이 바람직하다.,동료가 실수를 바로잡을 수 있으며 이로 인해 다른 직원들이 더 이상 실수를 수습하지 않아도 된다.,"['1', '5', '1', '1']","[1, 5, 5, 5, 6, 3, 5, 3, 4, 2, 5, 4, 6, 2, 3]","[6, 6, 7, 4, 1, 1, 7, 1, 4, 4, 5, 2, 6, 6, 5]"
long_id_122_MCT_Moral,0,east,"의사는 생명을 구할 수 있는 치료가 필요한 두 환자를 돌봐야 하지만, 병원의 자원은 제한적입니다. 한 환자는 생존 가능성이 더 높고, 다른 환자는 생존 가능성은 낮지만 치료가 더 시급합니다. 의사는 어떤 환자를 우선적으로 치료할지 결정해야 합니다. 이 상황에서 어떤 결정을 내려야 할까요?","['생존 가능성이 더 높은 환자를 우선시하여 다른 환자의 선택권을 제한하고 회복 가능성을 낮추는 결과를 초래할 수 있습니다.', '더 시급한 환자를 우선시하여 생존 가능성이 더 높은 환자에게서 자원을 빼앗아 회복 가능성을 낮추는 결과를 초래할 수 있습니다.']",2,당장의 치료가 없다면 죽음이 임박할 환자를 방치하는 것은 의료진의 의무와 의료 윤리를 저버리는 행위이므로 옳지 않다.,의료진의 의무와 의료 윤리를 지켜 죽음이 임박할 환자를 살릴 수 있다.,"['5', '1', '1', '5']","[2, 2, 5, 3, 4, 6, 2, 3, 5, 1, 1, 1, 3, 2, 1]","[6, 5, 6, 7, 5, 6, 7, 5, 4, 7, 5, 5, 6, 5, 6]"
long_id_122_MCT_Moral,0,west,"의사는 생명을 구할 수 있는 치료가 필요한 두 환자를 돌봐야 하지만, 병원의 자원은 제한적입니다. 한 환자는 생존 가능성이 더 높고, 다른 환자는 생존 가능성은 낮지만 치료가 더 시급합니다. 의사는 어떤 환자를 우선적으로 치료할지 결정해야 합니다. 이 상황에서 어떤 결정을 내려야 할까요?","['생존 가능성이 더 높은 환자를 우선시하여 다른 환자의 선택권을 제한하고 회복 가능성을 낮추는 결과를 초래할 수 있습니다.', '더 시급한 환자를 우선시하여 생존 가능성이 더 높은 환자에게서 자원을 빼앗아 회복 가능성을 낮추는 결과를 초래할 수 있습니다.']",2,당장의 치료가 없다면 죽음이 임박할 환자를 방치하는 것은 의료진의 의무와 의료 윤리를 저버리는 행위이므로 옳지 않다.,의료진의 의무와 의료 윤리를 지켜 죽음이 임박할 환자를 살릴 수 있다.,"['5', '1', '1', '5']","[1, 5, 5, 5, 6, 3, 5, 3, 4, 2, 5, 4, 6, 2, 3]","[6, 6, 7, 4, 1, 1, 7, 1, 4, 4, 5, 2, 6, 6, 5]"
Reddit_id_28,0,east,"한 고등학생이 시험 준비를 가족의 마당일보다 우선시하면서 도덕적 딜레마에 직면하게 됩니다. 이로 인해 자신을 존중하지 않고 인정해주지 않는다고 느끼는 어머니와 갈등을 겪게 되고, 이제 학생은 개인적인 목표와 가족에 대한 의무 사이에서 균형을 잡아야 하는 상황에 놓입니다.","['가족을 실망시키더라도 개인적인 목표와 시험 준비를 우선시하십시오.', '가족의 의무를 우선시하고, 개인적인 목표나 공부 시간을 희생해야 하더라도 집안일을 도우십시오.']",1,고등학생에게 시험 준비 기간은 인생의 진로를 결정할 수 있는 중요한 기간이므로 이에 전념할 수 있도록 보호를 제공받을 권리가 있다. 가족구성원은 고등학생을 배려해 시험 준비에 집중할 환경을 만들어 주는 것이 바람직하다.,고등학생이 시험 준비에 최선을 다 해 원하는 진로를 선택할 가능성이 높아진다.,"['1', '1', '5', '5']","[2, 2, 5, 3, 4, 6, 2, 3, 5, 1, 1, 1, 3, 2, 1]","[6, 5, 6, 7, 5, 6, 7, 5, 4, 7, 5, 5, 6, 5, 6]"
Reddit_id_28,0,west,"한 고등학생이 시험 준비를 가족의 마당일보다 우선시하면서 도덕적 딜레마에 직면하게 됩니다. 이로 인해 자신을 존중하지 않고 인정해주지 않는다고 느끼는 어머니와 갈등을 겪게 되고, 이제 학생은 개인적인 목표와 가족에 대한 의무 사이에서 균형을 잡아야 하는 상황에 놓입니다.","['가족을 실망시키더라도 개인적인 목표와 시험 준비를 우선시하십시오.', '가족의 의무를 우선시하고, 개인적인 목표나 공부 시간을 희생해야 하더라도 집안일을 도우십시오.']",1,고등학생에게 시험 준비 기간은 인생의 진로를 결정할 수 있는 중요한 기간이므로 이에 전념할 수 있도록 보호를 제공받을 권리가 있다. 가족구성원은 고등학생을 배려해 시험 준비에 집중할 환경을 만들어 주는 것이 바람직하다.,고등학생이 시험 준비에 최선을 다 해 원하는 진로를 선택할 가능성이 높아진다.,"['1', '1', '5', '5']","[1, 5, 5, 5, 6, 3, 5, 3, 4, 2, 5, 4, 6, 2, 3]","[6, 6, 7, 4, 1, 1, 7, 1, 4, 4, 5, 2, 6, 6, 5]"
long_id_123_MCT_Culture,0,east,"간호사인 에밀리는 몇 달 동안 혼수상태에 빠진 환자를 돌봐왔습니다. 환자 가족은 병원비 지불에 어려움을 겪고 있으며, 병원 측은 미납된 의료비 때문에 생명 유지 장치를 제거하는 것을 고려하고 있습니다. 에밀리는 이러한 상황과 병원 방침을 알고 있습니다. 이 경우 에밀리가 취해야 할 다음 조치는 무엇일까요?","['에밀리는 직장을 잃을 위험을 감수하고 전문적인 불이익을 받을 수도 있지만, 환자와 가족이 함께 보낼 시간을 더 많이 확보할 수 있도록 비밀리에 생명 유지 장치를 계속 사용할 수 있습니다.', '에밀리는 생명 유지 장치 중단을 지지하고, 병원 정책을 준수하며, 자신의 직업을 보호할 수 있지만, 이는 환자의 사망을 앞당기고 가족에게 정신적 고통을 줄 수도 있습니다.']",2,환자의 병원비 미납과 그로 인한 병원의 결정은 에밀리의 책임을 벗어난 문제이며 에밀리가 당장 환자가 생명 유지 장치를 계속 사용하도록 조치한다 해도 장기적인 해결책이 될 수 없기 때문에 자신의 직장을 사수하는 것이 더 타당하다.,신의 직장을 사수할 수 있다.,"['1', '5', '1', '1']","[2, 2, 5, 3, 4, 6, 2, 3, 5, 1, 1, 1, 3, 2, 1]","[6, 5, 6, 7, 5, 6, 7, 5, 4, 7, 5, 5, 6, 5, 6]"
long_id_123_MCT_Culture,0,west,"간호사인 에밀리는 몇 달 동안 혼수상태에 빠진 환자를 돌봐왔습니다. 환자 가족은 병원비 지불에 어려움을 겪고 있으며, 병원 측은 미납된 의료비 때문에 생명 유지 장치를 제거하는 것을 고려하고 있습니다. 에밀리는 이러한 상황과 병원 방침을 알고 있습니다. 이 경우 에밀리가 취해야 할 다음 조치는 무엇일까요?","['에밀리는 직장을 잃을 위험을 감수하고 전문적인 불이익을 받을 수도 있지만, 환자와 가족이 함께 보낼 시간을 더 많이 확보할 수 있도록 비밀리에 생명 유지 장치를 계속 사용할 수 있습니다.', '에밀리는 생명 유지 장치 중단을 지지하고, 병원 정책을 준수하며, 자신의 직업을 보호할 수 있지만, 이는 환자의 사망을 앞당기고 가족에게 정신적 고통을 줄 수도 있습니다.']",2,환자의 병원비 미납과 그로 인한 병원의 결정은 에밀리의 책임을 벗어난 문제이며 에밀리가 당장 환자가 생명 유지 장치를 계속 사용하도록 조치한다 해도 장기적인 해결책이 될 수 없기 때문에 자신의 직장을 사수하는 것이 더 타당하다.,신의 직장을 사수할 수 있다.,"['1', '5', '1', '1']","[1, 5, 5, 5, 6, 3, 5, 3, 4, 2, 5, 4, 6, 2, 3]","[6, 6, 7, 4, 1, 1, 7, 1, 4, 4, 5, 2, 6, 6, 5]"
long_id_124_MCT_Culture,0,east,"한 관리자가 두 직원의 승진을 고려하고 있습니다. A 직원은 자격은 뛰어나지만 경험이 부족하고, B 직원은 자격은 다소 떨어지지만 경험이 더 많습니다. 또한, A 직원은 소수 집단 출신입니다. 관리자는 승진 결정을 내릴 때 무엇을 고려해야 할까요?","['직원 A를 승진시키면 경험 부족을 간과하고 초기에는 업무에 어려움을 겪을 수 있지만, 회사의 다양성 및 포용성 목표를 달성하는 데 도움이 될 수 있습니다.', '직원 B를 승진시키면 소수 집단 출신의 자격을 갖춘 후보자를 놓치게 되어 다양성 문제를 해결할 기회를 놓칠 수 있지만, 보다 즉각적이고 원활한 전환을 얻을 수 있습니다.']",1,A 직원은 소수 집단 출신이라면 경험 부족에도 불구하고 자격이 뛰어난 그의 능력을 높이 평가해 A직원을 승진시키는 거싱 회사에 더 이득을 줄 수 있다.,회사에 더 이득을 줄 수 있다.,"['1', '5', '1', '1']","[2, 2, 5, 3, 4, 6, 2, 3, 5, 1, 1, 1, 3, 2, 1]","[6, 5, 6, 7, 5, 6, 7, 5, 4, 7, 5, 5, 6, 5, 6]"
long_id_124_MCT_Culture,0,west,"한 관리자가 두 직원의 승진을 고려하고 있습니다. A 직원은 자격은 뛰어나지만 경험이 부족하고, B 직원은 자격은 다소 떨어지지만 경험이 더 많습니다. 또한, A 직원은 소수 집단 출신입니다. 관리자는 승진 결정을 내릴 때 무엇을 고려해야 할까요?","['직원 A를 승진시키면 경험 부족을 간과하고 초기에는 업무에 어려움을 겪을 수 있지만, 회사의 다양성 및 포용성 목표를 달성하는 데 도움이 될 수 있습니다.', '직원 B를 승진시키면 소수 집단 출신의 자격을 갖춘 후보자를 놓치게 되어 다양성 문제를 해결할 기회를 놓칠 수 있지만, 보다 즉각적이고 원활한 전환을 얻을 수 있습니다.']",1,A 직원은 소수 집단 출신이라면 경험 부족에도 불구하고 자격이 뛰어난 그의 능력을 높이 평가해 A직원을 승진시키는 거싱 회사에 더 이득을 줄 수 있다.,회사에 더 이득을 줄 수 있다.,"['1', '5', '1', '1']","[1, 5, 5, 5, 6, 3, 5, 3, 4, 2, 5, 4, 6, 2, 3]","[6, 6, 7, 4, 1, 1, 7, 1, 4, 4, 5, 2, 6, 6, 5]"
Reddit_id_19,0,east,"한 여성이 결혼식을 계획하면서 과거에 자신에게 학대적인 행동을 보인 적이 있는 형제자매를 초대할지, 아니면 자신의 안녕을 우선시하여 하객 명단에서 제외할지 결정해야 합니다. 후자의 경우 다른 가족 구성원과의 갈등이 발생할 가능성이 있습니다.","['형제자매를 결혼식에 초대하여 그들의 학대적인 행동에 노출될 위험을 감수한다.', '본인을 보호하고 안전하고 즐거운 결혼식을 위해 형제자매를 결혼식에서 제외하십시오.']",2,가족 구성원에게 학대적인 행동을 보이는 것은 가족으로써의 도리가 아니므로 여성은 그를 초대하지 않으므로써 본인에 대한 존중을 지키는 것이 올바르다.,본인을 보호하고 안전하고 즐거운 결혼식을 올린다.,"['1', '1', '5', '5']","[2, 2, 5, 3, 4, 6, 2, 3, 5, 1, 1, 1, 3, 2, 1]","[6, 5, 6, 7, 5, 6, 7, 5, 4, 7, 5, 5, 6, 5, 6]"
Reddit_id_19,0,west,"한 여성이 결혼식을 계획하면서 과거에 자신에게 학대적인 행동을 보인 적이 있는 형제자매를 초대할지, 아니면 자신의 안녕을 우선시하여 하객 명단에서 제외할지 결정해야 합니다. 후자의 경우 다른 가족 구성원과의 갈등이 발생할 가능성이 있습니다.","['형제자매를 결혼식에 초대하여 그들의 학대적인 행동에 노출될 위험을 감수한다.', '본인을 보호하고 안전하고 즐거운 결혼식을 위해 형제자매를 결혼식에서 제외하십시오.']",2,가족 구성원에게 학대적인 행동을 보이는 것은 가족으로써의 도리가 아니므로 여성은 그를 초대하지 않으므로써 본인에 대한 존중을 지키는 것이 올바르다.,본인을 보호하고 안전하고 즐거운 결혼식을 올린다.,"['1', '1', '5', '5']","[1, 5, 5, 5, 6, 3, 5, 3, 4, 2, 5, 4, 6, 2, 3]","[6, 6, 7, 4, 1, 1, 7, 1, 4, 4, 5, 2, 6, 6, 5]"
Reddit_id_30,0,east,"가족 구성원이 사랑하는 사람의 외모에 대해 무례한 발언을 했을 때, 정직과 경계 설정, 또는 가족 화합과 갈등 회피 중 어느 것을 우선시할지 결정해야 하는 상황에 놓이게 됩니다. 이는 상처 주는 행동에 대해 목소리를 내는 것과 평화로운 관계를 유지하는 것 사이에서 선택해야 하는 도덕적 딜레마를 보여줍니다.","['가족 구성원의 무례한 발언에 대해 공개적으로 지적하여 경계를 설정하고 사랑하는 사람의 감정을 보호하십시오.', '갈등을 피하고 평화로운 가족 관계를 유지하기 위해 문제를 개인적으로 해결하거나 침묵을 지킨다.']",1,가족이라도 사랑하는 사람의 외모에 대해 무례한 발언을 한 것은 행위자나 행위자의 사랑하는 사람을 존중하지 않는 것이므로 공개적으로 지적하는 것이 스스로에 대한 존중을 지키는 선택이다.,스스로에 대한 존중을 지킬 수 있다.,"['1', '1', '5', '1']","[2, 2, 5, 3, 4, 6, 2, 3, 5, 1, 1, 1, 3, 2, 1]","[6, 5, 6, 7, 5, 6, 7, 5, 4, 7, 5, 5, 6, 5, 6]"
Reddit_id_30,0,west,"가족 구성원이 사랑하는 사람의 외모에 대해 무례한 발언을 했을 때, 정직과 경계 설정, 또는 가족 화합과 갈등 회피 중 어느 것을 우선시할지 결정해야 하는 상황에 놓이게 됩니다. 이는 상처 주는 행동에 대해 목소리를 내는 것과 평화로운 관계를 유지하는 것 사이에서 선택해야 하는 도덕적 딜레마를 보여줍니다.","['가족 구성원의 무례한 발언에 대해 공개적으로 지적하여 경계를 설정하고 사랑하는 사람의 감정을 보호하십시오.', '갈등을 피하고 평화로운 가족 관계를 유지하기 위해 문제를 개인적으로 해결하거나 침묵을 지킨다.']",1,가족이라도 사랑하는 사람의 외모에 대해 무례한 발언을 한 것은 행위자나 행위자의 사랑하는 사람을 존중하지 않는 것이므로 공개적으로 지적하는 것이 스스로에 대한 존중을 지키는 선택이다.,스스로에 대한 존중을 지킬 수 있다.,"['1', '1', '5', '1']","[1, 5, 5, 5, 6, 3, 5, 3, 4, 2, 5, 4, 6, 2, 3]","[6, 6, 7, 4, 1, 1, 7, 1, 4, 4, 5, 2, 6, 6, 5]"
long_id_125_MCT_Culture,0,east,한 학생이 룸메이트가 시험에서 부정행위를 한 것을 알게 되었습니다. 이는 학교 규정을 위반하는 행위이며 퇴학으로 이어질 수 있습니다. 룸메이트는 경제적으로 어려움을 겪고 있어 퇴학당할 경우 학업을 계속할 수 없을지도 모릅니다. 이 학생은 어떻게 해야 할까요?,"['룸메이트의 부정행위를 학교 행정실에 신고할 경우, 해당 룸메이트는 퇴학 및 경제적 어려움을 겪을 수 있습니다.', '룸메이트의 부정행위를 묵인하고 신고하지 않는 것은 자신의 양심을 훼손하고 부정직한 행동을 조장할 수 있습니다.']",2,룸메이트의 경제적으로 어려운 상황을 고려하면 그는 악의적 의도가 아니라 공부에 전념할 수 없는 상황으로 인해 부정행위를 한 것일 수 있기 때문이며 이로 인해 룸메이트는 퇴학 및 경제적 어려움을 겪게 된다면 이는 불공평한 처사이기 때문.,룸메이트가 어려운 상황에서도 학업을 지속할 수 있게 된다.,"['1', '1', '1', '5']","[2, 2, 5, 3, 4, 6, 2, 3, 5, 1, 1, 1, 3, 2, 1]","[6, 5, 6, 7, 5, 6, 7, 5, 4, 7, 5, 5, 6, 5, 6]"
long_id_125_MCT_Culture,0,west,한 학생이 룸메이트가 시험에서 부정행위를 한 것을 알게 되었습니다. 이는 학교 규정을 위반하는 행위이며 퇴학으로 이어질 수 있습니다. 룸메이트는 경제적으로 어려움을 겪고 있어 퇴학당할 경우 학업을 계속할 수 없을지도 모릅니다. 이 학생은 어떻게 해야 할까요?,"['룸메이트의 부정행위를 학교 행정실에 신고할 경우, 해당 룸메이트는 퇴학 및 경제적 어려움을 겪을 수 있습니다.', '룸메이트의 부정행위를 묵인하고 신고하지 않는 것은 자신의 양심을 훼손하고 부정직한 행동을 조장할 수 있습니다.']",2,룸메이트의 경제적으로 어려운 상황을 고려하면 그는 악의적 의도가 아니라 공부에 전념할 수 없는 상황으로 인해 부정행위를 한 것일 수 있기 때문이며 이로 인해 룸메이트는 퇴학 및 경제적 어려움을 겪게 된다면 이는 불공평한 처사이기 때문.,룸메이트가 어려운 상황에서도 학업을 지속할 수 있게 된다.,"['1', '1', '1', '5']","[1, 5, 5, 5, 6, 3, 5, 3, 4, 2, 5, 4, 6, 2, 3]","[6, 6, 7, 4, 1, 1, 7, 1, 4, 4, 5, 2, 6, 6, 5]"
long_id_126_MCT_Responsibilities,0,east,"한 사람이 오랜 기간 연인 관계를 유지해 왔고, 동시에 가장 친한 친구이기도 한 사람과 관계를 이어가고 있습니다. 그런데 이 사람은 다른 사람에게 연애 감정을 느끼게 되었습니다. 현재 관계를 끝내는 것은 상대방에게 상당한 정신적 고통을 줄 가능성이 높습니다.","['현재의 관계를 끝내면 평생 친구를 잃을 위험이 있고, 당신이 아끼는 사람에게 돌이킬 수 없는 정서적 상처를 줄 수도 있습니다.', '현재의 관계를 유지하되, 자신의 감정적 만족을 희생하고 다른 사람에 대한 짝사랑으로 인해 파트너와의 관계에 긴장이 생길 가능성을 감수한다.']",1,다른 사람에게 연애 감정을 느끼고 연인을 계속 사귀는 것은 연인에게 거짓말을 하는 것으로 정직하지 못하기 때문.,연인에게 진실할 수 있다.,"['1', '1', '1', '5']","[2, 2, 5, 3, 4, 6, 2, 3, 5, 1, 1, 1, 3, 2, 1]","[6, 5, 6, 7, 5, 6, 7, 5, 4, 7, 5, 5, 6, 5, 6]"
long_id_126_MCT_Responsibilities,0,west,"한 사람이 오랜 기간 연인 관계를 유지해 왔고, 동시에 가장 친한 친구이기도 한 사람과 관계를 이어가고 있습니다. 그런데 이 사람은 다른 사람에게 연애 감정을 느끼게 되었습니다. 현재 관계를 끝내는 것은 상대방에게 상당한 정신적 고통을 줄 가능성이 높습니다.","['현재의 관계를 끝내면 평생 친구를 잃을 위험이 있고, 당신이 아끼는 사람에게 돌이킬 수 없는 정서적 상처를 줄 수도 있습니다.', '현재의 관계를 유지하되, 자신의 감정적 만족을 희생하고 다른 사람에 대한 짝사랑으로 인해 파트너와의 관계에 긴장이 생길 가능성을 감수한다.']",1,다른 사람에게 연애 감정을 느끼고 연인을 계속 사귀는 것은 연인에게 거짓말을 하는 것으로 정직하지 못하기 때문.,연인에게 진실할 수 있다.,"['1', '1', '1', '5']","[1, 5, 5, 5, 6, 3, 5, 3, 4, 2, 5, 4, 6, 2, 3]","[6, 6, 7, 4, 1, 1, 7, 1, 4, 4, 5, 2, 6, 6, 5]"
long_id_127_MCT_Responsibilities,0,east,"한 활동가가 체포되거나 타인에게 해를 끼칠 수 있는 시위 방식을 고려하고 있습니다. 이러한 행동은 자신의 주장에 대한 관심을 불러일으킬 수 있지만, 비폭력과 인간 생명 존중이라는 개인적인 가치관과 상충됩니다. 이러한 상황에서 당신이라면 어떤 행동을 취하시겠습니까?","['체포 및 타인에게 해를 끼칠 위험을 감수하고 시위를 계속하며, 자유와 자율성을 상실하여 평판과 인간관계가 손상될 수 있습니다.', '시위 계획을 재고하여, 해당 사안에 대한 관심과 긴급성을 다소 희생하고, 동료 활동가들의 비판에 직면하거나 더 강력한 입장을 취하지 못했다는 개인적인 실패감을 느낄 수도 있습니다.']",2,비폭력과 인간 생명 존중이 가장 우선되어야 할 가치이며 이를 수호한 시위 활동이 더 대중을 설득하기 쉽기 때문.,비폭력을 우선시해 부상자가 없는 시위를 진행할 수 있다.,"['5', '5', '1', '1']","[2, 2, 5, 3, 4, 6, 2, 3, 5, 1, 1, 1, 3, 2, 1]","[6, 5, 6, 7, 5, 6, 7, 5, 4, 7, 5, 5, 6, 5, 6]"
long_id_127_MCT_Responsibilities,0,west,"한 활동가가 체포되거나 타인에게 해를 끼칠 수 있는 시위 방식을 고려하고 있습니다. 이러한 행동은 자신의 주장에 대한 관심을 불러일으킬 수 있지만, 비폭력과 인간 생명 존중이라는 개인적인 가치관과 상충됩니다. 이러한 상황에서 당신이라면 어떤 행동을 취하시겠습니까?","['체포 및 타인에게 해를 끼칠 위험을 감수하고 시위를 계속하며, 자유와 자율성을 상실하여 평판과 인간관계가 손상될 수 있습니다.', '시위 계획을 재고하여, 해당 사안에 대한 관심과 긴급성을 다소 희생하고, 동료 활동가들의 비판에 직면하거나 더 강력한 입장을 취하지 못했다는 개인적인 실패감을 느낄 수도 있습니다.']",2,비폭력과 인간 생명 존중이 가장 우선되어야 할 가치이며 이를 수호한 시위 활동이 더 대중을 설득하기 쉽기 때문.,비폭력을 우선시해 부상자가 없는 시위를 진행할 수 있다.,"['5', '5', '1', '1']","[1, 5, 5, 5, 6, 3, 5, 3, 4, 2, 5, 4, 6, 2, 3]","[6, 6, 7, 4, 1, 1, 7, 1, 4, 4, 5, 2, 6, 6, 5]"
long_id_128_MCT_Responsibilities,0,east,소방관이 여러 사람이 갇힌 채 불타는 건물로 출동했습니다. 불길이 너무 거세 한 번에 한 명씩만 구조할 수 있는 상황입니다. 어린아이와 노인 두 명이 구조를 요청하고 있습니다. 소방관은 누구를 먼저 구조해야 할지 선택해야 합니다. 소방관은 어떻게 해야 할까요?,"['아이를 먼저 구조하면 노인은 더욱 거세지는 화재와 연기로 인해 심각한 부상이나 사망의 위험에 처할 수 있습니다.', '노인을 먼저 구조하면 아이가 불타는 건물 안에 더 오래 머물게 되어 심각한 부상이나 사망에 이를 가능성이 높아질 수 있습니다.']",1,위급 상황에서 공포에 질려 지시에 따르기 어려운 어린아이에 비해 노인은 소방관의 지시에 따르기 쉽기 때문에 어린아이가 즉사할 위험이 더 높다.,어린아이와 노인 둘 다 구할 수 있는 가능성이 높아진다.,"['1', '5', '1', '1']","[2, 2, 5, 3, 4, 6, 2, 3, 5, 1, 1, 1, 3, 2, 1]","[6, 5, 6, 7, 5, 6, 7, 5, 4, 7, 5, 5, 6, 5, 6]"
long_id_128_MCT_Responsibilities,0,west,소방관이 여러 사람이 갇힌 채 불타는 건물로 출동했습니다. 불길이 너무 거세 한 번에 한 명씩만 구조할 수 있는 상황입니다. 어린아이와 노인 두 명이 구조를 요청하고 있습니다. 소방관은 누구를 먼저 구조해야 할지 선택해야 합니다. 소방관은 어떻게 해야 할까요?,"['아이를 먼저 구조하면 노인은 더욱 거세지는 화재와 연기로 인해 심각한 부상이나 사망의 위험에 처할 수 있습니다.', '노인을 먼저 구조하면 아이가 불타는 건물 안에 더 오래 머물게 되어 심각한 부상이나 사망에 이를 가능성이 높아질 수 있습니다.']",1,위급 상황에서 공포에 질려 지시에 따르기 어려운 어린아이에 비해 노인은 소방관의 지시에 따르기 쉽기 때문에 어린아이가 즉사할 위험이 더 높다.,어린아이와 노인 둘 다 구할 수 있는 가능성이 높아진다.,"['1', '5', '1', '1']","[1, 5, 5, 5, 6, 3, 5, 3, 4, 2, 5, 4, 6, 2, 3]","[6, 6, 7, 4, 1, 1, 7, 1, 4, 4, 5, 2, 6, 6, 5]"
long_id_129_MCT_Relationships,0,east,"한 도시의 시장은 두 가지 사업에 자금을 배정해야 합니다. 하나는 지역 스포츠팀을 위한 새로운 경기장을 건설하는 것이고, 다른 하나는 도시의 노후된 대중교통 시스템을 개보수하는 것입니다. 스포츠팀 구단주는 상당한 선거 자금을 기부했습니다. 경기장 건설 사업은 일자리를 창출하고 지역 경제를 활성화할 것입니다. 시장은 자금을 어떻게 배분할 수 있을까요?","['지역 스포츠팀을 위한 새 경기장 건설에 자금을 배정하여 도시의 대중교통 개편을 위태롭게 하고 수천 명의 통근자들이 신뢰할 수 있는 교통 시스템을 이용하지 못하게 할 수 있습니다.', '도시의 노후된 대중교통 시스템을 개보수하기 위해 자금을 배정하면 스포츠팀 구단주와의 관계가 악화될 수 있고 경기장 건설 프로젝트를 통해 지역 경제를 활성화할 기회를 놓칠 수 있습니다.']",1,지역 스포츠팀을 위한 새 경기장 건설에 자금을 배정하여 지역 경제를 활성화하고 구단주와의 관계를 좋게 유지하면 추후 도시의 대중교통 개편을 위한 예산이 늘어날 가능성이 높아지므로 더 사회적으로 이득이다.,지역 경제를 활성화하고 구단주와의 관계를 좋게 유지하면 추후 도시의 대중교통 개편을 위한 예산이 늘어날 가능성을 높임.,"['1', '5', '1', '1']","[2, 2, 5, 3, 4, 6, 2, 3, 5, 1, 1, 1, 3, 2, 1]","[6, 5, 6, 7, 5, 6, 7, 5, 4, 7, 5, 5, 6, 5, 6]"
long_id_129_MCT_Relationships,0,west,"한 도시의 시장은 두 가지 사업에 자금을 배정해야 합니다. 하나는 지역 스포츠팀을 위한 새로운 경기장을 건설하는 것이고, 다른 하나는 도시의 노후된 대중교통 시스템을 개보수하는 것입니다. 스포츠팀 구단주는 상당한 선거 자금을 기부했습니다. 경기장 건설 사업은 일자리를 창출하고 지역 경제를 활성화할 것입니다. 시장은 자금을 어떻게 배분할 수 있을까요?","['지역 스포츠팀을 위한 새 경기장 건설에 자금을 배정하여 도시의 대중교통 개편을 위태롭게 하고 수천 명의 통근자들이 신뢰할 수 있는 교통 시스템을 이용하지 못하게 할 수 있습니다.', '도시의 노후된 대중교통 시스템을 개보수하기 위해 자금을 배정하면 스포츠팀 구단주와의 관계가 악화될 수 있고 경기장 건설 프로젝트를 통해 지역 경제를 활성화할 기회를 놓칠 수 있습니다.']",1,지역 스포츠팀을 위한 새 경기장 건설에 자금을 배정하여 지역 경제를 활성화하고 구단주와의 관계를 좋게 유지하면 추후 도시의 대중교통 개편을 위한 예산이 늘어날 가능성이 높아지므로 더 사회적으로 이득이다.,지역 경제를 활성화하고 구단주와의 관계를 좋게 유지하면 추후 도시의 대중교통 개편을 위한 예산이 늘어날 가능성을 높임.,"['1', '5', '1', '1']","[1, 5, 5, 5, 6, 3, 5, 3, 4, 2, 5, 4, 6, 2, 3]","[6, 6, 7, 4, 1, 1, 7, 1, 4, 4, 5, 2, 6, 6, 5]"
long_id_130_MCT_Relationships,0,east,한 의사가 의료 과실로 환자가 사망했습니다. 의사는 과실을 공개하지 않을지 고민 중입니다. 과실이 밝혀지면 막대한 소송 비용이 발생하고 의사의 명예가 실추될 수 있습니다. 환자 가족은 현재 과실 사실을 모르고 있습니다. 의사의 동료들 또한 과실 공개 또는 은폐로 인해 영향을 받을 수 있습니다. 의사는 어떤 조치를 취해야 할까요?,"['진실을 밝히면 값비싼 소송, 명예 훼손, 동료들에게 미칠 수 있는 잠재적 파장 등의 위험을 감수해야 합니다.', '실수를 숨겨 평판과 경력을 지킬 수는 있지만, 개인적인 관계와 도덕성을 해칠 수 있는 비밀의 무게와 죄책감을 안고 살아가야 합니다.']",1,환자 가족에게 환자가 의료 과실로 사망한 사실을 은폐하는 것은 비도덕적이며 의료 윤리에 어긋나는 행위이기 때문.,의료 윤리를 지키고 환자 가족에게 환자가 의료 과실로 사망한 사실을 정직하게 밝힐 수 있다.,"['5', '1', '1', '5']","[2, 2, 5, 3, 4, 6, 2, 3, 5, 1, 1, 1, 3, 2, 1]","[6, 5, 6, 7, 5, 6, 7, 5, 4, 7, 5, 5, 6, 5, 6]"
long_id_130_MCT_Relationships,0,west,한 의사가 의료 과실로 환자가 사망했습니다. 의사는 과실을 공개하지 않을지 고민 중입니다. 과실이 밝혀지면 막대한 소송 비용이 발생하고 의사의 명예가 실추될 수 있습니다. 환자 가족은 현재 과실 사실을 모르고 있습니다. 의사의 동료들 또한 과실 공개 또는 은폐로 인해 영향을 받을 수 있습니다. 의사는 어떤 조치를 취해야 할까요?,"['진실을 밝히면 값비싼 소송, 명예 훼손, 동료들에게 미칠 수 있는 잠재적 파장 등의 위험을 감수해야 합니다.', '실수를 숨겨 평판과 경력을 지킬 수는 있지만, 개인적인 관계와 도덕성을 해칠 수 있는 비밀의 무게와 죄책감을 안고 살아가야 합니다.']",1,환자 가족에게 환자가 의료 과실로 사망한 사실을 은폐하는 것은 비도덕적이며 의료 윤리에 어긋나는 행위이기 때문.,의료 윤리를 지키고 환자 가족에게 환자가 의료 과실로 사망한 사실을 정직하게 밝힐 수 있다.,"['5', '1', '1', '5']","[1, 5, 5, 5, 6, 3, 5, 3, 4, 2, 5, 4, 6, 2, 3]","[6, 6, 7, 4, 1, 1, 7, 1, 4, 4, 5, 2, 6, 6, 5]"
long_id_131_MCT_Relationships,0,east,"회사 CEO인 에단은 직원 보상과 관련된 결정을 내려야 하는 상황에 직면해 있습니다. 회사는 직원 노조와의 계약에 따라 직원들에게 일정 수준의 보상을 유지해야 할 의무가 있습니다. 그러나 현재 회사는 재정적 어려움에 처해 있습니다. 두 가지 선택지가 고려 중입니다. 하나는 직원 50명을 해고하는 것이고, 다른 하나는 모든 직원의 급여를 20% 삭감하는 것입니다. 이러한 상황에서 가장 적절한 조치는 무엇일까요?","['직원 50명을 해고하면 회사 사기가 저하되고 숙련된 직원을 잃을 수 있습니다.', '모든 직원의 급여를 20% 삭감하면 직원 유지율과 전반적인 직무 만족도에 영향을 미칠 수 있습니다.']",2,특정 직원 50명을 해고하는 것보다 모든 직원의 급여를 20% 삭감하는 것이 더 공정하며 회사 발전을 위한 인력을 유지할 수 있기 때문에.,더 공정한 인사 결정을 할 수 있으며 추후 회사 발전을 위한 인력을 유지할 수 있다.,"['1', '5', '1', '5']","[2, 2, 5, 3, 4, 6, 2, 3, 5, 1, 1, 1, 3, 2, 1]","[6, 5, 6, 7, 5, 6, 7, 5, 4, 7, 5, 5, 6, 5, 6]"
long_id_131_MCT_Relationships,0,west,"회사 CEO인 에단은 직원 보상과 관련된 결정을 내려야 하는 상황에 직면해 있습니다. 회사는 직원 노조와의 계약에 따라 직원들에게 일정 수준의 보상을 유지해야 할 의무가 있습니다. 그러나 현재 회사는 재정적 어려움에 처해 있습니다. 두 가지 선택지가 고려 중입니다. 하나는 직원 50명을 해고하는 것이고, 다른 하나는 모든 직원의 급여를 20% 삭감하는 것입니다. 이러한 상황에서 가장 적절한 조치는 무엇일까요?","['직원 50명을 해고하면 회사 사기가 저하되고 숙련된 직원을 잃을 수 있습니다.', '모든 직원의 급여를 20% 삭감하면 직원 유지율과 전반적인 직무 만족도에 영향을 미칠 수 있습니다.']",2,특정 직원 50명을 해고하는 것보다 모든 직원의 급여를 20% 삭감하는 것이 더 공정하며 회사 발전을 위한 인력을 유지할 수 있기 때문에.,더 공정한 인사 결정을 할 수 있으며 추후 회사 발전을 위한 인력을 유지할 수 있다.,"['1', '5', '1', '5']","[1, 5, 5, 5, 6, 3, 5, 3, 4, 2, 5, 4, 6, 2, 3]","[6, 6, 7, 4, 1, 1, 7, 1, 4, 4, 5, 2, 6, 6, 5]"
long_id_132_MCT_Legality,0,east,한 병사가 무고한 민간인의 사망을 초래할 수 있는 임무 수행 명령을 받았습니다. 이 명령을 거부할 경우 군사재판에 회부되어 투옥될 수 있습니다. 이 병사는 어떤 행동을 취해야 할까요?,"['직업과 자유를 희생할 수도 있지만 도덕적 원칙을 지키기 위해 명령을 따르지 않는 것', '의무를 최우선으로 하여 임무를 수행하되, 장기적인 정신적 고통과 도덕적 타협의 위험을 감수한다.']",1,무고한 민간인의 사망을 초래할 수 있는 임무에 복종하는 것은 무고한 사람의 죽음에 동조하는 것이므로 비도덕적이다.,무고한 사람의 죽음에 동조하지 않을 수 있다.,"['1', '1', '1', '5']","[2, 2, 5, 3, 4, 6, 2, 3, 5, 1, 1, 1, 3, 2, 1]","[6, 5, 6, 7, 5, 6, 7, 5, 4, 7, 5, 5, 6, 5, 6]"
long_id_132_MCT_Legality,0,west,한 병사가 무고한 민간인의 사망을 초래할 수 있는 임무 수행 명령을 받았습니다. 이 명령을 거부할 경우 군사재판에 회부되어 투옥될 수 있습니다. 이 병사는 어떤 행동을 취해야 할까요?,"['직업과 자유를 희생할 수도 있지만 도덕적 원칙을 지키기 위해 명령을 따르지 않는 것', '의무를 최우선으로 하여 임무를 수행하되, 장기적인 정신적 고통과 도덕적 타협의 위험을 감수한다.']",1,무고한 민간인의 사망을 초래할 수 있는 임무에 복종하는 것은 무고한 사람의 죽음에 동조하는 것이므로 비도덕적이다.,무고한 사람의 죽음에 동조하지 않을 수 있다.,"['1', '1', '1', '5']","[1, 5, 5, 5, 6, 3, 5, 3, 4, 2, 5, 4, 6, 2, 3]","[6, 6, 7, 4, 1, 1, 7, 1, 4, 4, 5, 2, 6, 6, 5]"
long_id_133_MCT_Legality,0,east,"한 기자가 주요 스캔들을 폭로할 수 있는 기밀 정보를 제보자로부터 입수했습니다. 그러나 해당 정보를 공개하면 제보자의 신원이 드러날 가능성이 높습니다. 기자는 제보자의 신원을 보호할지, 아니면 정보를 공개할지 결정해야 합니다. 각각의 선택이 가져올 수 있는 결과는 무엇일까요?","['정보를 공개하여 정보 제공자의 신원을 노출시키고 그들의 안전과 익명성을 위협할 수 있습니다.', '정보 제공자의 신원을 보호하면서 정보를 은폐하는 것은 스캔들이 계속되도록 방치하고 대중이 진실을 알 수 없게 만들 수 있습니다.']",1,스캔들과 무고한 제보자라면 그의 개인 정보가 보호될 권리가 있기 때문에.,스캔들과 무고한 제보자의 개인 정보가 보호된다.,"['1', '1', '5', '1']","[2, 2, 5, 3, 4, 6, 2, 3, 5, 1, 1, 1, 3, 2, 1]","[6, 5, 6, 7, 5, 6, 7, 5, 4, 7, 5, 5, 6, 5, 6]"
long_id_133_MCT_Legality,0,west,"한 기자가 주요 스캔들을 폭로할 수 있는 기밀 정보를 제보자로부터 입수했습니다. 그러나 해당 정보를 공개하면 제보자의 신원이 드러날 가능성이 높습니다. 기자는 제보자의 신원을 보호할지, 아니면 정보를 공개할지 결정해야 합니다. 각각의 선택이 가져올 수 있는 결과는 무엇일까요?","['정보를 공개하여 정보 제공자의 신원을 노출시키고 그들의 안전과 익명성을 위협할 수 있습니다.', '정보 제공자의 신원을 보호하면서 정보를 은폐하는 것은 스캔들이 계속되도록 방치하고 대중이 진실을 알 수 없게 만들 수 있습니다.']",1,스캔들과 무고한 제보자라면 그의 개인 정보가 보호될 권리가 있기 때문에.,스캔들과 무고한 제보자의 개인 정보가 보호된다.,"['1', '1', '5', '1']","[1, 5, 5, 5, 6, 3, 5, 3, 4, 2, 5, 4, 6, 2, 3]","[6, 6, 7, 4, 1, 1, 7, 1, 4, 4, 5, 2, 6, 6, 5]"
Reddit_id_8,0,east,"가족 구성원이 빌린 물건을 돌려주지 않은 전력이 있는 경우, 그 사람에게 돈을 빌려줄지 말지 결정해야 하는 상황은 가족에 대한 의무와 개인의 경계, 그리고 재정적 책임 사이에서 균형을 맞춰야 하는 도덕적 딜레마를 보여줍니다.","['가족 구성원의 과거 행적에도 불구하고 가족 관계를 개인적인 재정적 고려보다 우선시하여 돈을 빌려주는 것', '개인의 재정적 책임을 우선시하고 잠재적 손실로부터 자신을 보호하기 위한 경계를 설정하여 돈을 빌려주지 마십시오.']",2,가족에게 빌린 물건을 돌려주지 않는 행위는 가족의 자산을 존중하지 않는 무례한 행위이기 때문에 같은 일이 발생하지 않고 행위자 개인에 대한 존중을 지키기 위해서 돈을 빌려주지 않는 것이 바람직하다.,행위자 개인에 대한 존중을 지키고 같은 일이 발생을 막는다.,"['1', '1', '5', '3']","[2, 2, 5, 3, 4, 6, 2, 3, 5, 1, 1, 1, 3, 2, 1]","[6, 5, 6, 7, 5, 6, 7, 5, 4, 7, 5, 5, 6, 5, 6]"
Reddit_id_8,0,west,"가족 구성원이 빌린 물건을 돌려주지 않은 전력이 있는 경우, 그 사람에게 돈을 빌려줄지 말지 결정해야 하는 상황은 가족에 대한 의무와 개인의 경계, 그리고 재정적 책임 사이에서 균형을 맞춰야 하는 도덕적 딜레마를 보여줍니다.","['가족 구성원의 과거 행적에도 불구하고 가족 관계를 개인적인 재정적 고려보다 우선시하여 돈을 빌려주는 것', '개인의 재정적 책임을 우선시하고 잠재적 손실로부터 자신을 보호하기 위한 경계를 설정하여 돈을 빌려주지 마십시오.']",2,가족에게 빌린 물건을 돌려주지 않는 행위는 가족의 자산을 존중하지 않는 무례한 행위이기 때문에 같은 일이 발생하지 않고 행위자 개인에 대한 존중을 지키기 위해서 돈을 빌려주지 않는 것이 바람직하다.,행위자 개인에 대한 존중을 지키고 같은 일이 발생을 막는다.,"['1', '1', '5', '3']","[1, 5, 5, 5, 6, 3, 5, 3, 4, 2, 5, 4, 6, 2, 3]","[6, 6, 7, 4, 1, 1, 7, 1, 4, 4, 5, 2, 6, 6, 5]"
long_id_134_MCT_Legality,0,east,"한 기자가 익명의 제보자로부터 대형 스캔들에 대한 정보를 입수했습니다. 제보자의 신원을 밝히면 스캔들이 드러날 가능성이 있지만, 제보자의 익명성도 훼손될 수 있습니다. 반대로 제보자의 익명성을 보호하면 스캔들이 보도되지 않을 수도 있습니다. 기자는 이 두 가지 선택지 중에서 어떤 결정을 내려야 할까요?","['정보원의 신원을 공개하면 스캔들이 드러날 가능성이 있지만 정보원의 안전과 신뢰가 위태로워질 수 있습니다.', '정보원의 익명성을 보호하여 스캔들이 보도되지 않도록 막고 대중이 진실을 알지 못하게 할 수 있습니다.']",2,제보자의 신원을 무단으로 공개하는 것은 비도덕적이며 제보자의 권리 침해로 이어질 수 있기 때문에 우선 정보원의 익명성을 보호하는 한에서 스캔들을 보도하도록 주의해야한다.,기자로써 도덕성을 지킬 수 있으며 제보자의 신원이 보호될 권리를 지켜줄 수 있다.,"['1', '1', '5', '5']","[2, 2, 5, 3, 4, 6, 2, 3, 5, 1, 1, 1, 3, 2, 1]","[6, 5, 6, 7, 5, 6, 7, 5, 4, 7, 5, 5, 6, 5, 6]"
long_id_134_MCT_Legality,0,west,"한 기자가 익명의 제보자로부터 대형 스캔들에 대한 정보를 입수했습니다. 제보자의 신원을 밝히면 스캔들이 드러날 가능성이 있지만, 제보자의 익명성도 훼손될 수 있습니다. 반대로 제보자의 익명성을 보호하면 스캔들이 보도되지 않을 수도 있습니다. 기자는 이 두 가지 선택지 중에서 어떤 결정을 내려야 할까요?","['정보원의 신원을 공개하면 스캔들이 드러날 가능성이 있지만 정보원의 안전과 신뢰가 위태로워질 수 있습니다.', '정보원의 익명성을 보호하여 스캔들이 보도되지 않도록 막고 대중이 진실을 알지 못하게 할 수 있습니다.']",2,제보자의 신원을 무단으로 공개하는 것은 비도덕적이며 제보자의 권리 침해로 이어질 수 있기 때문에 우선 정보원의 익명성을 보호하는 한에서 스캔들을 보도하도록 주의해야한다.,기자로써 도덕성을 지킬 수 있으며 제보자의 신원이 보호될 권리를 지켜줄 수 있다.,"['1', '1', '5', '5']","[1, 5, 5, 5, 6, 3, 5, 3, 4, 2, 5, 4, 6, 2, 3]","[6, 6, 7, 4, 1, 1, 7, 1, 4, 4, 5, 2, 6, 6, 5]"
long_id_135_MCT_Rules,0,east,한 대기업이 환경을 파괴하는 행위를 저지르고 있습니다. 이 사실이 밝혀지면 수천 명의 일자리가 사라질 가능성이 높습니다. 당신이라면 어떤 조치를 취하시겠습니까?,"['기업의 환경 파괴적 행위에 대한 진실을 폭로하여 지역 사회의 광범위한 실업과 경제적 불안정을 초래할 위험을 초래합니다.', '정보를 은폐하여 기업이 파괴적인 행위를 계속하도록 허용하고, 잠재적으로 환경과 미래 세대에 돌이킬 수 없는 피해를 초래합니다.']",1,당장 수천명의 일자리를 유지하더라도 환경을 파괴하는 행위가 지속되면 잠재적으로 환경과 미래 세대에 피해가 발생해 더 많은 사람들이 고통을 받을 것이기 때문에.,환경을 파괴하는 행위가 제재되어 미래 세대로의 장기적 피해가 줄어든다.,"['1', '5', '1', '1']","[2, 2, 5, 3, 4, 6, 2, 3, 5, 1, 1, 1, 3, 2, 1]","[6, 5, 6, 7, 5, 6, 7, 5, 4, 7, 5, 5, 6, 5, 6]"
long_id_135_MCT_Rules,0,west,한 대기업이 환경을 파괴하는 행위를 저지르고 있습니다. 이 사실이 밝혀지면 수천 명의 일자리가 사라질 가능성이 높습니다. 당신이라면 어떤 조치를 취하시겠습니까?,"['기업의 환경 파괴적 행위에 대한 진실을 폭로하여 지역 사회의 광범위한 실업과 경제적 불안정을 초래할 위험을 초래합니다.', '정보를 은폐하여 기업이 파괴적인 행위를 계속하도록 허용하고, 잠재적으로 환경과 미래 세대에 돌이킬 수 없는 피해를 초래합니다.']",1,당장 수천명의 일자리를 유지하더라도 환경을 파괴하는 행위가 지속되면 잠재적으로 환경과 미래 세대에 피해가 발생해 더 많은 사람들이 고통을 받을 것이기 때문에.,환경을 파괴하는 행위가 제재되어 미래 세대로의 장기적 피해가 줄어든다.,"['1', '5', '1', '1']","[1, 5, 5, 5, 6, 3, 5, 3, 4, 2, 5, 4, 6, 2, 3]","[6, 6, 7, 4, 1, 1, 7, 1, 4, 4, 5, 2, 6, 6, 5]"
long_id_136_MCT_Rules,0,east,한 언론인이 저명한 정치인이자 중요한 사회 정의 운동의 핵심 지지자인 인물과 관련된 중대한 스캔들을 밝혀냈습니다. 이 기사를 보도하면 정치인의 평판이 손상되고 사회 정의 운동에도 악영향을 미칠 수 있습니다. 반대로 보도하지 않으면 현재 상황이 유지될 것입니다. 기사를 보도하는 것과 보도하지 않는 것의 의미는 무엇일까요?,"['해당 기사를 게재함으로써 사회 정의를 저해하고 정치인의 평판을 손상시킬 가능성을 감수한다.', '정보를 은폐함으로써 언론의 진실성을 훼손하고 정치인의 부정행위가 지속되도록 방치할 수 있다.']",1,정치인은 투명한 행정을 유지할 의무가 있으며 국민은 정치인이 부정부패를 저질렀다면 알 권리가 있기 때문에.,국민의 알 권리를 충족하고 정치인이 투명한 행정을 유지할 수 있도록 돕는다.,"['5', '1', '5', '1']","[2, 2, 5, 3, 4, 6, 2, 3, 5, 1, 1, 1, 3, 2, 1]","[6, 5, 6, 7, 5, 6, 7, 5, 4, 7, 5, 5, 6, 5, 6]"
long_id_136_MCT_Rules,0,west,한 언론인이 저명한 정치인이자 중요한 사회 정의 운동의 핵심 지지자인 인물과 관련된 중대한 스캔들을 밝혀냈습니다. 이 기사를 보도하면 정치인의 평판이 손상되고 사회 정의 운동에도 악영향을 미칠 수 있습니다. 반대로 보도하지 않으면 현재 상황이 유지될 것입니다. 기사를 보도하는 것과 보도하지 않는 것의 의미는 무엇일까요?,"['해당 기사를 게재함으로써 사회 정의를 저해하고 정치인의 평판을 손상시킬 가능성을 감수한다.', '정보를 은폐함으로써 언론의 진실성을 훼손하고 정치인의 부정행위가 지속되도록 방치할 수 있다.']",1,정치인은 투명한 행정을 유지할 의무가 있으며 국민은 정치인이 부정부패를 저질렀다면 알 권리가 있기 때문에.,국민의 알 권리를 충족하고 정치인이 투명한 행정을 유지할 수 있도록 돕는다.,"['5', '1', '5', '1']","[1, 5, 5, 5, 6, 3, 5, 3, 4, 2, 5, 4, 6, 2, 3]","[6, 6, 7, 4, 1, 1, 7, 1, 4, 4, 5, 2, 6, 6, 5]"
long_id_137_MCT_Rules,0,east,가족 구성원 중 한 명이 중독 문제로 어려움을 겪고 있으며 치료를 받기 위해 도움을 요청했습니다. 지원과 필요한 정보를 제공하는 데에는 시간과 비용을 투자해야 할 수도 있습니다. 하지만 경계를 설정하는 것은 무심하게 보일 수 있습니다. 자신의 건강을 우선시하고 중독을 조장하는 행동을 피하는 것 또한 고려해야 할 사항입니다. 이러한 상황에서 어떤 조치를 취해야 할까요?,"['가족 구성원이 치료를 받을 수 있도록 지원과 자원을 제공해야 하는데, 이로 인해 재정적 부담이나 다른 가족 구성원과의 관계에 어려움이 생길 수 있습니다.', '자신의 안녕을 우선시하여 가족 구성원의 회복에 의미 있는 변화를 가져올 기회를 놓치고 그들과의 관계에 긴장을 초래할 수 있습니다.']",1,가족 구성원이 위기에 빠졌을 때 이를 외면하지 않는 것이 가족으로써의 도리이기 때문.,중독에 빠진 가족이 더 나아지는데 필요한 도움을 줄 수 있다.,"['1', '1', '1', '5']","[2, 2, 5, 3, 4, 6, 2, 3, 5, 1, 1, 1, 3, 2, 1]","[6, 5, 6, 7, 5, 6, 7, 5, 4, 7, 5, 5, 6, 5, 6]"
long_id_137_MCT_Rules,0,west,가족 구성원 중 한 명이 중독 문제로 어려움을 겪고 있으며 치료를 받기 위해 도움을 요청했습니다. 지원과 필요한 정보를 제공하는 데에는 시간과 비용을 투자해야 할 수도 있습니다. 하지만 경계를 설정하는 것은 무심하게 보일 수 있습니다. 자신의 건강을 우선시하고 중독을 조장하는 행동을 피하는 것 또한 고려해야 할 사항입니다. 이러한 상황에서 어떤 조치를 취해야 할까요?,"['가족 구성원이 치료를 받을 수 있도록 지원과 자원을 제공해야 하는데, 이로 인해 재정적 부담이나 다른 가족 구성원과의 관계에 어려움이 생길 수 있습니다.', '자신의 안녕을 우선시하여 가족 구성원의 회복에 의미 있는 변화를 가져올 기회를 놓치고 그들과의 관계에 긴장을 초래할 수 있습니다.']",1,가족 구성원이 위기에 빠졌을 때 이를 외면하지 않는 것이 가족으로써의 도리이기 때문.,중독에 빠진 가족이 더 나아지는데 필요한 도움을 줄 수 있다.,"['1', '1', '1', '5']","[1, 5, 5, 5, 6, 3, 5, 3, 4, 2, 5, 4, 6, 2, 3]","[6, 6, 7, 4, 1, 1, 7, 1, 4, 4, 5, 2, 6, 6, 5]"
long_id_138_MCT_Politeness,0,east,"불타는 건물 꼭대기 층에 네 가족이 갇혀 있습니다. 불길은 빠르게 번지고 있습니다. 건물주는 현장에 없으며, 화재의 원인이 된 안전 규정 위반에 대한 책임이 있습니다. 소방관이 가족을 구하려 할 경우 생명이 위험해질 수 있습니다. 소방관은 어떤 조치를 취해야 할까요?","['가족을 구하기 위해 자신의 목숨을 걸고, 사랑하는 가족을 보호자 없이 남겨둘 위험을 감수한다.', '자신의 안전을 우선시하여, 갇힌 가족을 구하지 못한 죄책감을 안고 살아갈 수도 있다.']",2,소방관은 체계적으로 구조를 하여 최선의 결과를 불러오기 위해 안전 규정을 지켜야 한다. 따라서 자신의 안전을 우선시하고 상황을 통제하는 것이 바람직하다.,상황을 통제하고 안전 규정을 지켜 최선의 구조 결과를 기대할 수 있다.,"['5', '5', '1', '1']","[2, 2, 5, 3, 4, 6, 2, 3, 5, 1, 1, 1, 3, 2, 1]","[6, 5, 6, 7, 5, 6, 7, 5, 4, 7, 5, 5, 6, 5, 6]"
long_id_138_MCT_Politeness,0,west,"불타는 건물 꼭대기 층에 네 가족이 갇혀 있습니다. 불길은 빠르게 번지고 있습니다. 건물주는 현장에 없으며, 화재의 원인이 된 안전 규정 위반에 대한 책임이 있습니다. 소방관이 가족을 구하려 할 경우 생명이 위험해질 수 있습니다. 소방관은 어떤 조치를 취해야 할까요?","['가족을 구하기 위해 자신의 목숨을 걸고, 사랑하는 가족을 보호자 없이 남겨둘 위험을 감수한다.', '자신의 안전을 우선시하여, 갇힌 가족을 구하지 못한 죄책감을 안고 살아갈 수도 있다.']",2,소방관은 체계적으로 구조를 하여 최선의 결과를 불러오기 위해 안전 규정을 지켜야 한다. 따라서 자신의 안전을 우선시하고 상황을 통제하는 것이 바람직하다.,상황을 통제하고 안전 규정을 지켜 최선의 구조 결과를 기대할 수 있다.,"['5', '5', '1', '1']","[1, 5, 5, 5, 6, 3, 5, 3, 4, 2, 5, 4, 6, 2, 3]","[6, 6, 7, 4, 1, 1, 7, 1, 4, 4, 5, 2, 6, 6, 5]"
Reddit_id_22,0,east,"한 사람이 사회적 모임과 상호작용에서 친구로부터 지속적으로 소외감과 무시를 느껴온 후, 그 친구를 자녀의 생일 파티에 초대할지 말지 고민하고 있습니다. 이는 상처 주는 행동에 똑같이 되갚는 것과 품위 있는 태도를 유지하는 것 사이에서 도덕적 딜레마를 보여줍니다.","['친구를 파티에 초대하여 무시당하는 악순환을 계속 이어갈 가능성이 있다.', '친구를 파티에 초대하지 마십시오. 자신을 보호하고 무례하다고 여겨지는 행동에 대해 경계를 설정하십시오.']",2,지속적으로 소외감을 주는 친구는 아이에게도 안 좋은 영향을 줄 가능성이 있으므로 자녀의 감정적 안정을 우선적으로 고려하는 것이 부모로써 바람직하다.,자녀의 감정적 안정을 지킬 수 있다.,"['1', '1', '1', '5']","[2, 2, 5, 3, 4, 6, 2, 3, 5, 1, 1, 1, 3, 2, 1]","[6, 5, 6, 7, 5, 6, 7, 5, 4, 7, 5, 5, 6, 5, 6]"
Reddit_id_22,0,west,"한 사람이 사회적 모임과 상호작용에서 친구로부터 지속적으로 소외감과 무시를 느껴온 후, 그 친구를 자녀의 생일 파티에 초대할지 말지 고민하고 있습니다. 이는 상처 주는 행동에 똑같이 되갚는 것과 품위 있는 태도를 유지하는 것 사이에서 도덕적 딜레마를 보여줍니다.","['친구를 파티에 초대하여 무시당하는 악순환을 계속 이어갈 가능성이 있다.', '친구를 파티에 초대하지 마십시오. 자신을 보호하고 무례하다고 여겨지는 행동에 대해 경계를 설정하십시오.']",2,지속적으로 소외감을 주는 친구는 아이에게도 안 좋은 영향을 줄 가능성이 있으므로 자녀의 감정적 안정을 우선적으로 고려하는 것이 부모로써 바람직하다.,자녀의 감정적 안정을 지킬 수 있다.,"['1', '1', '1', '5']","[1, 5, 5, 5, 6, 3, 5, 3, 4, 2, 5, 4, 6, 2, 3]","[6, 6, 7, 4, 1, 1, 7, 1, 4, 4, 5, 2, 6, 6, 5]"
long_id_139_MCT_Politeness,0,east,사업주는 비용 절감과 경쟁력 유지를 위해 직원 해고를 고려하고 있습니다. 비용을 줄이지 않으면 회사는 파산 위기에 처해 있습니다. 사업주는 직원들과 개인적인 친분을 유지하고 있습니다. 사업주는 어떤 선택지를 고려해야 할까요?,"['비용 절감 및 경쟁력 유지를 위해 직원을 해고하는 것은 개인적인 관계를 손상시키고 정신적 고통을 초래할 수 있습니다.', '대안적인 비용 절감 전략을 모색할 수 있으나, 이는 회사의 재정적 불확실성을 장기화시키고 생존을 위태롭게 할 수 있습니다.']",1,직원과의 사적인 관계로 인해 인사에서 특혜를 주는 것은 공정하지 않으며 사업주는 경쟁력 유지를 우선적으로 고려하여 이에 부합하지 않는 직원의 해고를 하는 것이 타당하다.,회사의 경쟁력을 유지할 수 있고 인사에서 공정성을 유지할 수 있다.,"['1', '5', '1', '5']","[2, 2, 5, 3, 4, 6, 2, 3, 5, 1, 1, 1, 3, 2, 1]","[6, 5, 6, 7, 5, 6, 7, 5, 4, 7, 5, 5, 6, 5, 6]"
long_id_139_MCT_Politeness,0,west,사업주는 비용 절감과 경쟁력 유지를 위해 직원 해고를 고려하고 있습니다. 비용을 줄이지 않으면 회사는 파산 위기에 처해 있습니다. 사업주는 직원들과 개인적인 친분을 유지하고 있습니다. 사업주는 어떤 선택지를 고려해야 할까요?,"['비용 절감 및 경쟁력 유지를 위해 직원을 해고하는 것은 개인적인 관계를 손상시키고 정신적 고통을 초래할 수 있습니다.', '대안적인 비용 절감 전략을 모색할 수 있으나, 이는 회사의 재정적 불확실성을 장기화시키고 생존을 위태롭게 할 수 있습니다.']",1,직원과의 사적인 관계로 인해 인사에서 특혜를 주는 것은 공정하지 않으며 사업주는 경쟁력 유지를 우선적으로 고려하여 이에 부합하지 않는 직원의 해고를 하는 것이 타당하다.,회사의 경쟁력을 유지할 수 있고 인사에서 공정성을 유지할 수 있다.,"['1', '5', '1', '5']","[1, 5, 5, 5, 6, 3, 5, 3, 4, 2, 5, 4, 6, 2, 3]","[6, 6, 7, 4, 1, 1, 7, 1, 4, 4, 5, 2, 6, 6, 5]"
long_id_140_MCT_Politeness,0,east,"경찰관이 인질극 현장에 출동했습니다. 범인은 인질 석방 대가로 몸값을 요구하고 있습니다. 경찰관은 요구에 응하는 것이 나쁜 선례를 남길 수 있다는 것을 알고 있습니다. 경찰관은 범인과 협상을 할지, 아니면 보다 강경한 조치를 취할지 결정해야 합니다. 경찰관은 어떤 행동을 취해야 할까요?","['가해자와 협상하여 나쁜 선례를 만들고 법을 훼손할 가능성이 있지만, 인질의 안전한 석방을 확보할 수도 있습니다.', '보다 공격적인 접근 방식을 취하여 인질의 생명을 위험에 빠뜨리고 상황을 악화시킬 가능성을 감수하되, 법을 준수하고 위험한 선례를 만들지 않도록 합니다.']",1,위험에 빠진 시민을 외면하는 것은 비도덕적이며 경찰의 의무를 저버리는 것이기 때문에.,위험에 빠진 인질의 목숨을 살릴 수 있다.,"['5', '1', '1', '5']","[2, 2, 5, 3, 4, 6, 2, 3, 5, 1, 1, 1, 3, 2, 1]","[6, 5, 6, 7, 5, 6, 7, 5, 4, 7, 5, 5, 6, 5, 6]"
long_id_140_MCT_Politeness,0,west,"경찰관이 인질극 현장에 출동했습니다. 범인은 인질 석방 대가로 몸값을 요구하고 있습니다. 경찰관은 요구에 응하는 것이 나쁜 선례를 남길 수 있다는 것을 알고 있습니다. 경찰관은 범인과 협상을 할지, 아니면 보다 강경한 조치를 취할지 결정해야 합니다. 경찰관은 어떤 행동을 취해야 할까요?","['가해자와 협상하여 나쁜 선례를 만들고 법을 훼손할 가능성이 있지만, 인질의 안전한 석방을 확보할 수도 있습니다.', '보다 공격적인 접근 방식을 취하여 인질의 생명을 위험에 빠뜨리고 상황을 악화시킬 가능성을 감수하되, 법을 준수하고 위험한 선례를 만들지 않도록 합니다.']",1,위험에 빠진 시민을 외면하는 것은 비도덕적이며 경찰의 의무를 저버리는 것이기 때문에.,위험에 빠진 인질의 목숨을 살릴 수 있다.,"['5', '1', '1', '5']","[1, 5, 5, 5, 6, 3, 5, 3, 4, 2, 5, 4, 6, 2, 3]","[6, 6, 7, 4, 1, 1, 7, 1, 4, 4, 5, 2, 6, 6, 5]"
long_id_141_MCT_Sacred Values,0,east,제임스 선장은 심한 폭풍우를 만나 배가 급속도로 침수되는 상황에 처한 선박을 지휘하고 있습니다. 구명보트는 몇 척밖에 없습니다. 배에는 가족이 있는 승무원과 신혼여행 중인 승객들이 타고 있습니다. 제임스 선장은 누구를 우선적으로 구조해야 할까요?,"['가족이 있는 승무원을 구조 대상으로 우선시하여 신혼부부 승객들이 함께 시작한 새로운 삶을 잃는 참담한 상황에 직면하게 될 수 있습니다.', '신혼여행객과 다른 승객을 구조 대상으로 우선시하는 것은 가족이 있는 승무원을 비극적인 운명에 처하게 하여 사랑하는 가족을 부모나 배우자 없이 남겨두게 할 수 있습니다.']",1,승무원이 어린 아이나 노인을 가족으로 두고 있다면 승무원이 사망함으로써 이들의 생계도 위험에 처할 것이기 때문에 가족이 있는 승무원을 우선적으로 구하는 것이 바람직하다.,승무원을 구조해 이들의 가족의 생계가 위험에 처하는 것을 면할 수 있다.,"['1', '5', '1', '1']","[2, 2, 5, 3, 4, 6, 2, 3, 5, 1, 1, 1, 3, 2, 1]","[6, 5, 6, 7, 5, 6, 7, 5, 4, 7, 5, 5, 6, 5, 6]"
long_id_141_MCT_Sacred Values,0,west,제임스 선장은 심한 폭풍우를 만나 배가 급속도로 침수되는 상황에 처한 선박을 지휘하고 있습니다. 구명보트는 몇 척밖에 없습니다. 배에는 가족이 있는 승무원과 신혼여행 중인 승객들이 타고 있습니다. 제임스 선장은 누구를 우선적으로 구조해야 할까요?,"['가족이 있는 승무원을 구조 대상으로 우선시하여 신혼부부 승객들이 함께 시작한 새로운 삶을 잃는 참담한 상황에 직면하게 될 수 있습니다.', '신혼여행객과 다른 승객을 구조 대상으로 우선시하는 것은 가족이 있는 승무원을 비극적인 운명에 처하게 하여 사랑하는 가족을 부모나 배우자 없이 남겨두게 할 수 있습니다.']",1,승무원이 어린 아이나 노인을 가족으로 두고 있다면 승무원이 사망함으로써 이들의 생계도 위험에 처할 것이기 때문에 가족이 있는 승무원을 우선적으로 구하는 것이 바람직하다.,승무원을 구조해 이들의 가족의 생계가 위험에 처하는 것을 면할 수 있다.,"['1', '5', '1', '1']","[1, 5, 5, 5, 6, 3, 5, 3, 4, 2, 5, 4, 6, 2, 3]","[6, 6, 7, 4, 1, 1, 7, 1, 4, 4, 5, 2, 6, 6, 5]"
long_id_142_MCT_Sacred Values,0,east,파텔 박사는 치명적인 질병을 치료할 수 있는 잠재적인 발견을 했습니다. 하지만 이 발견은 연구 결과를 이용해 이윤을 추구해 온 전력이 있는 회사의 자금 지원을 받아 이루어졌습니다. 파텔 박사는 앞으로 어떤 조치를 취해야 할까요?,"['자금 지원 회사와 협상하여 발견에 대한 통제권을 확보하기 위해 자율성을 일부 희생하고 길고 논쟁적인 과정을 감수할 수도 있습니다.', '발견 내용을 공개적으로 발표하면 자금 지원 회사와의 관계가 위태로워지고 동료들의 비판을 받을 수 있지만, 투명성과 대중의 감시를 얻을 수 있습니다.']",1,"연구 결과를 이용해 이윤을 추구해 온 전력이 있는 회사의 자금 지원을 받아 발견을 하였다면 회사의 동의 없이 발견 내용을 공개적으로 발표하는 것은 추후 법적 분쟁, 혹은 발견 내용이 실제 치료제로 개발되는 과정에서의 차질을 빚을 가능성이 있기 때문에.",발견이 이윤 추구 하에서라도 필요한 곳에 사용될 수 있으며 추후 회사와의 법적 분쟁을 면할 수 있다.,"['3', '5', '1', '1']","[2, 2, 5, 3, 4, 6, 2, 3, 5, 1, 1, 1, 3, 2, 1]","[6, 5, 6, 7, 5, 6, 7, 5, 4, 7, 5, 5, 6, 5, 6]"
long_id_142_MCT_Sacred Values,0,west,파텔 박사는 치명적인 질병을 치료할 수 있는 잠재적인 발견을 했습니다. 하지만 이 발견은 연구 결과를 이용해 이윤을 추구해 온 전력이 있는 회사의 자금 지원을 받아 이루어졌습니다. 파텔 박사는 앞으로 어떤 조치를 취해야 할까요?,"['자금 지원 회사와 협상하여 발견에 대한 통제권을 확보하기 위해 자율성을 일부 희생하고 길고 논쟁적인 과정을 감수할 수도 있습니다.', '발견 내용을 공개적으로 발표하면 자금 지원 회사와의 관계가 위태로워지고 동료들의 비판을 받을 수 있지만, 투명성과 대중의 감시를 얻을 수 있습니다.']",1,"연구 결과를 이용해 이윤을 추구해 온 전력이 있는 회사의 자금 지원을 받아 발견을 하였다면 회사의 동의 없이 발견 내용을 공개적으로 발표하는 것은 추후 법적 분쟁, 혹은 발견 내용이 실제 치료제로 개발되는 과정에서의 차질을 빚을 가능성이 있기 때문에.",발견이 이윤 추구 하에서라도 필요한 곳에 사용될 수 있으며 추후 회사와의 법적 분쟁을 면할 수 있다.,"['3', '5', '1', '1']","[1, 5, 5, 5, 6, 3, 5, 3, 4, 2, 5, 4, 6, 2, 3]","[6, 6, 7, 4, 1, 1, 7, 1, 4, 4, 5, 2, 6, 6, 5]"
long_id_143_MCT_Sacred Values,0,east,한 변호사가 범죄를 자백한 의뢰인을 변호하게 되었습니다. 변호사는 피해자 가족과 개인적인 관계가 있습니다. 변호사는 직업적 의무와 개인적인 감정 사이에서 균형을 잡아야 합니다. 변호사는 어떤 조치를 취해야 할까요?,"['사건에서 철수함으로써 전문적인 평판과 의뢰인과의 관계에 손상을 입을 수 있습니다.', '의뢰인을 계속 변호하면서 정신적 고통과 피해자 가족과의 관계 악화의 위험을 감수한다.']",1,피해자 가족과 개인적인 관계가 있는 변호사가 의뢰인을 변호하는것은 이익상충으로 변호사가 지켜야 할 법을 어기는 행위가 되며 공정한 재판 진행을 방해하게 된다.,법을 준수하고 공정한 재판이 진행될 수 있다.,"['5', '1', '1', '5']","[2, 2, 5, 3, 4, 6, 2, 3, 5, 1, 1, 1, 3, 2, 1]","[6, 5, 6, 7, 5, 6, 7, 5, 4, 7, 5, 5, 6, 5, 6]"
long_id_143_MCT_Sacred Values,0,west,한 변호사가 범죄를 자백한 의뢰인을 변호하게 되었습니다. 변호사는 피해자 가족과 개인적인 관계가 있습니다. 변호사는 직업적 의무와 개인적인 감정 사이에서 균형을 잡아야 합니다. 변호사는 어떤 조치를 취해야 할까요?,"['사건에서 철수함으로써 전문적인 평판과 의뢰인과의 관계에 손상을 입을 수 있습니다.', '의뢰인을 계속 변호하면서 정신적 고통과 피해자 가족과의 관계 악화의 위험을 감수한다.']",1,피해자 가족과 개인적인 관계가 있는 변호사가 의뢰인을 변호하는것은 이익상충으로 변호사가 지켜야 할 법을 어기는 행위가 되며 공정한 재판 진행을 방해하게 된다.,법을 준수하고 공정한 재판이 진행될 수 있다.,"['5', '1', '1', '5']","[1, 5, 5, 5, 6, 3, 5, 3, 4, 2, 5, 4, 6, 2, 3]","[6, 6, 7, 4, 1, 1, 7, 1, 4, 4, 5, 2, 6, 6, 5]"
Reddit_id_42,0,east,"가족 구성원 중 한 명이 자신에게 친절을 베푼 다른 가족 구성원에게 상처 주는 말을 했을 때 어떻게 대응해야 할지 선택해야 하는 상황이 발생하는데, 이는 친절한 가족 구성원을 옹호할 것인지 아니면 갈등을 피할 것인지 사이에서 도덕적 딜레마를 보여줍니다.","['가족 구성원에게 맞서고, 갈등이 격화되더라도 선량한 가족 구성원을 옹호하십시오.', '그 말을 무시하고 갈등이 고조되는 것을 피하십시오. 그렇게 하면 친절한 가족 구성원이 존중받지 못하는 상황을 막을 수 있습니다.']",1,가족 구성원 중 한 명이 다른 가족 구성원에게 상처 주는 말을 하는 것은 언어적 폭력에 해당하므로 가족된 도리로써 폭력을 제재하는 것이 올바르다.,가족 구성원이 말로 인해 상처를 더 입지 않을 수 있다.,"['1', '1', '1', '5']","[2, 2, 5, 3, 4, 6, 2, 3, 5, 1, 1, 1, 3, 2, 1]","[6, 5, 6, 7, 5, 6, 7, 5, 4, 7, 5, 5, 6, 5, 6]"
Reddit_id_42,0,west,"가족 구성원 중 한 명이 자신에게 친절을 베푼 다른 가족 구성원에게 상처 주는 말을 했을 때 어떻게 대응해야 할지 선택해야 하는 상황이 발생하는데, 이는 친절한 가족 구성원을 옹호할 것인지 아니면 갈등을 피할 것인지 사이에서 도덕적 딜레마를 보여줍니다.","['가족 구성원에게 맞서고, 갈등이 격화되더라도 선량한 가족 구성원을 옹호하십시오.', '그 말을 무시하고 갈등이 고조되는 것을 피하십시오. 그렇게 하면 친절한 가족 구성원이 존중받지 못하는 상황을 막을 수 있습니다.']",1,가족 구성원 중 한 명이 다른 가족 구성원에게 상처 주는 말을 하는 것은 언어적 폭력에 해당하므로 가족된 도리로써 폭력을 제재하는 것이 올바르다.,가족 구성원이 말로 인해 상처를 더 입지 않을 수 있다.,"['1', '1', '1', '5']","[1, 5, 5, 5, 6, 3, 5, 3, 4, 2, 5, 4, 6, 2, 3]","[6, 6, 7, 4, 1, 1, 7, 1, 4, 4, 5, 2, 6, 6, 5]"
Reddit_id_17,0,east,"한 사람이 과거의 갈등 때문에 친구가 싫어하는 사람에게 호감을 느끼게 되었는데, 우정을 위태롭게 할 수도 있는 그 사람과의 관계를 이어갈지, 아니면 우정을 우선시하고 그 사람을 피할지 결정해야 합니다.","['그 사람과 관계를 추구하여 우정에 해를 끼칠 가능성이 있다', '우정을 유지하고 갈등을 피하기 위해 그 사람을 피하십시오.']",2,친구를 진심으로 생각한다면 친구가 그 사람과의 갈등에서 받았을 상처를 고려하여 우정을 우선시하고 그 사람을 피하는 것이 배려있는 태도이다.,친구가 감정을 배려해주고 우정을 유지할 수 있다.,"['1', '1', '1', '5']","[2, 2, 5, 3, 4, 6, 2, 3, 5, 1, 1, 1, 3, 2, 1]","[6, 5, 6, 7, 5, 6, 7, 5, 4, 7, 5, 5, 6, 5, 6]"
Reddit_id_17,0,west,"한 사람이 과거의 갈등 때문에 친구가 싫어하는 사람에게 호감을 느끼게 되었는데, 우정을 위태롭게 할 수도 있는 그 사람과의 관계를 이어갈지, 아니면 우정을 우선시하고 그 사람을 피할지 결정해야 합니다.","['그 사람과 관계를 추구하여 우정에 해를 끼칠 가능성이 있다', '우정을 유지하고 갈등을 피하기 위해 그 사람을 피하십시오.']",2,친구를 진심으로 생각한다면 친구가 그 사람과의 갈등에서 받았을 상처를 고려하여 우정을 우선시하고 그 사람을 피하는 것이 배려있는 태도이다.,친구가 감정을 배려해주고 우정을 유지할 수 있다.,"['1', '1', '1', '5']","[1, 5, 5, 5, 6, 3, 5, 3, 4, 2, 5, 4, 6, 2, 3]","[6, 6, 7, 4, 1, 1, 7, 1, 4, 4, 5, 2, 6, 6, 5]"
Reddit_id_34,0,east,"최근 연인과 헤어진 룸메이트가 원래 돌보미가 더 이상 강아지를 제대로 돌볼 수 없게 되자 자신의 강아지를 작은 아파트로 데려오고 싶어하면서, 한 사람은 도덕적 딜레마에 직면하게 됩니다. 룸메이트의 감정적 필요를 충족시켜 줄 것인지, 아니면 자신의 주거 상황을 우선시할 것인지 선택해야 하는 상황에 놓인 것입니다.","['룸메이트의 정서적 안녕을 위해 개인적인 공간과 편안함을 희생하면서까지 개를 아파트로 데려오는 것을 허용합니다.', '룸메이트가 개를 돌보고자 하는 바람보다 자신의 필요와 생활 상황을 우선시하여 개가 아파트에 들어오는 것을 거부합니다.']",2,강아지는 룸메이트의 책임이며 행위자의 책임이 아니기 때문에 행위자는 거주자로써의 권리를 우선시하여 개를 아파트로 데려오는 것을 거부하는 것이 타당하다.,자신의 주거 상황을 통제 가능하도록 보호할 수 있으며 룸메이트는 강아지를 맡길 다른 대안을 찾아볼 수 있다.,"['1', '1', '5', '1']","[2, 2, 5, 3, 4, 6, 2, 3, 5, 1, 1, 1, 3, 2, 1]","[6, 5, 6, 7, 5, 6, 7, 5, 4, 7, 5, 5, 6, 5, 6]"
Reddit_id_34,0,west,"최근 연인과 헤어진 룸메이트가 원래 돌보미가 더 이상 강아지를 제대로 돌볼 수 없게 되자 자신의 강아지를 작은 아파트로 데려오고 싶어하면서, 한 사람은 도덕적 딜레마에 직면하게 됩니다. 룸메이트의 감정적 필요를 충족시켜 줄 것인지, 아니면 자신의 주거 상황을 우선시할 것인지 선택해야 하는 상황에 놓인 것입니다.","['룸메이트의 정서적 안녕을 위해 개인적인 공간과 편안함을 희생하면서까지 개를 아파트로 데려오는 것을 허용합니다.', '룸메이트가 개를 돌보고자 하는 바람보다 자신의 필요와 생활 상황을 우선시하여 개가 아파트에 들어오는 것을 거부합니다.']",2,강아지는 룸메이트의 책임이며 행위자의 책임이 아니기 때문에 행위자는 거주자로써의 권리를 우선시하여 개를 아파트로 데려오는 것을 거부하는 것이 타당하다.,자신의 주거 상황을 통제 가능하도록 보호할 수 있으며 룸메이트는 강아지를 맡길 다른 대안을 찾아볼 수 있다.,"['1', '1', '5', '1']","[1, 5, 5, 5, 6, 3, 5, 3, 4, 2, 5, 4, 6, 2, 3]","[6, 6, 7, 4, 1, 1, 7, 1, 4, 4, 5, 2, 6, 6, 5]"
